# klaverjas spoor; spellen=200; zaad=1
1;1;0;2;2;A;8
1;1;1;3;2;V;40
1;1;2;4;3;T;69
1;1;3;1;2;T;38
1;2;0;2;0;T;63
1;2;1;3;0;8;34
1;2;2;4;3;V;69
1;2;3;1;0;A;46
1;3;0;1;1;9;7
1;3;1;4;1;T;40
1;3;2;3;3;B;69
1;3;3;2;1;A;3
1;4;0;1;1;H;58
1;4;1;4;2;7;53
1;4;2;3;2;B;69
1;4;3;2;1;8;38
1;5;0;3;0;V;9
1;5;1;4;0;7;40
1;5;2;1;0;H;36
1;5;3;2;0;9;38
1;6;0;1;1;B;58
1;6;1;4;2;H;53
1;6;2;3;2;8;53
1;6;3;2;3;7;53
1;7;0;3;0;B;9
1;7;1;4;3;A;53
1;7;2;1;3;9;68
1;7;3;2;3;8;53
1;8;0;3;2;9;5
1;8;1;4;1;V;65
1;8;2;1;1;7;35
1;8;3;2;3;H;68
1;=;1;111;41;0;10
2;1;0;1;0;T;10
2;1;1;4;0;9;40
2;1;2;3;0;H;6
2;1;3;2;0;A;46
2;2;0;2;2;T;7
2;2;1;3;2;7;34
2;2;2;4;2;V;22
2;2;3;1;2;B;38
2;3;0;2;3;T;10
2;3;1;3;0;B;53
2;3;2;4;3;9;6
2;3;3;1;3;B;30
2;4;0;3;1;A;9
2;4;1;4;1;9;40
2;4;2;1;1;8;4
2;4;3;2;3;H;29
2;5;0;4;3;V;57
2;5;1;3;2;H;53
2;5;2;2;3;A;36
2;5;3;1;3;7;3
2;6;0;4;0;V;13
2;6;1;3;2;8;53
2;6;2;2;0;7;4
2;6;3;1;3;8;29
2;7;0;3;1;H;9
2;7;1;4;2;A;53
2;7;2;1;1;T;4
2;7;3;2;2;9;53
2;8;0;1;1;V;8
2;8;1;4;1;B;40
2;8;2;3;1;7;36
2;8;3;2;0;8;53
2;=;3;79;73;30;20
3;1;0;2;3;H;7
3;1;1;3;3;T;18
3;1;2;4;3;B;6
3;1;3;1;3;A;38
3;2;0;4;2;9;5
3;2;1;3;3;8;65
3;2;2;2;2;7;34
3;2;3;1;2;V;3
3;3;0;3;3;V;57
3;3;1;4;3;7;40
3;3;2;1;2;H;68
3;3;3;2;2;8;53
3;4;0;3;1;T;7
3;4;1;4;1;H;40
3;4;2;1;1;B;4
3;4;3;2;1;V;38
3;5;0;3;1;9;9
3;5;1;4;0;9;53
3;5;2;1;1;7;4
3;5;3;2;0;8;53
3;6;0;3;1;8;9
3;6;1;4;0;B;53
3;6;2;1;1;A;36
3;6;3;2;2;B;53
3;7;0;1;2;A;8
3;7;1;4;0;V;53
3;7;2;3;0;7;53
3;7;3;2;2;T;38
3;8;0;1;0;H;47
3;8;1;4;0;T;40
3;8;2;3;3;9;28
3;8;3;2;0;A;38
3;=;3;107;45;60;0
4;1;0;3;0;T;57
4;1;1;4;0;7;40
4;1;2;1;0;9;67
4;1;3;2;2;8;53
4;2;0;3;2;T;7
4;2;1;4;2;9;40
4;2;2;1;2;7;36
4;2;3;2;2;H;3
4;3;0;3;2;A;9
4;3;1;4;3;7;53
4;3;2;1;1;9;68
4;3;3;2;2;B;38
4;4;0;3;0;V;7
4;4;1;4;0;H;40
4;4;2;1;0;A;6
4;4;3;2;1;V;53
4;5;0;3;2;V;9
4;5;1;4;3;B;53
4;5;2;1;1;8;68
4;5;3;2;3;H;53
4;6;0;1;0;B;56
4;6;1;4;3;V;53
4;6;2;3;1;7;53
4;6;3;2;1;H;53
4;7;0;3;1;B;5
4;7;1;4;0;8;65
4;7;2;1;3;8;53
4;7;3;2;1;T;3
4;8;0;4;3;A;9
4;8;1;3;3;9;40
4;8;2;2;1;A;53
4;8;3;1;3;T;38
4;=;0;108;44;40;10
5;1;0;4;1;A;7
5;1;1;3;1;B;34
5;1;2;2;1;T;4
5;1;3;1;1;7;3
5;2;0;4;3;8;7
5;2;1;3;3;A;40
5;2;2;2;3;9;6
5;2;3;1;3;7;38
5;3;0;4;3;B;57
5;3;1;3;2;9;53
5;3;2;2;3;T;36
5;3;3;1;1;8;53
5;4;0;4;2;8;13
5;4;1;3;2;A;16
5;4;2;2;2;7;36
5;4;3;1;2;V;3
5;5;0;3;1;H;9
5;5;1;4;0;7;53
5;5;2;1;1;V;36
5;5;3;2;1;9;38
5;6;0;3;2;H;9
5;6;1;4;0;B;53
5;6;2;1;2;T;36
5;6;3;2;0;8;53
5;7;0;1;0;A;8
5;7;1;4;0;H;40
5;7;2;3;2;B;53
5;7;3;2;0;9;3
5;8;0;1;0;V;14
5;8;1;4;3;H;65
5;8;2;3;3;V;35
5;8;3;2;0;T;38
5;=;3;54;98;0;50
6;1;0;3;0;V;7
6;1;1;4;2;9;53
6;1;2;1;0;B;6
6;1;3;2;0;9;3
6;2;0;1;0;A;58
6;2;1;4;2;B;53
6;2;2;3;0;8;36
6;2;3;2;0;H;38
6;3;0;3;1;9;62
6;3;1;4;3;V;53
6;3;2;1;1;T;6
6;3;3;2;1;A;46
6;4;0;4;3;A;11
6;4;1;3;3;8;34
6;4;2;2;2;V;68
6;4;3;1;3;7;3
6;5;0;4;3;9;13
6;5;1;3;3;B;40
6;5;2;2;2;7;53
6;5;3;1;3;H;38
6;6;0;3;1;H;7
6;6;1;4;3;T;53
6;6;2;1;1;V;4
6;6;3;2;1;8;3
6;7;0;1;0;7;5
6;7;1;4;0;T;40
6;7;2;3;2;H;53
6;7;3;2;2;T;68
6;8;0;4;2;A;9
6;8;1;3;2;8;40
6;8;2;2;1;B;53
6;8;3;1;1;7;53
6;=;0;77;75;0;10
7;1;0;4;2;T;62
7;1;1;3;0;9;53
7;1;2;2;2;9;6
7;1;3;1;2;B;30
7;2;0;3;1;A;7
7;2;1;4;1;T;40
7;2;2;1;1;V;4
7;2;3;2;1;H;38
7;3;0;1;2;A;58
7;3;1;4;2;8;40
7;3;2;3;3;H;69
7;3;3;2;3;8;53
7;4;0;1;1;B;8
7;4;1;4;1;9;40
7;4;2;3;1;8;36
7;4;3;2;0;8;53
7;5;0;1;1;7;8
7;5;1;4;0;B;53
7;5;2;3;3;7;53
7;5;3;2;3;V;53
7;6;0;1;2;H;56
7;6;1;4;0;H;53
7;6;2;3;0;7;53
7;6;3;2;0;V;53
7;7;0;1;2;V;58
7;7;1;4;2;7;40
7;7;2;3;3;B;53
7;7;3;2;0;T;53
7;8;0;3;0;A;9
7;8;1;4;3;T;53
7;8;2;1;3;9;68
7;8;3;2;3;A;53
7;=;2;152;0;50;0
8;1;0;3;3;T;7
8;1;1;4;3;8;40
8;1;2;1;3;B;6
8;1;3;2;3;7;3
8;2;0;3;0;A;7
8;2;1;4;0;T;40
8;2;2;1;0;9;36
8;2;3;2;0;B;38
8;3;0;3;1;9;62
8;3;1;4;1;8;40
8;3;2;1;1;T;6
8;3;3;2;1;A;46
8;4;0;4;2;A;9
8;4;1;3;2;8;40
8;4;2;2;1;V;68
8;4;3;1;2;9;3
8;5;0;4;3;H;7
8;5;1;3;3;V;40
8;5;2;2;3;9;67
8;5;3;1;2;B;53
8;6;0;2;3;A;56
8;6;1;3;2;V;53
8;6;2;4;2;7;53
8;6;3;1;2;H;53
8;7;0;4;0;7;13
8;7;1;3;0;V;40
8;7;2;2;1;7;53
8;7;3;1;1;H;53
8;8;0;3;0;H;9
8;8;1;4;0;8;40
8;8;2;1;2;T;53
8;8;3;2;1;B;53
8;=;3;76;76;30;40
9;1;0;4;3;A;7
9;1;1;3;3;V;34
9;1;2;2;3;T;4
9;1;3;1;3;B;38
9;2;0;4;0;V;7
9;2;1;3;3;8;53
9;2;2;2;0;A;6
9;2;3;1;0;H;38
9;3;0;2;2;A;8
9;3;1;3;1;B;53
9;3;2;4;1;V;69
9;3;3;1;2;7;3
9;4;0;4;2;T;9
9;4;1;3;2;H;40
9;4;2;2;1;8;68
9;4;3;1;2;8;3
9;5;0;2;3;7;47
9;5;1;3;3;H;40
9;5;2;4;0;7;28
9;5;3;1;2;9;53
9;6;0;4;0;B;55
9;6;1;3;3;9;53
9;6;2;2;0;8;4
9;6;3;1;1;9;53
9;7;0;2;0;T;56
9;7;1;3;1;H;53
9;7;2;4;1;7;53
9;7;3;1;2;V;53
9;8;0;4;2;B;9
9;8;1;3;1;T;53
9;8;2;2;0;9;35
9;8;3;1;1;A;53
9;=;0;0;152;0;70
10;1;0;1;1;A;7
10;1;1;4;1;8;34
10;1;2;3;1;V;22
10;1;3;2;1;H;38
10;2;0;1;2;A;7
10;2;1;4;2;H;40
10;2;2;3;2;V;36
10;2;3;2;2;7;38
10;3;0;3;3;T;7
10;3;1;4;3;8;40
10;3;2;1;3;7;36
10;3;3;2;3;A;46
10;4;0;2;3;9;5
10;4;1;3;0;A;65
10;4;2;4;1;B;53
10;4;3;1;2;8;53
10;5;0;3;3;V;5
10;5;1;4;0;V;65
10;5;2;1;0;9;29
10;5;3;2;3;B;3
10;6;0;1;2;9;5
10;6;1;4;0;B;65
10;6;2;3;1;7;53
10;6;3;2;3;H;68
10;7;0;2;0;T;58
10;7;1;3;1;9;53
10;7;2;4;1;T;69
10;7;3;1;0;8;3
10;8;0;4;2;B;13
10;8;1;3;2;T;40
10;8;2;2;0;7;65
10;8;3;1;0;H;29
10;=;0;87;65;50;0
11;1;0;2;2;A;8
11;1;1;3;2;8;40
11;1;2;4;1;B;69
11;1;3;1;2;9;3
11;2;0;4;3;B;57
11;2;1;3;3;A;40
11;2;2;2;3;V;4
11;2;3;1;3;9;38
11;3;0;4;1;7;13
11;3;1;3;1;A;16
11;3;2;2;1;8;23
11;3;3;1;0;T;68
11;4;0;3;0;7;5
11;4;1;4;3;7;65
11;4;2;1;0;8;23
11;4;3;2;2;7;53
11;5;0;4;1;9;13
11;5;1;3;1;V;40
11;5;2;2;1;H;49
11;5;3;1;2;B;53
11;6;0;4;2;H;13
11;6;1;3;0;9;53
11;6;2;2;2;V;36
11;6;3;1;0;V;53
11;7;0;2;1;T;14
11;7;1;3;0;B;53
11;7;2;4;3;8;35
11;7;3;1;0;H;53
11;8;0;4;3;T;55
11;8;1;3;2;T;53
11;8;2;2;3;H;36
11;8;3;1;0;A;53
11;=;3;21;131;0;10
12;1;0;1;3;V;7
12;1;1;4;3;H;40
12;1;2;3;3;A;6
12;1;3;2;2;9;53
12;2;0;1;1;A;8
12;2;1;4;1;7;40
12;2;2;3;0;8;69
12;2;3;2;1;8;3
12;3;0;3;3;B;55
12;3;1;4;2;B;53
12;3;2;1;3;9;4
12;3;3;2;1;9;53
12;4;0;1;3;T;56
12;4;1;4;0;B;53
12;4;2;3;3;7;36
12;4;3;2;0;7;53
12;5;0;3;3;8;55
12;5;1;4;2;H;53
12;5;2;1;2;T;68
12;5;3;2;0;9;53
12;6;0;3;2;7;13
12;6;1;4;0;T;53
12;6;2;1;2;V;36
12;6;3;2;1;V;53
12;7;0;3;2;8;13
12;7;1;4;0;A;53
12;7;2;1;1;B;53
12;7;3;2;1;H;53
12;8;0;1;0;H;8
12;8;1;4;2;A;53
12;8;2;3;0;V;36
12;8;3;2;1;T;53
12;=;3;152;0;50;0
13;1;0;2;1;8;10
13;1;1;3;1;V;40
13;1;2;4;1;T;6
13;1;3;1;1;9;38
13;2;0;4;2;T;9
13;2;1;3;2;7;40
13;2;2;2;2;A;36
13;2;3;1;2;9;3
13;3;0;2;0;9;7
13;3;1;3;0;A;34
13;3;2;4;0;B;6
13;3;3;1;0;7;38
13;4;0;2;3;A;8
13;4;1;3;3;9;40
13;4;2;4;3;7;36
13;4;3;1;3;B;3
13;5;0;4;2;8;5
13;5;1;3;0;H;65
13;5;2;2;3;8;53
13;5;3;1;2;V;32
13;6;0;1;3;T;8
13;6;1;4;1;7;53
13;6;2;3;1;B;53
13;6;3;2;3;H;38
13;7;0;3;0;T;57
13;7;1;4;2;B;53
13;7;2;1;2;H;68
13;7;3;2;0;8;3
13;8;0;3;1;A;13
13;8;1;4;1;H;40
13;8;2;1;3;V;53
13;8;3;2;0;V;29
13;=;0;39;113;0;30
14;1;0;3;2;H;7
14;1;1;4;2;7;34
14;1;2;1;2;B;6
14;1;3;2;2;9;3
14;2;0;3;3;7;2
14;2;1;4;3;T;40
14;2;2;1;3;A;6
14;2;3;2;3;8;3
14;3;0;3;1;A;9
14;3;1;4;1;7;34
14;3;2;1;1;B;36
14;3;3;2;2;V;29
14;4;0;2;0;A;8
14;4;1;3;0;9;34
14;4;2;4;1;T;69
14;4;3;1;0;V;3
14;5;0;2;0;7;41
14;5;1;3;0;T;40
14;5;2;4;2;8;45
14;5;3;1;0;H;38
14;6;0;4;3;9;13
14;6;1;3;1;V;53
14;6;2;2;3;H;49
14;6;3;1;3;B;38
14;7;0;4;1;9;13
14;7;1;3;1;H;40
14;7;2;2;0;8;53
14;7;3;1;2;T;35
14;8;0;3;1;8;9
14;8;1;4;0;B;53
14;8;2;1;2;A;35
14;8;3;2;3;V;53
14;=;2;89;63;10;0
15;1;0;2;1;V;7
15;1;1;3;1;8;40
15;1;2;4;1;B;6
15;1;3;1;1;7;3
15;2;0;4;1;9;57
15;2;1;3;3;9;53
15;2;2;2;1;A;36
15;2;3;1;1;H;3
15;3;0;4;3;7;13
15;3;1;3;2;7;53
15;3;2;2;3;8;23
15;3;3;1;3;T;38
15;4;0;3;0;T;7
15;4;1;4;0;B;40
15;4;2;1;0;V;4
15;4;3;2;2;9;53
15;5;0;3;0;A;9
15;5;1;4;2;8;53
15;5;2;1;0;7;4
15;5;3;2;3;V;53
15;6;0;3;0;9;9
15;6;1;4;2;B;53
15;6;2;1;0;8;4
15;6;3;2;2;V;53
15;7;0;3;3;A;9
15;7;1;4;3;H;40
15;7;2;1;0;H;53
15;7;3;2;2;H;53
15;8;0;3;3;B;9
15;8;1;4;2;A;53
15;8;2;1;1;T;35
15;8;3;2;2;T;53
15;=;1;100;52;30;0
16;1;0;1;2;T;7
16;1;1;4;2;7;34
16;1;2;3;1;V;53
16;1;3;2;2;8;3
16;2;0;3;0;7;7
16;2;1;4;0;8;40
16;2;2;1;0;9;6
16;2;3;2;0;T;38
16;3;0;3;0;V;7
16;3;1;4;3;9;53
16;3;2;1;0;B;67
16;3;3;2;3;7;53
16;4;0;1;2;A;7
16;4;1;4;2;9;40
16;4;2;3;2;V;36
16;4;3;2;2;H;38
16;5;0;1;0;A;56
16;5;1;4;3;8;53
16;5;2;3;3;H;53
16;5;3;2;1;7;53
16;6;0;1;0;H;56
16;6;1;4;1;8;53
16;6;2;3;3;T;69
16;6;3;2;1;9;53
16;7;0;3;1;H;13
16;7;1;4;2;B;53
16;7;2;1;1;T;4
16;7;3;2;1;A;38
16;8;0;4;3;A;9
16;8;1;3;3;B;40
16;8;2;2;3;V;36
16;8;3;1;1;B;53
16;=;0;107;45;70;10
17;1;0;2;0;8;7
17;1;1;3;2;7;53
17;1;2;4;0;9;6
17;1;3;1;0;V;3
17;2;0;4;3;A;7
17;2;1;3;3;T;40
17;2;2;2;3;V;36
17;2;3;1;3;B;3
17;3;0;4;0;A;57
17;3;1;3;1;8;53
17;3;2;2;0;B;36
17;3;3;1;0;7;38
17;4;0;4;3;8;5
17;4;1;3;0;T;65
17;4;2;2;1;9;53
17;4;3;1;3;H;38
17;5;0;3;1;A;9
17;5;1;4;1;B;40
17;5;2;1;2;8;53
17;5;3;2;1;V;3
17;6;0;1;2;A;7
17;6;1;4;3;7;53
17;6;2;3;2;V;36
17;6;3;2;2;T;3
17;7;0;3;1;H;13
17;7;1;4;3;9;53
17;7;2;1;2;9;53
17;7;3;2;1;T;38
17;8;0;2;2;H;8
17;8;1;3;1;7;53
17;8;2;4;0;H;35
17;8;3;1;2;B;38
17;=;0;54;98;0;30
18;1;0;3;2;B;57
18;1;1;4;2;8;40
18;1;2;1;2;T;4
18;1;3;2;2;7;38
18;2;0;3;3;7;13
18;2;1;4;3;A;16
18;2;2;1;3;V;36
18;2;3;2;3;B;38
18;3;0;4;0;H;5
18;3;1;3;2;V;65
18;3;2;2;0;8;34
18;3;3;1;1;7;53
18;4;0;1;1;H;54
18;4;1;4;1;V;40
18;4;2;3;2;A;12
18;4;3;2;1;A;38
18;5;0;3;3;8;13
18;5;1;4;3;H;40
18;5;2;1;2;H;29
18;5;3;2;0;9;53
18;6;0;3;3;9;13
18;6;1;4;1;B;53
18;6;2;1;1;8;53
18;6;3;2;0;B;53
18;7;0;3;3;T;9
18;7;1;4;0;A;53
18;7;2;1;1;9;53
18;7;3;2;0;V;53
18;8;0;1;1;T;8
18;8;1;4;0;7;53
18;8;2;3;2;9;35
18;8;3;2;0;T;53
18;=;2;136;16;30;0
19;1;0;2;2;A;8
19;1;1;3;2;H;34
19;1;2;4;3;7;69
19;1;3;1;2;8;3
19;2;0;2;2;7;41
19;2;1;3;2;T;40
19;2;2;4;1;9;45
19;2;3;1;2;B;38
19;3;0;4;0;A;7
19;3;1;3;0;9;40
19;3;2;2;0;8;4
19;3;3;1;0;7;3
19;4;0;2;2;9;5
19;4;1;3;1;8;65
19;4;2;4;1;V;28
19;4;3;1;1;H;29
19;5;0;1;3;A;7
19;5;1;4;3;9;40
19;5;2;3;3;B;22
19;5;3;2;3;8;3
19;6;0;1;0;T;8
19;6;1;4;0;B;40
19;6;2;3;3;V;53
19;6;3;2;0;H;38
19;7;0;1;1;B;58
19;7;1;4;1;A;40
19;7;2;3;1;7;36
19;7;3;2;1;T;38
19;8;0;3;2;V;9
19;8;1;4;0;V;53
19;8;2;1;3;H;68
19;8;3;2;3;T;53
19;=;1;100;52;30;20
20;1;0;3;3;8;13
20;1;1;4;3;B;40
20;1;2;1;3;9;36
20;1;3;2;3;7;38
20;2;0;4;1;A;7
20;2;1;3;1;7;40
20;2;2;2;1;V;4
20;2;3;1;1;T;3
20;3;0;2;2;T;62
20;3;1;3;2;V;34
20;3;2;4;3;H;69
20;3;3;1;2;8;3
20;4;0;2;0;B;58
20;4;1;3;0;7;40
20;4;2;4;0;H;36
20;4;3;1;0;8;3
20;5;0;4;1;8;13
20;5;1;3;2;H;53
20;5;2;2;1;9;36
20;5;3;1;1;H;38
20;6;0;1;0;9;58
20;6;1;4;1;B;53
20;6;2;3;3;T;69
20;6;3;2;0;V;3
20;7;0;3;2;9;13
20;7;1;4;2;A;40
20;7;2;1;2;B;36
20;7;3;2;2;7;38
20;8;0;2;0;A;58
20;8;1;3;3;A;53
20;8;2;4;3;V;53
20;8;3;1;0;T;38
20;=;0;37;115;0;30
21;1;0;2;3;A;2
21;1;1;3;3;T;40
21;1;2;4;2;H;69
21;1;3;1;3;B;38
21;2;0;4;0;8;7
21;2;1;3;0;7;40
21;2;2;2;0;B;6
21;2;3;1;0;A;3
21;3;0;2;3;V;63
21;3;1;3;1;7;53
21;3;2;4;1;B;53
21;3;3;1;0;9;29
21;4;0;3;2;T;7
21;4;1;4;2;V;40
21;4;2;1;2;B;4
21;4;3;2;2;9;38
21;5;0;3;1;H;5
21;5;1;4;0;V;65
21;5;2;1;1;8;34
21;5;3;2;1;V;3
21;6;0;4;3;H;9
21;6;1;3;3;7;40
21;6;2;2;1;T;51
21;6;3;1;2;7;53
21;7;0;4;3;9;9
21;7;1;3;2;8;53
21;7;2;2;0;H;35
21;7;3;1;1;9;53
21;8;0;4;3;8;9
21;8;1;3;1;A;53
21;8;2;2;0;T;35
21;8;3;1;2;A;53
21;=;0;34;118;50;10
22;1;0;1;2;9;1
22;1;1;4;2;T;40
22;1;2;3;2;A;6
22;1;3;2;3;A;29
22;2;0;2;0;B;54
22;2;1;3;0;V;40
22;2;2;4;3;7;12
22;2;3;1;0;H;38
22;3;0;4;1;7;13
22;3;1;3;1;9;40
22;3;2;2;1;H;49
22;3;3;1;1;A;46
22;4;0;1;3;B;58
22;4;1;4;2;8;53
22;4;2;3;0;T;69
22;4;3;2;3;V;38
22;5;0;1;3;9;58
22;5;1;4;2;V;53
22;5;2;3;2;7;53
22;5;3;2;1;8;53
22;6;0;3;2;H;9
22;6;1;4;1;T;53
22;6;2;1;2;B;36
22;6;3;2;0;7;53
22;7;0;3;3;T;55
22;7;1;4;1;V;53
22;7;2;1;3;H;36
22;7;3;2;0;8;53
22;8;0;1;1;B;8
22;8;1;4;0;A;53
22;8;2;3;3;8;35
22;8;3;2;0;9;53
22;=;3;111;41;10;20
23;1;0;2;3;H;7
23;1;1;3;3;V;40
23;1;2;4;3;A;6
23;1;3;1;2;7;53
23;2;0;4;3;8;7
23;2;1;3;3;7;40
23;2;2;2;3;9;67
23;2;3;1;1;7;53
23;3;0;2;0;A;7
23;3;1;3;0;H;40
23;3;2;4;0;V;36
23;3;3;1;0;8;38
23;4;0;4;2;A;9
23;4;1;3;2;V;40
23;4;2;2;2;8;4
23;4;3;1;2;B;3
23;5;0;4;0;T;7
23;5;1;3;0;9;40
23;5;2;2;0;B;36
23;5;3;1;1;B;53
23;6;0;4;0;7;9
23;6;1;3;1;9;53
23;6;2;2;1;8;68
23;6;3;1;1;V;53
23;7;0;2;2;9;47
23;7;1;3;2;H;40
23;7;2;4;3;T;28
23;7;3;1;2;T;38
23;8;0;2;3;B;56
23;8;1;3;1;A;53
23;8;2;4;1;T;69
23;8;3;1;1;H;53
23;=;3;0;152;0;110
24;1;0;3;3;T;7
24;1;1;4;1;B;53
24;1;2;1;3;V;4
24;1;3;2;3;7;3
24;2;0;1;3;A;8
24;2;1;4;1;9;53
24;2;2;3;3;8;36
24;2;3;2;3;B;3
24;3;0;3;3;9;13
24;3;1;4;0;V;53
24;3;2;1;1;7;53
24;3;3;2;3;H;38
24;4;0;4;0;A;9
24;4;1;3;0;8;40
24;4;2;2;0;B;36
24;4;3;1;2;7;29
24;5;0;3;1;8;13
24;5;1;4;0;9;53
24;5;2;1;1;H;36
24;5;3;2;1;A;46
24;6;0;4;0;H;5
24;6;1;3;2;8;65
24;6;2;2;2;H;64
24;6;3;1;2;T;29
24;7;0;3;1;T;13
24;7;1;4;0;7;53
24;7;2;1;2;V;35
24;7;3;2;1;V;38
24;8;0;3;2;B;57
24;8;1;4;0;T;53
24;8;2;1;2;A;36
24;8;3;2;2;9;38
24;=;2;130;22;10;0
25;1;0;2;0;B;58
25;1;1;3;2;7;53
25;1;2;4;2;H;69
25;1;3;1;0;V;3
25;2;0;2;0;9;58
25;2;1;3;1;B;53
25;2;2;4;2;V;69
25;2;3;1;0;T;3
25;3;0;4;2;9;13
25;3;1;3;2;A;40
25;3;2;2;2;T;36
25;3;3;1;2;B;24
25;4;0;1;3;H;1
25;4;1;4;3;T;40
25;4;2;3;3;A;6
25;4;3;2;3;7;3
25;5;0;3;1;H;7
25;5;1;4;1;9;40
25;5;2;1;1;T;4
25;5;3;2;1;7;3
25;6;0;1;0;A;58
25;6;1;4;0;7;34
25;6;2;3;3;B;53
25;6;3;2;3;8;53
25;7;0;3;3;V;5
25;7;1;4;0;8;65
25;7;2;1;2;8;53
25;7;3;2;3;9;38
25;8;0;4;0;H;55
25;8;1;3;1;V;53
25;8;2;2;1;8;68
25;8;3;1;1;A;53
25;=;0;75;77;20;10
26;1;0;1;0;H;7
26;1;1;4;0;V;40
26;1;2;3;0;B;6
26;1;3;2;0;9;39
26;2;0;3;0;A;57
26;2;1;4;1;7;53
26;2;2;1;0;8;36
26;2;3;2;0;T;38
26;3;0;3;1;H;11
26;3;1;4;2;V;53
26;3;2;1;1;B;4
26;3;3;2;1;8;3
26;4;0;3;3;7;13
26;4;1;4;3;A;40
26;4;2;1;3;H;36
26;4;3;2;3;B;3
26;5;0;4;2;T;7
26;5;1;3;2;7;40
26;5;2;2;2;8;36
26;5;3;1;2;B;3
26;6;0;2;3;T;7
26;6;1;3;3;V;34
26;6;2;4;3;9;36
26;6;3;1;2;9;53
26;7;0;4;2;A;13
26;7;1;3;0;7;65
26;7;2;2;1;9;53
26;7;3;1;2;H;38
26;8;0;3;3;8;9
26;8;1;4;1;A;53
26;8;2;1;1;T;68
26;8;3;2;1;V;53
26;=;0;110;42;50;0
27;1;0;2;2;A;8
27;1;1;3;1;8;53
27;1;2;4;2;8;36
27;1;3;1;2;H;38
27;2;0;4;0;V;7
27;2;1;3;0;8;40
27;2;2;2;0;B;6
27;2;3;1;0;T;38
27;3;0;2;2;T;8
27;3;1;3;1;9;53
27;3;2;4;1;T;69
27;3;3;1;3;8;53
27;4;0;4;2;B;13
27;4;1;3;3;T;53
27;4;2;2;2;9;36
27;4;3;1;3;9;53
27;5;0;4;3;V;13
27;5;1;3;3;A;40
27;5;2;2;3;7;23
27;5;3;1;3;B;38
27;6;0;3;1;7;5
27;6;1;4;0;7;65
27;6;2;1;1;B;23
27;6;3;2;3;H;53
27;7;0;4;2;V;9
27;7;1;3;1;A;53
27;7;2;2;0;H;35
27;7;3;1;1;V;53
27;8;0;4;0;9;55
27;8;1;3;2;7;53
27;8;2;2;0;A;36
27;8;3;1;1;H;53
27;=;0;16;136;0;30
28;1;0;3;3;H;7
28;1;1;4;1;8;53
28;1;2;1;3;B;6
28;1;3;2;3;9;3
28;2;0;1;1;B;41
28;2;1;4;1;T;40
28;2;2;3;3;7;45
28;2;3;2;1;7;3
28;3;0;3;0;T;9
28;3;1;4;0;8;40
28;3;2;1;0;V;4
28;3;3;2;0;H;38
28;4;0;3;3;A;57
28;4;1;4;2;9;53
28;4;2;1;3;8;36
28;4;3;2;3;V;38
28;5;0;3;0;7;13
28;5;1;4;2;B;53
28;5;2;1;0;A;36
28;5;3;2;1;9;53
28;6;0;3;0;9;13
28;6;1;4;1;H;53
28;6;2;1;2;7;53
28;6;3;2;1;V;53
28;7;0;3;0;B;13
28;7;1;4;2;A;53
28;7;2;1;2;8;53
28;7;3;2;2;T;53
28;8;0;3;2;H;5
28;8;1;4;3;T;65
28;8;2;1;2;V;36
28;8;3;2;1;A;53
28;=;3;124;28;0;10
29;1;0;4;1;A;7
29;1;1;3;1;V;40
29;1;2;2;1;9;67
29;1;3;1;1;7;3
29;2;0;2;1;B;58
29;2;1;3;3;9;53
29;2;2;4;1;8;36
29;2;3;1;1;T;38
29;3;0;4;0;8;13
29;3;1;3;0;H;16
29;3;2;2;0;T;36
29;3;3;1;0;A;46
29;4;0;3;2;7;13
29;4;1;4;2;A;16
29;4;2;1;2;9;23
29;4;3;2;3;T;68
29;5;0;4;0;V;9
29;5;1;3;0;9;40
29;5;2;2;3;7;68
29;5;3;1;0;7;3
29;6;0;4;2;T;9
29;6;1;3;2;H;40
29;6;2;2;3;H;68
29;6;3;1;2;B;38
29;7;0;4;2;V;9
29;7;1;3;2;8;40
29;7;2;2;3;V;68
29;7;3;1;3;8;53
29;8;0;4;3;A;13
29;8;1;3;1;H;65
29;8;2;2;3;B;36
29;8;3;1;0;B;68
29;=;1;44;108;10;0
30;1;0;3;2;8;7
30;1;1;4;2;T;40
30;1;2;1;2;9;6
30;1;3;2;2;A;39
30;2;0;3;1;A;7
30;2;1;4;1;9;34
30;2;2;1;1;V;36
30;2;3;2;1;B;38
30;3;0;3;2;V;7
30;3;1;4;3;7;53
30;3;2;1;2;B;67
30;3;3;2;2;7;38
30;4;0;3;0;H;7
30;4;1;4;3;V;53
30;4;2;1;0;A;4
30;4;3;2;0;7;3
30;5;0;1;0;T;7
30;5;1;4;1;H;53
30;5;2;3;0;8;36
30;5;3;2;0;B;3
30;6;0;1;2;H;56
30;6;1;4;1;T;53
30;6;2;3;3;T;69
30;6;3;2;0;9;53
30;7;0;3;3;H;13
30;7;1;4;3;A;40
30;7;2;1;3;8;23
30;7;3;2;3;B;38
30;8;0;2;0;V;8
30;8;1;3;1;8;53
30;8;2;4;1;7;53
30;8;3;1;3;9;53
30;=;2;132;20;20;10
31;1;0;2;3;A;7
31;1;1;3;3;H;40
31;1;2;4;3;V;36
31;1;3;1;3;9;3
31;2;0;2;0;V;7
31;2;1;3;0;T;42
31;2;2;4;0;B;6
31;2;3;1;2;7;53
31;3;0;4;0;9;57
31;3;1;3;0;8;34
31;3;2;2;3;T;68
31;3;3;1;2;9;53
31;4;0;4;1;B;5
31;4;1;3;0;H;65
31;4;2;2;1;7;36
31;4;3;1;1;V;32
31;5;0;3;2;T;7
31;5;1;4;2;8;40
31;5;2;1;2;B;4
31;5;3;2;2;H;3
31;6;0;1;1;A;8
31;6;1;4;1;8;34
31;6;2;3;1;H;36
31;6;3;2;3;7;53
31;7;0;3;0;A;57
31;7;1;4;0;7;40
31;7;2;1;3;B;68
31;7;3;2;3;8;53
31;8;0;1;2;A;8
31;8;1;4;1;T;53
31;8;2;3;1;9;53
31;8;3;2;2;V;38
31;=;0;77;75;10;40
32;1;0;1;1;V;7
32;1;1;4;3;7;53
32;1;2;3;1;9;6
32;1;3;2;1;7;3
32;2;0;1;1;A;58
32;2;1;4;0;9;53
32;2;2;3;3;V;69
32;2;3;2;1;8;3
32;3;0;1;1;B;58
32;3;1;4;2;H;53
32;3;2;3;3;H;69
32;3;3;2;1;H;3
32;4;0;3;0;8;13
32;4;1;4;2;T;53
32;4;2;1;0;7;4
32;4;3;2;0;H;38
32;5;0;4;2;A;9
32;5;1;3;3;9;53
32;5;2;2;2;7;4
32;5;3;1;2;B;38
32;6;0;4;2;8;9
32;6;1;3;3;B;53
32;6;2;2;2;9;4
32;6;3;1;3;8;53
32;7;0;4;3;A;9
32;7;1;3;0;B;53
32;7;2;2;2;V;53
32;7;3;1;3;T;38
32;8;0;4;0;A;1
32;8;1;3;0;T;40
32;8;2;2;1;T;35
32;8;3;1;0;V;38
32;=;1;63;89;0;10
33;1;0;2;0;V;7
33;1;1;3;3;9;53
33;1;2;4;0;A;6
33;1;3;1;0;H;38
33;2;0;2;0;7;7
33;2;1;3;0;T;40
33;2;2;4;0;9;6
33;2;3;1;3;8;53
33;3;0;2;3;A;7
33;3;1;3;3;T;40
33;3;2;4;3;V;22
33;3;3;1;3;B;38
33;4;0;2;0;B;56
33;4;1;3;2;H;53
33;4;2;4;3;7;53
33;4;3;1;2;8;53
33;5;0;4;0;8;55
33;5;1;3;1;T;53
33;5;2;2;2;T;68
33;5;3;1;1;7;53
33;6;0;4;2;9;13
33;6;1;3;2;A;40
33;6;2;2;2;7;23
33;6;3;1;2;V;38
33;7;0;3;1;H;7
33;7;1;4;1;B;40
33;7;2;1;1;V;4
33;7;3;2;1;8;38
33;8;0;3;1;A;9
33;8;1;4;3;H;53
33;8;2;1;1;9;36
33;8;3;2;2;B;53
33;=;0;40;112;30;60
34;1;0;1;3;V;7
34;1;1;4;1;7;53
34;1;2;3;3;B;6
34;1;3;2;3;7;3
34;2;0;3;0;A;7
34;2;1;4;0;8;40
34;2;2;1;0;7;36
34;2;3;2;0;B;3
34;3;0;3;3;A;57
34;3;1;4;1;8;53
34;3;2;1;3;9;66
34;3;3;2;3;H;3
34;4;0;3;2;7;13
34;4;1;4;2;T;40
34;4;2;1;2;8;23
34;4;3;2;2;A;38
34;5;0;4;1;A;1
34;5;1;3;1;T;40
34;5;2;2;0;9;53
34;5;3;1;1;9;3
34;6;0;2;3;T;58
34;6;1;3;2;B;53
34;6;2;4;1;B;53
34;6;3;1;3;8;38
34;7;0;4;0;V;9
34;7;1;3;2;H;53
34;7;2;2;0;T;4
34;7;3;1;2;V;53
34;8;0;4;2;9;9
34;8;1;3;1;H;53
34;8;2;2;0;H;53
34;8;3;1;1;V;53
34;=;3;65;87;0;10
35;1;0;2;3;B;7
35;1;1;3;3;V;34
35;1;2;4;2;T;69
35;1;3;1;3;8;3
35;2;0;2;3;9;58
35;2;1;3;3;H;40
35;2;2;4;1;T;52
35;2;3;1;3;T;38
35;3;0;4;0;9;5
35;3;1;3;3;7;65
35;3;2;2;0;8;23
35;3;3;1;0;T;24
35;4;0;3;2;A;9
35;4;1;4;1;9;53
35;4;2;1;2;8;4
35;4;3;2;2;9;3
35;5;0;1;0;H;63
35;5;1;4;2;H;53
35;5;2;3;2;7;53
35;5;3;2;0;A;46
35;6;0;4;1;A;9
35;6;1;3;1;V;40
35;6;2;2;1;8;36
35;6;3;1;1;7;38
35;7;0;4;1;H;9
35;7;1;3;1;B;40
35;7;2;2;2;V;68
35;7;3;1;2;B;53
35;8;0;4;0;7;5
35;8;1;3;3;A;65
35;8;2;2;0;B;36
35;8;3;1;0;V;38
35;=;3;37;115;30;0
36;1;0;1;2;A;8
36;1;1;4;2;7;34
36;1;2;3;2;9;36
36;1;3;2;0;A;29
36;2;0;4;1;A;9
36;2;1;3;3;9;53
36;2;2;2;1;8;4
36;2;3;1;1;7;3
36;3;0;4;3;B;13
36;3;1;3;3;V;16
36;3;2;2;3;7;23
36;3;3;1;1;B;53
36;4;0;3;1;T;9
36;4;1;4;2;B;53
36;4;2;1;0;7;35
36;4;3;2;1;9;3
36;5;0;1;0;B;58
36;5;1;4;2;8;53
36;5;2;3;3;T;69
36;5;3;2;0;H;38
36;6;0;3;3;A;9
36;6;1;4;3;H;40
36;6;2;1;0;8;35
36;6;3;2;3;8;38
36;7;0;3;0;V;55
36;7;1;4;2;H;53
36;7;2;1;0;9;67
36;7;3;2;1;V;53
36;8;0;1;0;T;56
36;8;1;4;2;T;53
36;8;2;3;2;V;53
36;8;3;2;1;H;53
36;=;0;119;33;10;0
37;1;0;4;1;T;7
37;1;1;3;1;V;40
37;1;2;2;1;B;6
37;1;3;1;1;A;38
37;2;0;4;3;H;2
37;2;1;3;3;T;40
37;2;2;2;3;A;6
37;2;3;1;3;7;3
37;3;0;4;2;9;13
37;3;1;3;2;B;40
37;3;2;2;2;H;36
37;3;3;1;2;A;46
37;4;0;1;0;A;7
37;4;1;4;0;V;40
37;4;2;3;0;7;22
37;4;3;2;0;8;3
37;5;0;1;2;7;5
37;5;1;4;2;T;40
37;5;2;3;0;9;53
37;5;3;2;0;H;68
37;6;0;4;1;9;55
37;6;1;3;2;8;53
37;6;2;2;1;8;4
37;6;3;1;3;8;53
37;7;0;4;1;7;55
37;7;1;3;0;B;53
37;7;2;2;1;H;36
37;7;3;1;2;V;53
37;8;0;4;3;9;13
37;8;1;3;3;V;40
37;8;2;2;3;B;36
37;8;3;1;0;T;68
37;=;1;46;106;10;20
38;1;0;3;3;H;7
38;1;1;4;3;9;40
38;1;2;1;3;A;4
38;1;3;2;3;V;38
38;2;0;1;3;T;8
38;2;1;4;2;8;53
38;2;2;3;3;7;36
38;2;3;2;1;V;29
38;3;0;2;1;B;7
38;3;1;3;1;7;34
38;3;2;4;3;B;69
38;3;3;1;1;8;3
38;4;0;4;2;A;9
38;4;1;3;2;7;40
38;4;2;2;2;B;36
38;4;3;1;2;H;3
38;5;0;4;2;9;5
38;5;1;3;1;9;65
38;5;2;2;0;8;53
38;5;3;1;2;T;38
38;6;0;3;0;A;9
38;6;1;4;0;9;40
38;6;2;1;0;B;36
38;6;3;2;0;V;3
38;7;0;3;3;8;13
38;7;1;4;2;V;53
38;7;2;1;1;H;35
38;7;3;2;1;A;29
38;8;0;4;0;T;13
38;8;1;3;0;7;40
38;8;2;2;0;H;36
38;8;3;1;1;T;29
38;=;1;82;70;30;0
39;1;0;2;3;7;7
39;1;1;3;2;7;53
39;1;2;4;3;9;6
39;1;3;1;3;8;38
39;2;0;4;2;A;9
39;2;1;3;2;H;40
39;2;2;2;0;9;68
39;2;3;1;2;8;3
39;3;0;4;3;V;7
39;3;1;3;3;H;40
39;3;2;2;3;A;6
39;3;3;1;2;9;53
39;4;0;4;2;V;9
39;4;1;3;1;7;53
39;4;2;2;0;T;51
39;4;3;1;1;8;53
39;5;0;4;0;A;9
39;5;1;3;0;7;40
39;5;2;2;1;9;68
39;5;3;1;0;8;3
39;6;0;4;2;B;9
39;6;1;3;1;V;53
39;6;2;2;1;T;51
39;6;3;1;0;V;53
39;7;0;4;2;T;9
39;7;1;3;1;B;53
39;7;2;2;3;T;35
39;7;3;1;0;H;53
39;8;0;4;0;B;9
39;8;1;3;1;H;53
39;8;2;2;3;B;35
39;8;3;1;1;A;53
39;=;3;0;152;0;70
40;1;0;1;2;8;7
40;1;1;4;2;7;40
40;1;2;3;2;9;6
40;1;3;2;3;9;53
40;2;0;1;2;B;56
40;2;1;4;1;B;53
40;2;2;3;0;V;69
40;2;3;2;1;7;53
40;3;0;3;2;A;55
40;3;1;4;0;B;53
40;3;2;1;2;T;4
40;3;3;2;0;7;53
40;4;0;1;2;H;56
40;4;1;4;1;9;53
40;4;2;3;3;8;53
40;4;3;2;3;H;53
40;5;0;3;2;V;55
40;5;1;4;1;V;53
40;5;2;1;3;T;68
40;5;3;2;1;H;53
40;6;0;3;0;8;13
40;6;1;4;0;T;40
40;6;2;1;3;7;53
40;6;3;2;0;A;46
40;7;0;4;3;A;9
40;7;1;3;3;B;40
40;7;2;2;1;T;51
40;7;3;1;3;V;38
40;8;0;2;0;H;8
40;8;1;3;1;A;53
40;8;2;4;0;9;36
40;8;3;1;1;8;53
40;=;2;90;62;20;10
41;1;0;2;0;H;7
41;1;1;3;2;8;53
41;1;2;4;0;B;6
41;1;3;1;0;T;3
41;2;0;4;2;A;7
41;2;1;3;2;9;34
41;2;2;2;2;V;36
41;2;3;1;2;T;38
41;3;0;4;3;7;2
41;3;1;3;3;T;40
41;3;2;2;3;A;6
41;3;3;1;3;B;3
41;4;0;4;1;B;13
41;4;1;3;1;H;16
41;4;2;2;1;7;36
41;4;3;1;1;V;24
41;5;0;1;0;V;7
41;5;1;4;0;7;40
41;5;2;3;0;9;6
41;5;3;2;0;A;3
41;6;0;3;1;9;13
41;6;1;4;1;T;40
41;6;2;1;1;A;49
41;6;3;2;0;8;29
41;7;0;2;3;H;8
41;7;1;3;2;H;53
41;7;2;4;3;8;36
41;7;3;1;3;V;38
41;8;0;4;2;B;9
41;8;1;3;2;7;40
41;8;2;2;3;9;53
41;8;3;1;1;8;53
41;=;0;37;115;20;10
42;1;0;3;3;T;7
42;1;1;4;3;7;34
42;1;2;1;3;B;6
42;1;3;2;3;9;38
42;2;0;1;3;8;7
42;2;1;4;3;V;40
42;2;2;3;3;H;6
42;2;3;2;2;7;53
42;3;0;3;0;A;7
42;3;1;4;0;7;40
42;3;2;1;0;8;36
42;3;3;2;0;V;3
42;4;0;3;0;H;9
42;4;1;4;2;8;53
42;4;2;1;1;V;68
42;4;3;2;0;9;38
42;5;0;3;0;B;9
42;5;1;4;2;H;53
42;5;2;1;2;V;68
42;5;3;2;1;8;53
42;6;0;3;0;T;9
42;6;1;4;1;T;53
42;6;2;1;2;B;68
42;6;3;2;1;B;53
42;7;0;1;3;A;56
42;7;1;4;1;9;53
42;7;2;3;2;T;52
42;7;3;2;1;H;53
42;8;0;3;1;7;13
42;8;1;4;1;A;40
42;8;2;1;2;9;53
42;8;3;2;2;A;53
42;=;3;130;22;40;10
43;1;0;2;1;A;7
43;1;1;3;1;B;40
43;1;2;4;1;H;36
43;1;3;1;1;T;3
43;2;0;2;2;B;58
43;2;1;3;1;7;53
43;2;2;4;2;7;22
43;2;3;1;0;7;53
43;3;0;4;3;A;7
43;3;1;3;0;V;53
43;3;2;2;3;H;4
43;3;3;1;3;T;3
43;4;0;2;1;8;54
43;4;1;3;1;9;40
43;4;2;4;2;V;12
43;4;3;1;1;V;38
43;5;0;2;0;B;54
43;5;1;3;0;T;34
43;5;2;4;2;8;12
43;5;3;1;0;8;3
43;6;0;2;2;H;1
43;6;1;3;2;T;40
43;6;2;4;2;9;6
43;6;3;1;0;9;53
43;7;0;4;3;8;13
43;7;1;3;0;A;53
43;7;2;2;3;7;4
43;7;3;1;3;V;38
43;8;0;1;0;H;8
43;8;1;4;3;B;53
43;8;2;3;2;A;35
43;8;3;2;3;9;53
43;=;2;31;121;10;0
44;1;0;3;1;A;7
44;1;1;4;1;8;34
44;1;2;1;1;V;36
44;1;3;2;1;9;3
44;2;0;3;0;V;7
44;2;1;4;0;8;40
44;2;2;1;0;B;6
44;2;3;2;0;9;3
44;3;0;1;3;A;8
44;3;1;4;3;B;40
44;3;2;3;3;V;36
44;3;3;2;3;7;3
44;4;0;3;0;A;57
44;4;1;4;1;7;53
44;4;2;1;2;H;68
44;4;3;2;0;T;38
44;5;0;3;0;H;55
44;5;1;4;2;V;53
44;5;2;1;2;9;68
44;5;3;2;3;8;53
44;6;0;3;3;T;9
44;6;1;4;1;T;53
44;6;2;1;3;9;4
44;6;3;2;2;B;53
44;7;0;1;3;H;8
44;7;1;4;2;T;53
44;7;2;3;2;8;53
44;7;3;2;1;B;53
44;8;0;1;2;7;47
44;8;1;4;2;A;40
44;8;2;3;0;7;28
44;8;3;2;1;H;53
44;=;0;152;0;10;0
45;1;0;2;2;T;7
45;1;1;3;2;V;40
45;1;2;4;2;9;22
45;1;3;1;2;7;3
45;2;0;4;2;A;9
45;2;1;3;1;7;53
45;2;2;2;3;T;68
45;2;3;1;2;8;38
45;3;0;2;0;A;58
45;3;1;3;3;V;53
45;3;2;4;0;7;36
45;3;3;1;0;V;38
45;4;0;2;0;B;58
45;4;1;3;1;V;53
45;4;2;4;3;8;53
45;4;3;1;3;7;53
45;5;0;4;2;H;9
45;5;1;3;1;T;53
45;5;2;2;3;9;68
45;5;3;1;1;9;53
45;6;0;4;2;B;9
45;6;1;3;3;A;53
45;6;2;2;0;8;35
45;6;3;1;3;B;53
45;7;0;2;0;T;58
45;7;1;3;0;H;40
45;7;2;4;1;8;53
45;7;3;1;3;H;53
45;8;0;2;0;9;56
45;8;1;3;1;A;53
45;8;2;4;1;B;53
45;8;3;1;1;H;53
45;=;0;0;152;0;10
46;1;0;3;1;T;7
46;1;1;4;1;7;34
46;1;2;1;0;B;68
46;1;3;2;1;B;3
46;2;0;3;1;A;9
46;2;1;4;1;9;40
46;2;2;1;0;9;68
46;2;3;2;1;H;38
46;3;0;1;0;A;7
46;3;1;4;0;V;40
46;3;2;3;0;8;36
46;3;3;2;0;7;3
46;4;0;3;2;A;57
46;4;1;4;3;8;53
46;4;2;1;2;9;66
46;4;3;2;3;7;53
46;5;0;3;2;B;57
46;5;1;4;2;8;40
46;5;2;1;2;7;4
46;5;3;2;3;B;53
46;6;0;3;1;8;13
46;6;1;4;3;H;53
46;6;2;1;3;9;53
46;6;3;2;3;V;53
46;7;0;3;1;V;9
46;7;1;4;3;A;53
46;7;2;1;2;V;35
46;7;3;2;0;H;53
46;8;0;1;2;H;5
46;8;1;4;2;T;40
46;8;2;3;3;T;53
46;8;3;2;0;T;68
46;=;2;118;34;0;10
47;1;0;2;1;7;41
47;1;1;3;1;A;40
47;1;2;4;0;H;45
47;1;3;1;1;8;34
47;2;0;2;1;T;8
47;2;1;3;1;H;40
47;2;2;4;3;T;52
47;2;3;1;1;B;3
47;3;0;4;3;B;5
47;3;1;3;0;8;65
47;3;2;2;3;H;36
47;3;3;1;3;7;32
47;4;0;1;2;T;7
47;4;1;4;2;9;40
47;4;2;3;2;8;22
47;4;3;2;0;7;29
47;5;0;4;3;V;5
47;5;1;3;0;V;65
47;5;2;2;0;T;29
47;5;3;1;3;8;38
47;6;0;4;3;A;9
47;6;1;3;3;9;40
47;6;2;2;1;9;68
47;6;3;1;2;7;53
47;7;0;4;2;V;13
47;7;1;3;2;A;40
47;7;2;2;0;A;29
47;7;3;1;2;B;38
47;8;0;4;2;H;5
47;8;1;3;0;B;65
47;8;2;2;0;9;35
47;8;3;1;1;V;68
47;=;0;47;105;10;20
48;1;0;1;0;B;7
48;1;1;4;0;9;40
48;1;2;3;1;7;69
48;1;3;2;0;T;38
48;2;0;1;0;8;5
48;2;1;4;0;7;40
48;2;2;3;3;7;53
48;2;3;2;2;8;53
48;3;0;3;1;T;7
48;3;1;4;3;9;53
48;3;2;1;1;V;4
48;3;3;2;1;B;38
48;4;0;1;1;A;8
48;4;1;4;1;9;40
48;4;2;3;3;8;53
48;4;3;2;2;9;53
48;5;0;1;1;H;8
48;5;1;4;2;V;53
48;5;2;3;2;7;53
48;5;3;2;2;B;53
48;6;0;3;3;B;5
48;6;1;4;0;A;65
48;6;2;1;3;V;36
48;6;3;2;3;A;32
48;7;0;2;3;H;8
48;7;1;3;1;8;53
48;7;2;4;2;H;53
48;7;3;1;0;V;29
48;8;0;1;0;H;56
48;8;1;4;2;A;53
48;8;2;3;2;T;69
48;8;3;2;3;T;53
48;=;0;125;27;50;0
49;1;0;2;0;A;8
49;1;1;3;0;H;40
49;1;2;4;0;8;22
49;1;3;1;0;B;3
49;2;0;4;1;A;7
49;2;1;3;1;B;34
49;2;2;2;2;9;68
49;2;3;1;1;V;3
49;3;0;2;2;A;8
49;3;1;3;2;8;34
49;3;2;4;1;7;53
49;3;3;1;2;B;3
49;4;0;2;3;A;63
49;4;1;3;2;V;53
49;4;2;4;3;7;36
49;4;3;1;3;8;3
49;5;0;4;3;B;57
49;5;1;3;2;H;53
49;5;2;2;3;9;4
49;5;3;1;3;H;38
49;6;0;2;3;T;58
49;6;1;3;0;V;53
49;6;2;4;1;9;53
49;6;3;1;2;T;53
49;7;0;2;2;7;8
49;7;1;3;1;H;53
49;7;2;4;0;9;53
49;7;3;1;1;T;53
49;8;0;4;3;V;55
49;8;1;3;1;8;53
49;8;2;2;0;7;68
49;8;3;1;0;T;53
49;=;3;0;152;0;10
50;1;0;3;2;A;9
50;1;1;4;2;8;34
50;1;2;1;2;7;36
50;1;3;2;3;7;65
50;2;0;2;0;A;8
50;2;1;3;2;9;53
50;2;2;4;0;9;22
50;2;3;1;0;V;3
50;3;0;4;0;B;5
50;3;1;3;3;9;65
50;3;2;2;0;7;34
50;3;3;1;0;H;38
50;4;0;1;3;A;58
50;4;1;4;3;H;40
50;4;2;3;2;V;53
50;4;3;2;1;7;53
50;5;0;3;1;A;9
50;5;1;4;1;8;40
50;5;2;1;1;V;36
50;5;3;2;1;9;3
50;6;0;3;3;T;55
50;6;1;4;2;B;53
50;6;2;1;3;B;66
50;6;3;2;0;8;53
50;7;0;1;3;V;56
50;7;1;4;2;T;53
50;7;2;3;2;H;53
50;7;3;2;1;B;53
50;8;0;1;3;8;56
50;8;1;4;0;T;53
50;8;2;3;1;H;53
50;8;3;2;1;T;53
50;=;3;127;25;10;0
51;1;0;4;1;V;7
51;1;1;3;1;H;19
51;1;2;2;1;B;6
51;1;3;1;1;7;39
51;2;0;2;1;8;7
51;2;1;3;1;A;40
51;2;2;4;1;9;6
51;2;3;1;1;T;38
51;3;0;4;3;T;7
51;3;1;3;3;B;40
51;3;2;2;3;7;4
51;3;3;1;3;9;38
51;4;0;4;2;A;9
51;4;1;3;2;8;34
51;4;2;2;0;7;68
51;4;3;1;2;B;38
51;5;0;4;3;H;9
51;5;1;3;2;9;53
51;5;2;2;3;A;36
51;5;3;1;0;8;53
51;6;0;2;0;A;8
51;6;1;3;2;H;53
51;6;2;4;2;7;53
51;6;3;1;0;9;3
51;7;0;2;0;T;8
51;7;1;3;3;V;53
51;7;2;4;3;8;53
51;7;3;1;0;B;3
51;8;0;4;2;V;13
51;8;1;3;2;T;40
51;8;2;2;0;V;53
51;8;3;1;0;H;68
51;=;1;20;132;10;80
52;1;0;1;0;B;58
52;1;1;4;0;8;34
52;1;2;3;0;A;36
52;1;3;2;3;7;53
52;2;0;3;3;T;11
52;2;1;4;3;8;40
52;2;2;1;2;T;68
52;2;3;2;3;A;46
52;3;0;4;1;B;7
52;3;1;3;2;7;53
52;3;2;2;1;T;4
52;3;3;1;1;7;3
52;4;0;2;2;A;8
52;4;1;3;2;9;40
52;4;2;4;1;H;69
52;4;3;1;2;8;3
52;5;0;4;1;8;5
52;5;1;3;0;9;65
52;5;2;2;1;V;34
52;5;3;1;1;9;38
52;6;0;3;3;9;5
52;6;1;4;0;7;65
52;6;2;1;0;V;29
52;6;3;2;3;B;38
52;7;0;3;3;V;5
52;7;1;4;0;T;65
52;7;2;1;2;V;53
52;7;3;2;2;H;68
52;8;0;4;2;B;9
52;8;1;3;3;H;53
52;8;2;2;1;A;53
52;8;3;1;0;H;29
52;=;0;74;78;10;0
53;1;0;4;0;A;9
53;1;1;3;2;8;53
53;1;2;2;0;8;4
53;1;3;1;0;7;3
53;2;0;2;3;A;8
53;2;1;3;3;B;34
53;2;2;4;0;B;69
53;2;3;1;3;7;38
53;3;0;2;3;T;8
53;3;1;3;3;H;40
53;3;2;4;2;B;69
53;3;3;1;1;7;29
53;4;0;1;2;9;5
53;4;1;4;2;7;40
53;4;2;3;2;V;32
53;4;3;2;1;V;29
53;5;0;4;1;B;57
53;5;1;3;1;8;40
53;5;2;2;1;H;4
53;5;3;1;1;9;38
53;6;0;2;3;V;8
53;6;1;3;0;H;53
53;6;2;4;3;8;36
53;6;3;1;0;9;53
53;7;0;4;1;T;55
53;7;1;3;2;T;53
53;7;2;2;1;A;36
53;7;3;1;2;H;53
53;8;0;4;0;T;9
53;8;1;3;3;9;53
53;8;2;2;0;V;36
53;8;3;1;2;A;53
53;=;1;16;136;0;10
54;1;0;3;3;T;7
54;1;1;4;3;7;34
54;1;2;1;3;9;6
54;1;3;2;2;V;53
54;2;0;1;3;B;58
54;2;1;4;3;8;34
54;2;2;3;0;9;69
54;2;3;2;1;V;53
54;3;0;3;2;A;9
54;3;1;4;2;B;40
54;3;2;1;2;7;4
54;3;3;2;2;H;38
54;4;0;1;1;A;8
54;4;1;4;1;B;40
54;4;2;3;2;T;69
54;4;3;2;1;H;3
54;5;0;1;0;T;63
54;5;1;4;0;8;40
54;5;2;3;0;7;36
54;5;3;2;0;A;46
54;6;0;2;1;T;7
54;6;1;3;1;8;40
54;6;2;4;3;H;35
54;6;3;1;1;7;34
54;7;0;2;0;H;8
54;7;1;3;2;9;53
54;7;2;4;3;V;35
54;7;3;1;2;8;53
54;8;0;2;0;V;8
54;8;1;3;0;B;40
54;8;2;4;3;A;35
54;8;3;1;1;9;53
54;=;3;94;58;0;10
55;1;0;2;3;B;58
55;1;1;3;0;8;53
55;1;2;4;2;H;69
55;1;3;1;3;8;3
55;2;0;2;3;9;58
55;2;1;3;0;7;53
55;2;2;4;3;T;36
55;2;3;1;3;A;38
55;3;0;2;3;H;56
55;3;1;3;0;B;53
55;3;2;4;2;7;53
55;3;3;1;1;7;53
55;4;0;2;3;V;56
55;4;1;3;1;8;53
55;4;2;4;2;8;53
55;4;3;1;1;V;53
55;5;0;2;3;7;56
55;5;1;3;2;V;53
55;5;2;4;2;B;53
55;5;3;1;1;H;53
55;6;0;4;2;9;13
55;6;1;3;0;H;53
55;6;2;2;1;9;53
55;6;3;1;2;A;38
55;7;0;3;0;A;9
55;7;1;4;0;V;40
55;7;2;1;1;T;53
55;7;3;2;0;T;38
55;8;0;3;2;T;9
55;8;1;4;0;9;53
55;8;2;1;1;A;53
55;8;3;2;1;B;53
55;=;3;72;80;10;0
56;1;0;3;3;T;7
56;1;1;4;3;9;40
56;1;2;1;3;B;6
56;1;3;2;3;7;39
56;2;0;3;1;A;7
56;2;1;4;1;T;40
56;2;2;1;1;9;4
56;2;3;2;1;H;3
56;3;0;3;2;A;7
56;3;1;4;2;H;40
56;3;2;1;2;B;4
56;3;3;2;2;8;3
56;4;0;1;3;A;58
56;4;1;4;0;8;53
56;4;2;3;0;H;69
56;4;3;2;3;8;3
56;5;0;3;1;7;13
56;5;1;4;0;9;53
56;5;2;1;1;B;36
56;5;3;2;1;8;38
56;6;0;3;0;7;13
56;6;1;4;0;V;40
56;6;2;1;0;A;36
56;6;3;2;0;T;38
56;7;0;3;0;B;13
56;7;1;4;2;9;53
56;7;2;1;2;7;53
56;7;3;2;3;H;29
56;8;0;4;2;T;13
56;8;1;3;1;V;53
56;8;2;2;2;V;36
56;8;3;1;3;V;29
56;=;3;146;6;30;0
57;1;0;2;1;B;7
57;1;1;3;1;V;40
57;1;2;4;3;7;69
57;1;3;1;1;8;3
57;2;0;4;3;A;7
57;2;1;3;3;8;34
57;2;2;2;3;T;36
57;2;3;1;3;B;3
57;3;0;4;0;A;9
57;3;1;3;3;9;53
57;3;2;2;0;8;4
57;3;3;1;0;B;38
57;4;0;2;1;9;58
57;4;1;3;2;7;53
57;4;2;4;1;7;36
57;4;3;1;1;T;3
57;5;0;4;2;V;13
57;5;1;3;2;A;16
57;5;2;2;2;9;36
57;5;3;1;2;B;3
57;6;0;1;1;A;58
57;6;1;4;0;V;53
57;6;2;3;2;8;53
57;6;3;2;1;H;38
57;7;0;3;2;H;9
57;7;1;4;3;H;53
57;7;2;1;2;T;36
57;7;3;2;0;9;53
57;8;0;1;3;V;8
57;8;1;4;0;T;53
57;8;2;3;0;7;53
57;8;3;2;0;H;53
57;=;1;69;83;10;0
58;1;0;1;2;7;7
58;1;1;4;2;T;40
58;1;2;3;2;9;6
58;1;3;2;2;V;38
58;2;0;3;3;A;9
58;2;1;4;0;9;53
58;2;2;1;3;B;36
58;2;3;2;3;9;3
58;3;0;1;1;H;63
58;3;1;4;0;B;53
58;3;2;3;3;V;69
58;3;3;2;1;A;46
58;4;0;2;3;T;8
58;4;1;3;3;H;40
58;4;2;4;1;9;53
58;4;3;1;2;A;29
58;5;0;1;1;T;8
58;5;1;4;0;T;53
58;5;2;3;0;8;53
58;5;3;2;1;7;3
58;6;0;3;1;V;9
58;6;1;4;3;8;53
58;6;2;1;1;B;36
58;6;3;2;1;8;38
58;7;0;1;0;7;47
58;7;1;4;0;A;40
58;7;2;3;2;8;28
58;7;3;2;0;V;3
58;8;0;1;2;B;56
58;8;1;4;3;7;53
58;8;2;3;2;H;36
58;8;3;2;0;H;53
58;=;2;132;20;10;0
59;1;0;2;1;T;7
59;1;1;3;1;8;40
59;1;2;4;1;V;36
59;1;3;1;1;B;38
59;2;0;2;2;T;7
59;2;1;3;2;9;40
59;2;2;4;3;7;69
59;2;3;1;2;A;46
59;3;0;3;0;H;7
59;3;1;4;0;T;18
59;3;2;1;0;B;6
59;3;3;2;0;A;3
59;4;0;1;3;A;7
59;4;1;4;3;B;40
59;4;2;3;3;V;22
59;4;3;2;3;9;3
59;5;0;3;3;H;5
59;5;1;4;0;8;65
59;5;2;1;2;8;53
59;5;3;2;3;T;38
59;6;0;4;2;H;9
59;6;1;3;2;7;40
59;6;2;2;1;9;68
59;6;3;1;2;B;3
59;7;0;4;0;V;57
59;7;1;3;1;7;53
59;7;2;2;0;9;36
59;7;3;1;0;7;38
59;8;0;4;3;8;9
59;8;1;3;1;H;53
59;8;2;2;1;A;53
59;8;3;1;2;V;53
59;=;0;82;70;0;30
60;1;0;3;2;A;7
60;1;1;4;2;9;34
60;1;2;1;2;B;4
60;1;3;2;2;7;38
60;2;0;1;0;T;62
60;2;1;4;0;B;40
60;2;2;3;3;H;69
60;2;3;2;0;A;46
60;3;0;4;3;9;5
60;3;1;3;1;H;65
60;3;2;2;3;7;34
60;3;3;1;3;B;38
60;4;0;1;1;T;7
60;4;1;4;3;V;53
60;4;2;3;1;B;6
60;4;3;2;1;V;38
60;5;0;3;1;A;55
60;5;1;4;2;V;53
60;5;2;1;1;7;4
60;5;3;2;3;8;53
60;6;0;3;1;9;55
60;6;1;4;2;8;53
60;6;2;1;1;8;36
60;6;3;2;0;7;53
60;7;0;3;3;A;1
60;7;1;4;3;T;40
60;7;2;1;2;H;68
60;7;3;2;0;V;53
60;8;0;3;0;8;13
60;8;1;4;2;T;53
60;8;2;1;0;9;36
60;8;3;2;0;H;38
60;=;1;111;41;20;10
61;1;0;2;1;H;1
61;1;1;3;1;T;40
61;1;2;4;1;B;6
61;1;3;1;1;8;38
61;2;0;2;0;T;63
61;2;1;3;0;V;34
61;2;2;4;2;V;69
61;2;3;1;0;A;46
61;3;0;1;3;A;8
61;3;1;4;3;9;40
61;3;2;3;0;H;69
61;3;3;2;3;8;3
61;4;0;1;2;8;5
61;4;1;4;2;B;40
61;4;2;3;2;7;34
61;4;3;2;0;8;53
61;5;0;2;3;H;8
61;5;1;3;2;9;53
61;5;2;4;2;T;69
61;5;3;1;3;7;38
61;6;0;2;3;B;5
61;6;1;3;1;9;65
61;6;2;4;1;7;35
61;6;3;1;2;H;68
61;7;0;1;0;7;5
61;7;1;4;1;V;65
61;7;2;3;2;A;53
61;7;3;2;3;T;68
61;8;0;4;0;B;9
61;8;1;3;3;V;53
61;8;2;2;1;A;35
61;8;3;1;0;9;38
61;=;1;62;90;0;10
62;1;0;1;3;9;10
62;1;1;4;2;8;53
62;1;2;3;3;T;6
62;1;3;2;3;A;46
62;2;0;2;2;9;1
62;2;1;3;2;T;40
62;2;2;4;2;A;6
62;2;3;1;2;7;38
62;3;0;4;1;H;7
62;3;1;3;1;8;34
62;3;2;2;1;7;36
62;3;3;1;1;B;38
62;4;0;2;0;B;58
62;4;1;3;0;7;40
62;4;2;4;2;H;69
62;4;3;1;0;8;3
62;5;0;4;2;B;13
62;5;1;3;1;V;53
62;5;2;2;2;V;36
62;5;3;1;0;V;29
62;6;0;3;3;H;9
62;6;1;4;1;T;53
62;6;2;1;0;T;35
62;6;3;2;3;7;34
62;7;0;1;0;A;58
62;7;1;4;0;H;40
62;7;2;3;3;8;53
62;7;3;2;3;B;53
62;8;0;1;0;9;56
62;8;1;4;1;A;53
62;8;2;3;1;9;53
62;8;3;2;3;V;53
62;=;0;80;72;10;0
63;1;0;4;2;8;7
63;1;1;3;2;9;18
63;1;2;2;2;B;6
63;1;3;1;2;H;38
63;2;0;2;3;A;8
63;2;1;3;3;B;40
63;2;2;4;3;9;36
63;2;3;1;3;8;3
63;3;0;4;2;T;57
63;3;1;3;2;7;40
63;3;2;2;2;A;66
63;3;3;1;1;9;53
63;4;0;2;2;V;56
63;4;1;3;0;9;53
63;4;2;4;0;8;69
63;4;3;1;1;B;53
63;5;0;4;1;7;13
63;5;1;3;1;A;16
63;5;2;2;1;8;36
63;5;3;1;1;V;3
63;6;0;3;1;H;9
63;6;1;4;0;7;53
63;6;2;1;1;T;36
63;6;3;2;0;V;53
63;7;0;3;3;T;9
63;7;1;4;0;B;53
63;7;2;1;3;V;36
63;7;3;2;3;H;38
63;8;0;3;3;7;9
63;8;1;4;0;A;53
63;8;2;1;0;T;68
63;8;3;2;0;H;53
63;=;2;75;77;10;0
64;1;0;1;2;7;7
64;1;1;4;2;H;40
64;1;2;3;2;B;6
64;1;3;2;2;V;38
64;2;0;1;1;A;8
64;2;1;4;0;8;53
64;2;2;3;0;9;69
64;2;3;2;1;9;3
64;3;0;3;3;H;11
64;3;1;4;3;B;40
64;3;2;1;3;T;4
64;3;3;2;3;8;3
64;4;0;3;1;8;5
64;4;1;4;2;8;65
64;4;2;1;1;7;34
64;4;3;2;1;B;3
64;5;0;4;0;H;5
64;5;1;3;2;T;65
64;5;2;2;0;T;34
64;5;3;1;0;B;38
64;6;0;3;3;9;13
64;6;1;4;3;A;40
64;6;2;1;3;7;36
64;6;3;2;3;V;38
64;7;0;4;0;A;13
64;7;1;3;2;A;65
64;7;2;2;0;V;36
64;7;3;1;1;H;53
64;8;0;3;0;7;5
64;8;1;4;2;9;65
64;8;2;1;1;T;53
64;8;3;2;1;V;68
64;=;2;109;43;40;10
65;1;0;2;2;A;8
65;1;1;3;2;7;34
65;1;2;4;0;T;52
65;1;3;1;2;H;38
65;2;0;2;2;T;8
65;2;1;3;2;B;40
65;2;2;4;0;H;69
65;2;3;1;3;8;29
65;3;0;1;3;B;58
65;3;1;4;3;H;34
65;3;2;3;3;7;36
65;3;3;2;3;A;38
65;4;0;1;3;9;2
65;4;1;4;3;T;40
65;4;2;3;0;8;69
65;4;3;2;2;9;53
65;5;0;3;1;T;7
65;5;1;4;1;7;34
65;5;2;1;1;A;36
65;5;3;2;1;8;3
65;6;0;3;0;A;9
65;6;1;4;0;V;40
65;6;2;1;0;9;4
65;6;3;2;0;7;38
65;7;0;1;0;B;8
65;7;1;4;1;9;53
65;7;2;3;2;8;53
65;7;3;2;1;V;53
65;8;0;1;3;V;56
65;8;1;4;2;V;53
65;8;2;3;1;B;53
65;8;3;2;1;H;53
65;=;3;127;25;10;0
66;1;0;3;1;A;7
66;1;1;4;1;7;34
66;1;2;1;0;B;68
66;1;3;2;1;V;3
66;2;0;1;3;B;58
66;2;1;4;3;8;34
66;2;2;3;1;B;69
66;2;3;2;3;V;38
66;3;0;1;3;9;58
66;3;1;4;3;A;40
66;3;2;3;0;V;69
66;3;3;2;2;B;53
66;4;0;1;3;T;58
66;4;1;4;3;H;40
66;4;2;3;2;7;53
66;4;3;2;2;H;53
66;5;0;1;0;A;8
66;5;1;4;2;V;53
66;5;2;3;0;9;36
66;5;3;2;0;H;3
66;6;0;3;2;9;5
66;6;1;4;3;7;65
66;6;2;1;2;8;36
66;6;3;2;2;T;38
66;7;0;4;1;H;9
66;7;1;3;1;8;34
66;7;2;2;1;T;36
66;7;3;1;0;7;53
66;8;0;4;2;A;9
66;8;1;3;1;9;53
66;8;2;2;0;T;53
66;8;3;1;0;8;53
66;=;3;107;45;0;30
67;1;0;4;2;T;7
67;1;1;3;3;8;53
67;1;2;2;2;B;6
67;1;3;1;2;9;38
67;2;0;2;1;A;8
67;2;1;3;1;H;34
67;2;2;4;1;7;36
67;2;3;1;1;8;38
67;3;0;2;0;H;8
67;3;1;3;3;9;53
67;3;2;4;3;H;69
67;3;3;1;0;A;46
67;4;0;3;1;9;13
67;4;1;4;1;B;40
67;4;2;1;3;7;53
67;4;3;2;0;9;53
67;5;0;2;0;T;7
67;5;1;3;0;V;40
67;5;2;4;3;B;53
67;5;3;1;0;7;3
67;6;0;2;2;A;58
67;6;1;3;3;T;53
67;6;2;4;2;7;36
67;6;3;1;0;8;53
67;7;0;2;2;H;58
67;7;1;3;2;8;40
67;7;2;4;3;V;53
67;7;3;1;0;B;53
67;8;0;2;2;V;56
67;8;1;3;1;T;53
67;8;2;4;1;V;53
67;8;3;1;3;A;53
67;=;2;19;133;0;30
68;1;0;3;0;A;2
68;1;1;4;0;9;40
68;1;2;1;0;B;6
68;1;3;2;0;V;38
68;2;0;1;2;H;10
68;2;1;4;3;7;53
68;2;2;3;2;V;6
68;2;3;2;2;8;3
68;3;0;3;2;A;9
68;3;1;4;1;7;53
68;3;2;1;3;V;68
68;3;3;2;2;B;38
68;4;0;1;1;A;8
68;4;1;4;1;B;40
68;4;2;3;3;T;52
68;4;3;2;1;V;3
68;5;0;3;0;H;55
68;5;1;4;2;7;53
68;5;2;1;0;7;4
68;5;3;2;3;B;53
68;6;0;3;0;T;55
68;6;1;4;2;T;53
68;6;2;1;0;8;36
68;6;3;2;3;H;53
68;7;0;3;3;8;13
68;7;1;4;3;A;40
68;7;2;1;3;9;36
68;7;3;2;1;T;68
68;8;0;4;2;9;9
68;8;1;3;1;8;53
68;8;2;2;1;H;53
68;8;3;1;1;9;53
68;=;0;127;25;0;10
69;1;0;4;3;H;7
69;1;1;3;3;T;18
69;1;2;2;3;A;6
69;1;3;1;3;8;38
69;2;0;2;3;B;58
69;2;1;3;3;V;40
69;2;2;4;2;H;69
69;2;3;1;2;9;53
69;3;0;2;0;A;8
69;3;1;3;2;8;53
69;3;2;4;0;V;22
69;3;3;1;0;9;3
69;4;0;2;3;9;56
69;4;1;3;2;7;53
69;4;2;4;0;H;69
69;4;3;1;1;7;53
69;5;0;2;3;7;56
69;5;1;3;1;9;53
69;5;2;4;1;8;53
69;5;3;1;1;B;53
69;6;0;4;0;7;13
69;6;1;3;2;B;53
69;6;2;2;0;8;23
69;6;3;1;0;T;38
69;7;0;3;1;A;7
69;7;1;4;1;H;40
69;7;2;1;1;T;36
69;7;3;2;1;V;38
69;8;0;1;2;A;8
69;8;1;4;2;V;40
69;8;2;3;2;T;36
69;8;3;2;0;B;53
69;=;3;66;86;30;0
70;1;0;3;0;H;7
70;1;1;4;0;V;40
70;1;2;1;0;9;6
70;1;3;2;0;7;39
70;2;0;1;1;A;7
70;2;1;4;1;V;40
70;2;2;3;1;H;22
70;2;3;2;1;8;3
70;3;0;1;2;A;8
70;3;1;4;2;7;40
70;3;2;3;3;9;53
70;3;3;2;2;B;38
70;4;0;3;0;B;57
70;4;1;4;0;8;40
70;4;2;1;0;T;36
70;4;3;2;0;A;38
70;5;0;3;1;T;9
70;5;1;4;3;7;53
70;5;2;1;2;H;68
70;5;3;2;1;9;3
70;6;0;3;2;9;13
70;6;1;4;2;T;40
70;6;2;1;2;V;23
70;6;3;2;1;B;68
70;7;0;4;3;T;9
70;7;1;3;1;7;53
70;7;2;2;3;B;4
70;7;3;1;3;8;38
70;8;0;2;3;A;7
70;8;1;3;3;H;40
70;8;2;4;3;V;36
70;8;3;1;2;8;53
70;=;0;107;45;40;30
71;1;0;2;1;8;7
71;1;1;3;0;7;53
71;1;2;4;1;B;6
71;1;3;1;1;T;3
71;2;0;2;2;A;7
71;2;1;3;2;H;40
71;2;2;4;3;7;69
71;2;3;1;2;B;3
71;3;0;4;1;9;57
71;3;1;3;2;9;53
71;3;2;2;1;V;4
71;3;3;1;1;A;38
71;4;0;4;3;T;7
71;4;1;3;3;V;40
71;4;2;2;3;B;4
71;4;3;1;0;9;53
71;5;0;4;3;A;9
71;5;1;3;0;V;53
71;5;2;2;3;8;4
71;5;3;1;0;B;53
71;6;0;4;3;H;9
71;6;1;3;2;8;53
71;6;2;2;3;9;36
71;6;3;1;2;V;53
71;7;0;2;0;8;47
71;7;1;3;0;A;40
71;7;2;4;1;7;28
71;7;3;1;0;H;38
71;8;0;4;0;T;9
71;8;1;3;2;7;53
71;8;2;2;1;H;35
71;8;3;1;2;T;53
71;=;1;0;152;0;30
72;1;0;3;1;A;9
72;1;1;4;3;8;53
72;1;2;1;1;8;4
72;1;3;2;1;7;3
72;2;0;3;0;B;57
72;2;1;4;0;8;40
72;2;2;1;0;V;4
72;2;3;2;0;7;38
72;3;0;3;1;T;9
72;3;1;4;2;7;53
72;3;2;1;1;H;36
72;3;3;2;1;9;38
72;4;0;3;3;B;5
72;4;1;4;0;T;65
72;4;2;1;3;7;34
72;4;3;2;3;9;38
72;5;0;4;2;B;13
72;5;1;3;1;B;53
72;5;2;2;2;8;23
72;5;3;1;2;H;38
72;6;0;3;3;T;13
72;6;1;4;0;9;65
72;6;2;1;3;H;36
72;6;3;2;2;V;68
72;7;0;4;2;T;13
72;7;1;3;1;V;53
72;7;2;2;2;9;23
72;7;3;1;0;H;29
72;8;0;3;3;A;9
72;8;1;4;3;V;40
72;8;2;1;0;A;35
72;8;3;2;2;A;53
72;=;0;109;43;10;0
73;1;0;2;1;V;7
73;1;1;3;1;A;40
73;1;2;4;1;B;6
73;1;3;1;1;9;38
73;2;0;4;2;A;9
73;2;1;3;2;7;34
73;2;2;2;2;V;4
73;2;3;1;2;8;3
73;3;0;4;3;8;62
73;3;1;3;3;H;40
73;3;2;2;3;T;6
73;3;3;1;3;A;46
73;4;0;3;0;A;9
73;4;1;4;0;V;34
73;4;2;1;0;7;4
73;4;3;2;0;9;38
73;5;0;1;0;T;8
73;5;1;4;0;H;40
73;5;2;3;2;T;69
73;5;3;2;1;8;29
73;6;0;4;1;H;57
73;6;1;3;2;9;53
73;6;2;2;1;T;36
73;6;3;1;3;9;53
73;7;0;4;0;8;5
73;7;1;3;1;7;65
73;7;2;2;3;7;53
73;7;3;1;2;B;68
73;8;0;3;3;V;9
73;8;1;4;0;B;53
73;8;2;1;3;B;36
73;8;3;2;2;H;53
73;=;1;52;100;10;0
74;1;0;1;2;T;7
74;1;1;4;2;8;40
74;1;2;3;3;H;69
74;1;3;2;2;V;3
74;2;0;1;0;B;58
74;2;1;4;0;8;34
74;2;2;3;0;7;22
74;2;3;2;0;A;38
74;3;0;1;0;V;5
74;3;1;4;0;9;40
74;3;2;3;0;H;36
74;3;3;2;3;V;68
74;4;0;2;1;A;63
74;4;1;3;2;7;53
74;4;2;4;1;7;22
74;4;3;1;1;8;3
74;5;0;4;1;B;13
74;5;1;3;2;B;53
74;5;2;2;3;9;53
74;5;3;1;1;T;46
74;6;0;3;3;A;9
74;6;1;4;1;V;53
74;6;2;1;3;8;36
74;6;3;2;3;B;38
74;7;0;3;3;7;5
74;7;1;4;0;T;65
74;7;2;1;1;9;53
74;7;3;2;2;H;68
74;8;0;4;1;H;9
74;8;1;3;3;T;53
74;8;2;2;2;9;68
74;8;3;1;2;A;53
74;=;0;78;74;0;30
75;1;0;4;1;A;9
75;1;1;3;1;H;40
75;1;2;2;3;V;68
75;1;3;1;1;9;3
75;2;0;2;0;A;8
75;2;1;3;0;B;40
75;2;2;4;1;8;53
75;2;3;1;0;V;3
75;3;0;2;2;8;7
75;3;1;3;2;7;40
75;3;2;4;2;B;6
75;3;3;1;2;9;38
75;4;0;4;2;A;57
75;4;1;3;3;7;53
75;4;2;2;2;V;36
75;4;3;1;3;8;53
75;5;0;4;3;A;7
75;5;1;3;3;B;40
75;5;2;2;3;9;36
75;5;3;1;3;T;38
75;6;0;4;1;V;13
75;6;1;3;1;T;16
75;6;2;2;0;7;53
75;6;3;1;1;B;38
75;7;0;3;3;H;5
75;7;1;4;2;H;65
75;7;2;1;0;H;53
75;7;3;2;0;9;68
75;8;0;4;2;T;55
75;8;1;3;1;7;53
75;8;2;2;0;8;68
75;8;3;1;0;T;53
75;=;2;15;137;20;50
76;1;0;3;3;A;7
76;1;1;4;3;H;40
76;1;2;1;3;V;4
76;1;3;2;3;8;38
76;2;0;1;2;A;8
76;2;1;4;2;8;34
76;2;2;3;3;T;69
76;2;3;2;2;9;38
76;3;0;3;1;T;11
76;3;1;4;1;V;40
76;3;2;1;1;9;67
76;3;3;2;1;B;30
76;4;0;4;2;B;13
76;4;1;3;3;7;53
76;4;2;2;0;8;53
76;4;3;1;2;V;46
76;5;0;1;1;A;58
76;5;1;4;1;8;34
76;5;2;3;0;7;53
76;5;3;2;1;7;38
76;6;0;3;3;B;5
76;6;1;4;1;H;65
76;6;2;1;3;9;36
76;6;3;2;0;T;68
76;7;0;4;0;H;7
76;7;1;3;0;9;40
76;7;2;2;0;V;4
76;7;3;1;0;B;38
76;8;0;2;0;A;8
76;8;1;3;2;T;53
76;8;2;4;2;H;53
76;8;3;1;2;7;53
76;=;1;55;97;20;80
77;1;0;2;0;V;7
77;1;1;3;0;8;40
77;1;2;4;0;A;6
77;1;3;1;0;7;38
77;2;0;2;2;A;7
77;2;1;3;2;B;34
77;2;2;4;2;9;36
77;2;3;1;2;8;3
77;3;0;4;3;A;9
77;3;1;3;1;9;53
77;3;2;2;3;9;4
77;3;3;1;3;7;3
77;4;0;2;0;B;58
77;4;1;3;2;V;53
77;4;2;4;0;H;36
77;4;3;1;3;8;53
77;5;0;2;0;9;56
77;5;1;3;1;V;53
77;5;2;4;1;7;53
77;5;3;1;1;B;53
77;6;0;4;3;B;13
77;6;1;3;1;H;53
77;6;2;2;3;V;36
77;6;3;1;3;T;38
77;7;0;3;2;T;13
77;7;1;4;3;H;53
77;7;2;1;2;H;36
77;7;3;2;2;7;38
77;8;0;3;1;A;13
77;8;1;4;0;T;65
77;8;2;1;1;T;36
77;8;3;2;1;8;38
77;=;0;37;115;20;10
78;1;0;3;1;T;11
78;1;1;4;1;V;40
78;1;2;1;1;9;36
78;1;3;2;1;7;38
78;2;0;3;1;A;9
78;2;1;4;1;8;40
78;2;2;1;2;H;68
78;2;3;2;0;9;29
78;3;0;2;2;8;5
78;3;1;3;2;V;40
78;3;2;4;2;7;34
78;3;3;1;3;7;53
78;4;0;3;1;H;5
78;4;1;4;0;T;65
78;4;2;1;0;A;29
78;4;3;2;3;B;53
78;5;0;3;3;V;13
78;5;1;4;3;9;40
78;5;2;1;3;8;36
78;5;3;2;3;T;46
78;6;0;4;2;9;5
78;6;1;3;0;8;65
78;6;2;2;2;B;23
78;6;3;1;0;7;35
78;7;0;3;1;B;9
78;7;1;4;3;A;53
78;7;2;1;0;V;35
78;7;3;2;3;H;53
78;8;0;3;0;B;55
78;8;1;4;2;A;53
78;8;2;1;0;H;36
78;8;3;2;2;T;53
78;=;0;110;42;10;20
79;1;0;2;3;9;7
79;1;1;3;3;T;34
79;1;2;4;3;B;6
79;1;3;1;3;7;38
79;2;0;4;3;V;7
79;2;1;3;3;8;40
79;2;2;2;3;H;67
79;2;3;1;0;7;53
79;3;0;4;0;A;7
79;3;1;3;0;8;40
79;3;2;2;0;H;36
79;3;3;1;0;V;38
79;4;0;2;1;A;7
79;4;1;3;1;8;34
79;4;2;4;1;V;36
79;4;3;1;1;B;3
79;5;0;4;2;7;62
79;5;1;3;2;V;16
79;5;2;2;2;T;6
79;5;3;1;2;A;46
79;6;0;3;1;T;9
79;6;1;4;2;9;53
79;6;2;1;1;H;36
79;6;3;2;1;7;3
79;7;0;3;2;8;9
79;7;1;4;0;B;53
79;7;2;1;2;B;4
79;7;3;2;3;A;29
79;8;0;2;1;9;8
79;8;1;3;0;T;53
79;8;2;4;0;9;53
79;8;3;1;2;H;53
79;=;3;38;114;0;70
80;1;0;1;2;A;7
80;1;1;4;2;7;34
80;1;2;3;2;9;36
80;1;3;2;2;B;3
80;2;0;1;0;B;58
80;2;1;4;0;A;40
80;2;2;3;1;B;69
80;2;3;2;0;8;3
80;3;0;3;3;A;9
80;3;1;4;3;V;40
80;3;2;1;3;8;36
80;3;3;2;3;T;38
80;4;0;3;3;7;13
80;4;1;4;1;7;53
80;4;2;1;1;8;53
80;4;3;2;0;V;65
80;5;0;2;1;T;63
80;5;1;3;3;9;53
80;5;2;4;2;V;53
80;5;3;1;1;V;3
80;6;0;4;2;H;5
80;6;1;3;0;9;65
80;6;2;2;2;8;34
80;6;3;1;1;H;68
80;7;0;1;0;T;58
80;7;1;4;0;H;40
80;7;2;3;3;B;53
80;7;3;2;1;9;53
80;8;0;3;3;H;9
80;8;1;4;1;A;53
80;8;2;1;0;7;35
80;8;3;2;2;T;53
80;=;0;133;19;10;0
81;1;0;4;2;T;7
81;1;1;3;2;7;34
81;1;2;2;2;8;4
81;1;3;1;2;B;38
81;2;0;4;3;H;7
81;2;1;3;3;9;40
81;2;2;2;3;B;6
81;2;3;1;3;8;3
81;3;0;2;0;T;63
81;3;1;3;0;B;34
81;3;2;4;2;H;69
81;3;3;1;0;A;46
81;4;0;3;3;T;57
81;4;1;4;3;7;40
81;4;2;1;3;A;66
81;4;3;2;1;8;53
81;5;0;3;0;H;9
81;5;1;4;1;7;53
81;5;2;1;0;7;36
81;5;3;2;0;V;38
81;6;0;1;3;V;56
81;6;1;4;1;9;53
81;6;2;3;2;9;53
81;6;3;2;1;H;53
81;7;0;3;0;8;13
81;7;1;4;0;9;40
81;7;2;1;1;V;53
81;7;3;2;2;A;53
81;8;0;4;2;V;9
81;8;1;3;1;B;53
81;8;2;2;1;A;53
81;8;3;1;1;T;53
81;=;3;62;90;0;10
82;1;0;1;1;A;7
82;1;1;4;1;7;34
82;1;2;3;2;8;69
82;1;3;2;1;V;3
82;2;0;3;3;T;7
82;2;1;4;1;8;53
82;2;2;1;3;B;6
82;2;3;2;3;A;3
82;3;0;1;0;T;10
82;3;1;4;0;V;40
82;3;2;3;0;H;6
82;3;3;2;0;A;46
82;4;0;2;3;9;7
82;4;1;3;3;V;34
82;4;2;4;2;B;53
82;4;3;1;3;7;38
82;5;0;4;2;9;13
82;5;1;3;2;A;16
82;5;2;2;0;8;53
82;5;3;1;2;H;3
82;6;0;1;1;9;54
82;6;1;4;1;H;34
82;6;2;3;3;8;12
82;6;3;2;1;T;38
82;7;0;3;2;7;13
82;7;1;4;3;H;65
82;7;2;1;2;T;36
82;7;3;2;0;B;68
82;8;0;4;1;B;9
82;8;1;3;2;V;53
82;8;2;2;0;9;53
82;8;3;1;0;7;53
82;=;3;84;68;0;30
83;1;0;4;0;H;7
83;1;1;3;0;8;40
83;1;2;2;0;9;6
83;1;3;1;0;A;3
83;2;0;4;3;A;9
83;2;1;3;2;7;53
83;2;2;2;1;H;68
83;2;3;1;3;8;3
83;3;0;4;2;A;9
83;3;1;3;2;B;40
83;3;2;2;2;8;4
83;3;3;1;0;7;29
83;4;0;3;1;A;7
83;4;1;4;1;V;34
83;4;2;1;1;9;36
83;4;3;2;1;B;38
83;5;0;3;3;7;13
83;5;1;4;3;B;40
83;5;2;1;3;9;23
83;5;3;2;2;9;53
83;6;0;2;0;B;58
83;6;1;3;1;8;53
83;6;2;4;1;7;53
83;6;3;1;3;V;53
83;7;0;2;2;V;5
83;7;1;3;2;T;40
83;7;2;4;2;H;36
83;7;3;1;3;T;68
83;8;0;1;3;H;8
83;8;1;4;1;T;53
83;8;2;3;0;T;35
83;8;3;2;0;V;35
83;=;0;83;69;10;0
84;1;0;3;0;9;62
84;1;1;4;3;9;53
84;1;2;1;0;T;6
84;1;3;2;0;A;46
84;2;0;2;1;T;7
84;2;1;3;1;8;40
84;2;2;4;1;9;22
84;2;3;1;1;7;3
84;3;0;4;3;H;5
84;3;1;3;2;A;65
84;3;2;2;3;V;34
84;3;3;1;3;7;32
84;4;0;1;1;B;41
84;4;1;4;1;A;40
84;4;2;3;2;9;45
84;4;3;2;1;V;38
84;5;0;1;2;7;5
84;5;1;4;2;8;42
84;5;2;3;3;8;53
84;5;3;2;0;7;53
84;6;0;4;1;H;9
84;6;1;3;3;B;53
84;6;2;2;0;8;68
84;6;3;1;2;V;29
84;7;0;3;0;B;5
84;7;1;4;2;T;65
84;7;2;1;3;T;53
84;7;3;2;0;H;38
84;8;0;2;3;A;8
84;8;1;3;0;V;53
84;8;2;4;2;B;35
84;8;3;1;2;H;35
84;=;2;57;95;0;60
85;1;0;4;2;9;57
85;1;1;3;1;8;53
85;1;2;2;2;B;66
85;1;3;1;2;H;3
85;2;0;2;1;B;54
85;2;1;3;1;H;34
85;2;2;4;2;V;12
85;2;3;1;1;7;34
85;3;0;4;3;9;13
85;3;1;3;0;V;53
85;3;2;2;3;H;49
85;3;3;1;3;7;38
85;4;0;4;3;B;5
85;4;1;3;2;T;65
85;4;2;2;3;8;34
85;4;3;1;0;8;68
85;5;0;3;0;T;9
85;5;1;4;0;H;40
85;5;2;1;0;7;4
85;5;3;2;0;9;38
85;6;0;1;2;A;58
85;6;1;4;2;8;40
85;6;2;3;1;T;52
85;6;3;2;2;7;38
85;7;0;3;1;A;9
85;7;1;4;0;B;53
85;7;2;1;1;9;36
85;7;3;2;3;V;53
85;8;0;3;1;V;9
85;8;1;4;3;A;53
85;8;2;1;0;A;53
85;8;3;2;3;T;53
85;=;2;98;54;10;0
86;1;0;3;3;H;7
86;1;1;4;3;9;18
86;1;2;1;3;B;6
86;1;3;2;3;T;38
86;2;0;3;1;A;7
86;2;1;4;1;9;40
86;2;2;1;1;V;4
86;2;3;2;1;B;3
86;3;0;3;1;8;5
86;3;1;4;3;8;65
86;3;2;1;1;7;36
86;3;3;2;1;H;38
86;4;0;4;2;A;7
86;4;1;3;2;8;40
86;4;2;2;2;7;4
86;4;3;1;2;H;3
86;5;0;2;0;H;7
86;5;1;3;0;9;34
86;5;2;4;2;B;53
86;5;3;1;0;8;3
86;6;0;2;0;T;7
86;6;1;3;0;B;40
86;6;2;4;3;V;35
86;6;3;1;0;V;38
86;7;0;4;3;A;57
86;7;1;3;3;7;40
86;7;2;2;2;V;68
86;7;3;1;2;9;53
86;8;0;2;0;A;8
86;8;1;3;1;T;53
86;8;2;4;0;7;36
86;8;3;1;2;T;53
86;=;3;64;88;20;30
87;1;0;4;2;V;7
87;1;1;3;2;7;40
87;1;2;2;2;A;6
87;1;3;1;2;8;3
87;2;0;2;2;B;58
87;2;1;3;3;8;53
87;2;2;4;3;V;69
87;2;3;1;2;H;38
87;3;0;4;3;T;7
87;3;1;3;3;B;40
87;3;2;2;3;9;4
87;3;3;1;0;8;53
87;4;0;4;1;A;9
87;4;1;3;1;8;34
87;4;2;2;0;B;68
87;4;3;1;1;B;3
87;5;0;4;3;A;9
87;5;1;3;1;9;53
87;5;2;2;3;7;36
87;5;3;1;1;V;53
87;6;0;4;3;H;9
87;6;1;3;0;V;53
87;6;2;2;0;9;68
87;6;3;1;1;H;53
87;7;0;2;2;T;56
87;7;1;3;0;7;53
87;7;2;4;0;T;69
87;7;3;1;0;H;53
87;8;0;2;2;9;56
87;8;1;3;0;A;53
87;8;2;4;1;7;53
87;8;3;1;1;T;53
87;=;2;0;152;0;30
88;1;0;1;3;B;58
88;1;1;4;3;A;40
88;1;2;3;3;8;36
88;1;3;2;3;V;3
88;2;0;3;0;9;5
88;2;1;4;3;7;65
88;2;2;1;0;T;34
88;2;3;2;0;8;24
88;3;0;4;1;T;7
88;3;1;3;2;7;53
88;3;2;2;1;V;4
88;3;3;1;1;8;3
88;4;0;2;1;A;8
88;4;1;3;2;8;53
88;4;2;4;1;7;36
88;4;3;1;1;B;3
88;5;0;4;0;7;13
88;5;1;3;0;B;40
88;5;2;2;0;H;49
88;5;3;1;0;A;38
88;6;0;3;2;V;13
88;6;1;4;2;H;16
88;6;2;1;2;9;23
88;6;3;2;0;V;53
88;7;0;4;1;9;5
88;7;1;3;3;9;65
88;7;2;2;3;H;35
88;7;3;1;1;H;38
88;8;0;3;2;A;13
88;8;1;4;2;B;40
88;8;2;1;2;T;36
88;8;3;2;3;T;29
88;=;3;73;79;0;30
89;1;0;2;3;A;8
89;1;1;3;2;9;53
89;1;2;4;3;8;36
89;1;3;1;3;9;3
89;2;0;2;0;B;58
89;2;1;3;1;7;53
89;2;2;4;0;A;36
89;2;3;1;0;T;3
89;3;0;4;2;8;13
89;3;1;3;2;A;40
89;3;2;2;2;7;36
89;3;3;1;2;V;3
89;4;0;3;1;A;7
89;4;1;4;1;T;40
89;4;2;1;1;B;36
89;4;3;2;1;9;38
89;5;0;1;0;9;58
89;5;1;4;3;B;53
89;5;2;3;1;8;53
89;5;3;2;0;7;3
89;6;0;3;1;H;13
89;6;1;4;2;B;53
89;6;2;1;3;V;53
89;6;3;2;0;8;29
89;7;0;4;2;H;13
89;7;1;3;1;V;53
89;7;2;2;3;7;53
89;7;3;1;2;T;38
89;8;0;3;3;T;13
89;8;1;4;0;H;65
89;8;2;1;3;H;36
89;8;3;2;0;V;35
89;=;0;70;82;20;30
90;1;0;3;1;T;7
90;1;1;4;1;B;40
90;1;2;1;1;9;4
90;1;3;2;1;7;3
90;2;0;3;1;H;9
90;2;1;4;2;7;53
90;2;2;1;1;A;36
90;2;3;2;1;8;38
90;3;0;1;3;B;58
90;3;1;4;0;V;53
90;3;2;3;2;8;53
90;3;3;2;3;7;3
90;4;0;3;0;8;13
90;4;1;4;0;B;34
90;4;2;1;3;8;29
90;4;3;2;0;7;34
90;5;0;3;2;B;13
90;5;1;4;0;H;53
90;5;2;1;2;T;4
90;5;3;2;2;A;38
90;6;0;4;3;H;7
90;6;1;3;1;V;53
90;6;2;2;3;9;6
90;6;3;1;3;A;3
90;7;0;2;3;T;58
90;7;1;3;2;H;53
90;7;2;4;0;A;53
90;7;3;1;3;V;38
90;8;0;4;2;9;13
90;8;1;3;0;T;53
90;8;2;2;0;9;53
90;8;3;1;2;V;38
90;=;3;65;87;30;0
91;1;0;2;3;T;7
91;1;1;3;3;9;40
91;1;2;4;3;8;22
91;1;3;1;3;7;3
91;2;0;4;3;H;9
91;2;1;3;1;9;53
91;2;2;2;3;A;36
91;2;3;1;3;B;38
91;3;0;2;2;B;58
91;3;1;3;0;7;53
91;3;2;4;2;A;36
91;3;3;1;2;9;38
91;4;0;2;2;H;58
91;4;1;3;1;B;53
91;4;2;4;0;B;69
91;4;3;1;0;9;53
91;5;0;2;2;T;56
91;5;1;3;3;V;53
91;5;2;4;1;7;53
91;5;3;1;1;V;53
91;6;0;4;1;8;13
91;6;1;3;0;V;53
91;6;2;2;1;T;36
91;6;3;1;1;A;38
91;7;0;3;0;H;5
91;7;1;4;2;7;65
91;7;2;1;0;T;34
91;7;3;2;0;8;38
91;8;0;4;1;H;5
91;8;1;3;2;V;65
91;8;2;2;2;8;35
91;8;3;1;0;A;53
91;=;2;42;110;10;50
92;1;0;3;2;T;7
92;1;1;4;2;9;40
92;1;2;1;2;B;6
92;1;3;2;2;7;39
92;2;0;1;3;A;8
92;2;1;4;3;B;34
92;2;2;3;0;7;69
92;2;3;2;3;7;38
92;3;0;1;3;T;8
92;3;1;4;3;H;40
92;3;2;3;3;V;36
92;3;3;2;2;H;29
92;4;0;2;1;A;7
92;4;1;3;1;7;34
92;4;2;4;1;8;22
92;4;3;1;1;V;3
92;5;0;2;2;A;58
92;5;1;3;2;V;40
92;5;2;4;1;B;53
92;5;3;1;2;8;38
92;6;0;4;0;A;9
92;6;1;3;3;9;53
92;6;2;2;0;8;4
92;6;3;1;0;9;3
92;7;0;4;0;H;9
92;7;1;3;1;T;53
92;7;2;2;0;T;36
92;7;3;1;0;V;38
92;8;0;4;3;8;9
92;8;1;3;0;B;53
92;8;2;2;1;9;68
92;8;3;1;1;H;53
92;=;2;57;95;20;10
93;1;0;2;2;T;7
93;1;1;3;2;8;34
93;1;2;4;2;B;6
93;1;3;1;2;H;3
93;2;0;4;0;A;7
93;2;1;3;0;8;34
93;2;2;2;0;H;36
93;2;3;1;0;7;3
93;3;0;4;1;7;5
93;3;1;3;2;V;65
93;3;2;2;1;9;23
93;3;3;1;1;B;3
93;4;0;3;2;9;57
93;4;1;4;3;8;53
93;4;2;1;2;A;36
93;4;3;2;2;7;38
93;5;0;3;3;A;7
93;5;1;4;3;B;40
93;5;2;1;3;V;36
93;5;3;2;3;9;3
93;6;0;3;0;V;7
93;6;1;4;0;B;40
93;6;2;1;0;T;4
93;6;3;2;3;H;53
93;7;0;1;0;9;8
93;7;1;4;1;V;53
93;7;2;3;3;7;53
93;7;3;2;3;T;53
93;8;0;3;1;8;13
93;8;1;4;1;T;40
93;8;2;1;1;H;36
93;8;3;2;1;A;38
93;=;2;78;74;20;10
94;1;0;3;3;V;7
94;1;1;4;3;T;18
94;1;2;1;3;B;6
94;1;3;2;3;8;38
94;2;0;1;3;9;58
94;2;1;4;3;7;40
94;2;2;3;2;T;52
94;2;3;2;2;9;53
94;3;0;1;3;H;5
94;3;1;4;3;A;40
94;3;2;3;0;9;53
94;3;3;2;2;H;68
94;4;0;4;1;T;7
94;4;1;3;1;H;34
94;4;2;2;1;8;4
94;4;3;1;1;B;38
94;5;0;2;0;A;8
94;5;1;3;0;B;40
94;5;2;4;0;8;36
94;5;3;1;0;V;3
94;6;0;2;1;A;8
94;6;1;3;1;V;40
94;6;2;4;1;7;22
94;6;3;1;2;7;53
94;7;0;4;1;9;9
94;7;1;3;2;A;53
94;7;2;2;2;V;68
94;7;3;1;0;H;53
94;8;0;4;2;B;9
94;8;1;3;2;8;40
94;8;2;2;0;7;68
94;8;3;1;0;T;53
94;=;3;57;95;20;10
95;1;0;4;1;B;57
95;1;1;3;1;H;40
95;1;2;2;1;7;4
95;1;3;1;2;8;53
95;2;0;2;3;A;8
95;2;1;3;2;7;53
95;2;2;4;3;7;36
95;2;3;1;3;V;3
95;3;0;2;2;H;54
95;3;1;3;2;V;34
95;3;2;4;1;V;12
95;3;3;1;2;9;3
95;4;0;2;2;T;47
95;4;1;3;2;A;40
95;4;2;4;1;8;28
95;4;3;1;2;B;38
95;5;0;4;1;9;55
95;5;1;3;0;B;53
95;5;2;2;1;T;4
95;5;3;1;0;9;53
95;6;0;2;1;A;56
95;6;1;3;0;T;53
95;6;2;4;3;8;53
95;6;3;1;0;V;53
95;7;0;4;0;7;13
95;7;1;3;0;A;40
95;7;2;2;0;8;36
95;7;3;1;0;H;38
95;8;0;3;3;9;13
95;8;1;4;3;T;40
95;8;2;1;3;H;36
95;8;3;2;3;B;38
95;=;1;15;137;0;30
96;1;0;1;3;H;7
96;1;1;4;1;7;53
96;1;2;3;3;B;6
96;1;3;2;3;8;3
96;2;0;3;1;T;7
96;2;1;4;1;V;34
96;2;2;1;0;V;68
96;2;3;2;1;9;38
96;3;0;1;2;A;8
96;3;1;4;1;8;53
96;3;2;3;0;8;69
96;3;3;2;2;7;3
96;4;0;3;3;A;57
96;4;1;4;3;7;40
96;4;2;1;3;9;36
96;4;3;2;3;V;38
96;5;0;3;1;A;9
96;5;1;4;1;B;40
96;5;2;1;0;9;68
96;5;3;2;2;8;53
96;6;0;1;2;T;7
96;6;1;4;2;B;40
96;6;2;3;0;T;52
96;6;3;2;2;H;3
96;7;0;3;1;H;9
96;7;1;4;0;H;53
96;7;2;1;0;7;68
96;7;3;2;2;9;53
96;8;0;1;2;V;8
96;8;1;4;0;B;53
96;8;2;3;3;T;35
96;8;3;2;0;A;53
96;=;3;152;0;10;0
97;1;0;2;0;B;7
97;1;1;3;0;V;40
97;1;2;4;2;T;69
97;1;3;1;0;H;38
97;2;0;2;3;A;7
97;2;1;3;3;V;34
97;2;2;4;1;H;69
97;2;3;1;3;7;3
97;3;0;2;0;9;58
97;3;1;3;0;8;40
97;3;2;4;2;V;69
97;3;3;1;1;8;53
97;4;0;4;0;A;55
97;4;1;3;1;V;53
97;4;2;2;0;7;36
97;4;3;1;3;B;53
97;5;0;4;3;8;13
97;5;1;3;3;T;16
97;5;2;2;2;8;53
97;5;3;1;3;H;38
97;6;0;3;1;A;9
97;6;1;4;2;7;53
97;6;2;1;1;T;36
97;6;3;2;1;7;3
97;7;0;3;3;9;9
97;7;1;4;2;9;53
97;7;2;1;2;B;68
97;7;3;2;1;9;53
97;8;0;1;2;A;8
97;8;1;4;1;B;53
97;8;2;3;0;T;35
97;8;3;2;2;H;38
97;=;0;64;88;10;40
98;1;0;1;0;A;8
98;1;1;4;0;7;40
98;1;2;3;0;V;36
98;1;3;2;0;9;3
98;2;0;1;3;A;7
98;2;1;4;3;T;40
98;2;2;3;3;9;6
98;2;3;2;3;7;38
98;3;0;1;3;B;58
98;3;1;4;1;7;53
98;3;2;3;3;8;22
98;3;3;2;1;8;53
98;4;0;3;1;B;5
98;4;1;4;3;H;65
98;4;2;1;1;V;36
98;4;3;2;1;H;24
98;5;0;4;2;T;7
98;5;1;3;2;9;40
98;5;2;2;0;T;68
98;5;3;1;2;V;3
98;6;0;2;1;A;8
98;6;1;3;1;9;40
98;6;2;4;0;8;53
98;6;3;1;2;8;53
98;7;0;4;2;A;13
98;7;1;3;3;V;65
98;7;2;2;0;B;53
98;7;3;1;2;H;38
98;8;0;1;0;H;8
98;8;1;4;2;B;53
98;8;2;3;2;7;53
98;8;3;2;1;T;53
98;=;3;105;47;10;20
99;1;0;2;1;H;7
99;1;1;3;1;7;34
99;1;2;4;1;B;6
99;1;3;1;3;7;53
99;2;0;4;2;8;2
99;2;1;3;2;T;40
99;2;2;2;2;A;6
99;2;3;1;2;7;3
99;3;0;2;1;8;5
99;3;1;3;1;V;40
99;3;2;4;1;T;36
99;3;3;1;3;8;53
99;4;0;4;2;H;7
99;4;1;3;2;V;40
99;4;2;2;2;9;36
99;4;3;1;2;B;38
99;5;0;2;3;A;7
99;5;1;3;0;8;53
99;5;2;4;3;V;22
99;5;3;1;3;B;3
99;6;0;4;3;T;9
99;6;1;3;0;V;53
99;6;2;2;0;9;68
99;6;3;1;3;H;38
99;7;0;4;3;9;9
99;7;1;3;0;T;53
99;7;2;2;0;7;68
99;7;3;1;0;B;53
99;8;0;4;1;9;55
99;8;1;3;0;A;53
99;8;2;2;1;A;36
99;8;3;1;0;H;53
99;=;1;0;152;0;30
100;1;0;3;1;T;7
100;1;1;4;1;V;40
100;1;2;1;1;B;6
100;1;3;2;1;A;38
100;2;0;1;1;9;58
100;2;1;4;2;7;53
100;2;2;3;2;T;52
100;2;3;2;2;8;53
100;3;0;3;1;H;55
100;3;1;4;3;B;53
100;3;2;1;1;7;4
100;3;3;2;2;9;53
100;4;0;1;1;8;56
100;4;1;4;2;V;53
100;4;2;3;3;8;53
100;4;3;2;2;B;53
100;5;0;3;0;7;13
100;5;1;4;0;V;16
100;5;2;1;3;7;53
100;5;3;2;0;A;48
100;6;0;2;3;A;7
100;6;1;3;3;H;40
100;6;2;4;0;8;53
100;6;3;1;3;9;3
100;7;0;4;0;T;9
100;7;1;3;0;B;40
100;7;2;2;0;H;36
100;7;3;1;3;V;53
100;8;0;4;0;9;9
100;8;1;3;2;A;53
100;8;2;2;3;T;53
100;8;3;1;2;H;53
100;=;1;79;73;20;10
101;1;0;2;2;T;7
101;1;1;3;2;9;40
101;1;2;4;2;B;6
101;1;3;1;3;8;53
101;2;0;2;2;H;7
101;2;1;3;2;V;40
101;2;2;4;2;A;6
101;2;3;1;1;7;53
101;3;0;4;0;T;7
101;3;1;3;0;8;34
101;3;2;2;0;A;36
101;3;3;1;0;B;3
101;4;0;2;1;9;41
101;4;1;3;1;T;40
101;4;2;4;2;7;45
101;4;3;1;1;8;3
101;5;0;4;0;7;13
101;5;1;3;0;H;40
101;5;2;2;3;7;53
101;5;3;1;0;9;3
101;6;0;1;3;A;7
101;6;1;4;3;T;40
101;6;2;3;3;V;22
101;6;3;2;3;B;38
101;7;0;3;3;H;9
101;7;1;4;3;9;40
101;7;2;1;0;V;68
101;7;3;2;1;V;53
101;8;0;3;1;A;13
101;8;1;4;2;8;65
101;8;2;1;1;B;36
101;8;3;2;1;H;38
101;=;2;40;112;20;90
102;1;0;1;1;A;8
102;1;1;4;1;7;34
102;1;2;3;2;9;69
102;1;3;2;1;8;38
102;2;0;1;1;H;8
102;2;1;4;1;B;40
102;2;2;3;2;8;69
102;2;3;2;3;A;29
102;3;0;4;2;B;5
102;3;1;3;3;V;65
102;3;2;2;2;H;23
102;3;3;1;2;7;38
102;4;0;3;0;A;7
102;4;1;4;0;V;40
102;4;2;1;0;H;4
102;4;3;2;0;8;3
102;5;0;3;3;7;7
102;5;1;4;3;8;40
102;5;2;1;3;B;6
102;5;3;2;3;9;38
102;6;0;3;0;T;7
102;6;1;4;0;B;40
102;6;2;1;0;7;36
102;6;3;2;0;9;38
102;7;0;1;1;T;8
102;7;1;4;1;V;40
102;7;2;3;1;9;36
102;7;3;2;2;T;53
102;8;0;1;3;T;56
102;8;1;4;2;V;53
102;8;2;3;3;H;36
102;8;3;2;2;A;53
102;=;3;135;17;70;0
103;1;0;4;1;H;7
103;1;1;3;1;V;40
103;1;2;2;1;B;6
103;1;3;1;1;8;39
103;2;0;4;2;8;62
103;2;1;3;2;H;40
103;2;2;2;2;T;6
103;2;3;1;2;A;46
103;3;0;3;0;T;7
103;3;1;4;0;B;40
103;3;2;1;0;A;36
103;3;3;2;0;8;3
103;4;0;1;3;A;8
103;4;1;4;3;8;34
103;4;2;3;0;7;53
103;4;3;2;3;7;3
103;5;0;1;1;A;63
103;5;1;4;3;B;53
103;5;2;3;0;9;53
103;5;3;2;1;9;38
103;6;0;4;3;V;5
103;6;1;3;1;T;65
103;6;2;2;3;9;23
103;6;3;1;2;B;68
103;7;0;3;2;V;5
103;7;1;4;1;7;65
103;7;2;1;2;7;23
103;7;3;2;3;T;68
103;8;0;4;3;H;9
103;8;1;3;0;H;53
103;8;2;2;0;V;68
103;8;3;1;2;9;53
103;=;1;74;78;0;50
104;1;0;1;1;B;54
104;1;1;4;1;9;40
104;1;2;3;0;9;12
104;1;3;2;1;8;34
104;2;0;3;3;9;13
104;2;1;4;3;7;40
104;2;2;1;3;B;23
104;2;3;2;3;V;46
104;3;0;2;0;V;7
104;3;1;3;0;A;40
104;3;2;4;0;B;6
104;3;3;1;0;7;3
104;4;0;4;1;A;9
104;4;1;3;2;7;53
104;4;2;2;1;V;4
104;4;3;1;1;7;38
104;5;0;2;3;A;8
104;5;1;3;2;B;53
104;5;2;4;2;8;53
104;5;3;1;3;8;38
104;6;0;4;2;H;13
104;6;1;3;2;A;16
104;6;2;2;2;V;36
104;6;3;1;0;8;35
104;7;0;3;2;T;9
104;7;1;4;2;9;40
104;7;2;1;0;H;35
104;7;3;2;3;H;53
104;8;0;3;3;T;9
104;8;1;4;1;T;53
104;8;2;1;0;T;35
104;8;3;2;1;H;53
104;=;0;86;66;30;0
105;1;0;2;3;T;7
105;1;1;3;3;9;40
105;1;2;4;3;B;6
105;1;3;1;3;7;39
105;2;0;2;1;A;7
105;2;1;3;1;B;34
105;2;2;4;0;B;69
105;2;3;1;1;H;38
105;3;0;4;2;A;9
105;3;1;3;2;B;40
105;3;2;2;2;8;4
105;3;3;1;2;7;38
105;4;0;2;1;T;8
105;4;1;3;1;V;40
105;4;2;4;2;9;53
105;4;3;1;3;8;29
105;5;0;1;3;V;7
105;5;1;4;0;9;53
105;5;2;3;3;H;6
105;5;3;2;1;7;53
105;6;0;3;0;7;2
105;6;1;4;0;T;40
105;6;2;1;0;A;6
105;6;3;2;0;8;3
105;7;0;3;1;9;9
105;7;1;4;2;V;53
105;7;2;1;0;H;53
105;7;3;2;0;V;53
105;8;0;3;2;T;9
105;8;1;4;1;8;53
105;8;2;1;3;A;35
105;8;3;2;2;H;38
105;=;3;76;76;30;20
106;1;0;1;3;B;7
106;1;1;4;3;7;34
106;1;2;3;1;T;69
106;1;3;2;3;T;38
106;2;0;3;3;H;7
106;2;1;4;3;V;40
106;2;2;1;3;9;67
106;2;3;2;1;9;53
106;3;0;1;0;T;63
106;3;1;4;0;8;34
106;3;2;3;0;7;36
106;3;3;2;0;A;46
106;4;0;4;1;A;7
106;4;1;3;1;B;40
106;4;2;2;1;V;36
106;4;3;1;1;8;3
106;5;0;4;2;A;7
106;5;1;3;2;T;40
106;5;2;2;2;B;4
106;5;3;1;2;H;3
106;6;0;2;0;H;7
106;6;1;3;0;V;40
106;6;2;4;0;B;36
106;6;3;1;3;A;29
106;7;0;3;1;7;9
106;7;1;4;2;7;53
106;7;2;1;1;H;36
106;7;3;2;0;9;53
106;8;0;3;3;8;55
106;8;1;4;2;8;53
106;8;2;1;2;9;68
106;8;3;2;2;V;53
106;=;3;88;64;50;0
107;1;0;4;3;H;7
107;1;1;3;2;8;53
107;1;2;2;3;9;67
107;1;3;1;3;7;3
107;2;0;4;1;T;7
107;2;1;3;1;V;40
107;2;2;2;1;8;4
107;2;3;1;1;9;3
107;3;0;4;3;T;7
107;3;1;3;0;7;53
107;3;2;2;3;B;67
107;3;3;1;3;V;38
107;4;0;2;2;A;8
107;4;1;3;0;V;53
107;4;2;4;0;B;69
107;4;3;1;2;9;3
107;5;0;2;3;A;58
107;5;1;3;1;H;53
107;5;2;4;0;8;53
107;5;3;1;2;B;53
107;6;0;4;1;A;9
107;6;1;3;0;H;53
107;6;2;2;1;7;36
107;6;3;1;1;B;38
107;7;0;4;0;9;13
107;7;1;3;0;A;40
107;7;2;2;2;7;53
107;7;3;1;2;V;53
107;8;0;1;2;T;8
107;8;1;4;0;T;53
107;8;2;3;3;8;35
107;8;3;2;2;H;38
107;=;3;38;114;10;40
108;1;0;1;2;T;62
108;1;1;4;2;9;40
108;1;2;3;0;V;69
108;1;3;2;2;A;46
108;2;0;4;3;B;5
108;2;1;3;1;H;65
108;2;2;2;3;7;34
108;2;3;1;3;8;32
108;3;0;3;1;A;57
108;3;1;4;0;8;53
108;3;2;1;1;7;4
108;3;3;2;2;8;53
108;4;0;1;3;9;47
108;4;1;4;3;A;40
108;4;2;3;1;9;28
108;4;3;2;3;V;38
108;5;0;3;1;B;55
108;5;1;4;2;B;53
108;5;2;1;1;8;4
108;5;3;2;0;9;53
108;6;0;3;1;V;55
108;6;1;4;2;V;53
108;6;2;1;1;T;36
108;6;3;2;2;H;53
108;7;0;3;2;7;9
108;7;1;4;0;H;53
108;7;2;1;3;H;68
108;7;3;2;0;T;53
108;8;0;3;0;B;13
108;8;1;4;3;T;53
108;8;2;1;0;7;36
108;8;3;2;0;A;38
108;=;1;105;47;0;10
109;1;0;4;3;A;7
109;1;1;3;3;V;40
109;1;2;2;3;B;6
109;1;3;1;3;7;3
109;2;0;4;0;A;7
109;2;1;3;0;7;34
109;2;2;2;0;9;36
109;2;3;1;0;B;3
109;3;0;4;2;7;13
109;3;1;3;2;8;40
109;3;2;2;2;B;23
109;3;3;1;3;T;29
109;4;0;1;3;9;58
109;4;1;4;3;8;40
109;4;2;3;0;8;53
109;4;3;2;1;8;53
109;5;0;1;0;H;8
109;5;1;4;1;7;53
109;5;2;3;1;V;53
109;5;3;2;1;9;53
109;6;0;1;0;T;8
109;6;1;4;2;9;53
109;6;2;3;1;H;53
109;6;3;2;2;H;53
109;7;0;3;0;V;9
109;7;1;4;2;V;53
109;7;2;1;1;T;68
109;7;3;2;2;T;53
109;8;0;1;1;B;47
109;8;1;4;1;A;40
109;8;2;3;3;H;28
109;8;3;2;2;A;53
109;=;3;105;47;10;0
110;1;0;1;2;A;2
110;1;1;4;2;T;40
110;1;2;3;1;H;69
110;1;3;2;2;B;3
110;2;0;1;0;A;58
110;2;1;4;0;7;40
110;2;2;3;3;B;69
110;2;3;2;0;H;38
110;3;0;3;1;A;9
110;3;1;4;3;7;53
110;3;2;1;1;8;4
110;3;3;2;1;7;3
110;4;0;1;0;B;58
110;4;1;4;3;V;53
110;4;2;3;2;8;69
110;4;3;2;3;8;53
110;5;0;1;0;T;58
110;5;1;4;0;8;40
110;5;2;3;3;9;53
110;5;3;2;1;B;53
110;6;0;1;0;9;56
110;6;1;4;2;V;53
110;6;2;3;2;7;53
110;6;3;2;2;H;53
110;7;0;1;2;9;8
110;7;1;4;3;T;53
110;7;2;3;1;9;53
110;7;3;2;1;T;53
110;8;0;3;3;H;5
110;8;1;4;0;V;65
110;8;2;1;1;V;53
110;8;3;2;3;A;38
110;=;0;131;21;0;10
111;1;0;4;1;A;7
111;1;1;3;1;7;40
111;1;2;2;1;8;4
111;1;3;1;1;B;3
111;2;0;4;2;T;10
111;2;1;3;2;B;40
111;2;2;2;0;H;68
111;2;3;1;2;A;46
111;3;0;1;2;8;5
111;3;1;4;2;7;40
111;3;2;3;0;9;53
111;3;3;2;3;H;29
111;4;0;2;1;V;41
111;4;1;3;1;T;40
111;4;2;4;3;V;45
111;4;3;1;1;9;38
111;5;0;4;3;B;57
111;5;1;3;0;V;53
111;5;2;2;3;T;36
111;5;3;1;3;7;3
111;6;0;4;0;7;13
111;6;1;3;0;T;40
111;6;2;2;0;8;23
111;6;3;1;0;A;38
111;7;0;3;3;9;57
111;7;1;4;3;A;40
111;7;2;1;3;8;36
111;7;3;2;0;B;53
111;8;0;3;2;H;9
111;8;1;4;2;V;40
111;8;2;1;2;9;36
111;8;3;2;1;H;53
111;=;3;86;66;10;0
112;1;0;1;0;8;7
112;1;1;4;0;9;40
112;1;2;3;0;B;6
112;1;3;2;3;7;53
112;2;0;1;3;B;41
112;2;1;4;3;T;40
112;2;2;3;0;7;45
112;2;3;2;3;9;38
112;3;0;3;0;A;55
112;3;1;4;2;8;53
112;3;2;1;0;T;4
112;3;3;2;2;7;53
112;4;0;1;0;H;56
112;4;1;4;2;T;53
112;4;2;3;1;8;53
112;4;3;2;2;9;53
112;5;0;3;1;B;13
112;5;1;4;1;V;40
112;5;2;1;1;7;36
112;5;3;2;1;T;24
112;6;0;2;1;A;8
112;6;1;3;1;H;40
112;6;2;4;3;A;53
112;6;3;1;2;B;53
112;7;0;2;1;9;5
112;7;1;3;0;V;65
112;7;2;4;2;A;53
112;7;3;1;2;H;68
112;8;0;1;3;H;8
112;8;1;4;3;V;40
112;8;2;3;3;8;36
112;8;3;2;2;V;53
112;=;0;109;43;30;20
113;1;0;4;3;H;7
113;1;1;3;3;T;18
113;1;2;2;3;B;6
113;1;3;1;3;V;38
113;2;0;4;2;B;5
113;2;1;3;3;7;65
113;2;2;2;2;H;23
113;2;3;1;2;8;3
113;3;0;1;2;A;8
113;3;1;4;2;V;40
113;3;2;3;1;7;53
113;3;3;2;2;T;38
113;4;0;3;1;H;5
113;4;1;4;3;9;65
113;4;2;1;1;B;23
113;4;3;2;1;8;32
113;5;0;2;3;A;58
113;5;1;3;3;8;40
113;5;2;4;0;7;53
113;5;3;1;0;8;53
113;6;0;4;0;9;13
113;6;1;3;0;A;40
113;6;2;2;0;B;36
113;6;3;1;0;T;24
113;7;0;3;1;A;9
113;7;1;4;2;7;53
113;7;2;1;1;T;36
113;7;3;2;1;9;3
113;8;0;3;2;9;9
113;8;1;4;0;H;53
113;8;2;1;0;V;68
113;8;3;2;1;V;53
113;=;3;84;68;30;70
114;1;0;1;3;T;7
114;1;1;4;3;7;40
114;1;2;3;3;B;6
114;1;3;2;3;8;3
114;2;0;1;2;7;41
114;2;1;4;2;T;40
114;2;2;3;3;H;45
114;2;3;2;2;8;34
114;3;0;3;0;A;9
114;3;1;4;0;V;34
114;3;2;1;0;9;36
114;3;3;2;0;8;3
114;4;0;3;1;8;5
114;4;1;4;3;9;65
114;4;2;1;1;B;23
114;4;3;2;1;7;32
114;5;0;2;2;A;7
114;5;1;3;1;9;53
114;5;2;4;2;V;36
114;5;3;1;2;9;3
114;6;0;4;0;H;13
114;6;1;3;0;7;40
114;6;2;2;0;B;36
114;6;3;1;3;A;29
114;7;0;3;1;A;13
114;7;1;4;1;H;40
114;7;2;1;1;T;36
114;7;3;2;1;V;38
114;8;0;3;2;B;13
114;8;1;4;0;T;53
114;8;2;1;2;H;36
114;8;3;2;3;V;29
114;=;3;103;49;20;10
115;1;0;2;0;A;8
115;1;1;3;0;B;34
115;1;2;4;0;7;36
115;1;3;1;0;8;38
115;2;0;2;3;V;7
115;2;1;3;2;V;53
115;2;2;4;3;9;6
115;2;3;1;3;7;3
115;3;0;2;3;8;1
115;3;1;3;3;T;40
115;3;2;4;3;B;6
115;3;3;1;3;A;38
115;4;0;4;3;H;55
115;4;1;3;0;H;53
115;4;2;2;0;V;68
115;4;3;1;2;8;53
115;5;0;4;1;9;13
115;5;1;3;1;A;16
115;5;2;2;1;B;23
115;5;3;1;1;7;38
115;6;0;3;0;T;9
115;6;1;4;1;H;53
115;6;2;1;2;9;53
115;6;3;2;0;9;38
115;7;0;3;2;T;9
115;7;1;4;1;T;53
115;7;2;1;2;B;4
115;7;3;2;2;7;38
115;8;0;3;1;V;9
115;8;1;4;2;H;53
115;8;2;1;2;A;53
115;8;3;2;1;8;38
115;=;3;67;85;10;0
116;1;0;1;3;9;7
116;1;1;4;3;7;34
116;1;2;3;3;B;6
116;1;3;2;3;H;3
116;2;0;1;2;A;7
116;2;1;4;2;V;40
116;2;2;3;2;B;22
116;2;3;2;2;7;3
116;3;0;3;2;9;5
116;3;1;4;3;T;65
116;3;2;1;1;B;53
116;3;3;2;2;H;38
116;4;0;4;1;T;7
116;4;1;3;1;H;40
116;4;2;2;1;A;4
116;4;3;1;1;V;38
116;5;0;2;3;A;58
116;5;1;3;3;V;40
116;5;2;4;2;8;53
116;5;3;1;0;B;53
116;6;0;4;1;7;9
116;6;1;3;0;7;53
116;6;2;2;1;8;4
116;6;3;1;0;V;53
116;7;0;2;1;9;8
116;7;1;3;0;9;53
116;7;2;4;0;8;53
116;7;3;1;0;T;53
116;8;0;2;3;8;56
116;8;1;3;2;T;53
116;8;2;4;0;H;53
116;8;3;1;0;A;53
116;=;3;54;98;0;50
117;1;0;4;0;H;2
117;1;1;3;0;9;40
117;1;2;2;0;B;6
117;1;3;1;0;7;3
117;2;0;4;1;A;9
117;2;1;3;1;V;34
117;2;2;2;2;7;68
117;2;3;1;1;9;3
117;3;0;4;3;B;62
117;3;1;3;2;9;53
117;3;2;2;3;H;6
117;3;3;1;3;9;3
117;4;0;2;3;A;2
117;4;1;3;3;T;40
117;4;2;4;1;8;53
117;4;3;1;3;V;38
117;5;0;4;1;B;13
117;5;1;3;1;7;34
117;5;2;2;3;7;53
117;5;3;1;1;T;38
117;6;0;1;2;A;7
117;6;1;4;2;H;40
117;6;2;3;2;V;36
117;6;3;2;2;T;38
117;7;0;1;0;A;58
117;7;1;4;3;8;53
117;7;2;3;0;8;36
117;7;3;2;0;V;3
117;8;0;3;1;H;13
117;8;1;4;2;B;53
117;8;2;1;2;8;53
117;8;3;2;0;T;29
117;=;0;54;98;20;10
118;1;0;1;2;A;7
118;1;1;4;2;H;40
118;1;2;3;1;B;69
118;1;3;2;2;9;3
118;2;0;1;0;B;58
118;2;1;4;0;8;40
118;2;2;3;0;A;36
118;2;3;2;0;V;3
118;3;0;3;3;9;13
118;3;1;4;3;7;40
118;3;2;1;3;V;23
118;3;3;2;3;A;38
118;4;0;2;0;9;58
118;4;1;3;2;8;53
118;4;2;4;1;T;69
118;4;3;1;0;T;38
118;5;0;2;0;H;58
118;5;1;3;1;8;53
118;5;2;4;1;7;53
118;5;3;1;3;8;53
118;6;0;2;2;V;8
118;6;1;3;3;B;53
118;6;2;4;1;9;53
118;6;3;1;2;7;38
118;7;0;2;2;B;8
118;7;1;3;1;A;53
118;7;2;4;3;H;53
118;7;3;1;1;V;53
118;8;0;2;2;T;8
118;8;1;3;3;T;53
118;8;2;4;0;7;35
118;8;3;1;1;H;53
118;=;0;51;101;0;10
119;1;0;2;2;T;7
119;1;1;3;2;7;34
119;1;2;4;2;9;22
119;1;3;1;2;8;38
119;2;0;2;3;T;7
119;2;1;3;3;B;34
119;2;2;4;3;8;36
119;2;3;1;0;7;29
119;3;0;1;1;A;8
119;3;1;4;1;7;34
119;3;2;3;3;9;53
119;3;3;2;0;V;29
119;4;0;4;1;B;13
119;4;1;3;3;7;53
119;4;2;2;2;H;53
119;4;3;1;1;T;46
119;5;0;1;0;B;58
119;5;1;4;1;V;53
119;5;2;3;2;B;53
119;5;3;2;0;H;3
119;6;0;3;1;9;13
119;6;1;4;3;H;53
119;6;2;1;1;8;23
119;6;3;2;0;T;29
119;7;0;2;0;9;58
119;7;1;3;3;V;53
119;7;2;4;2;A;53
119;7;3;1;0;A;38
119;8;0;2;3;A;8
119;8;1;3;2;V;53
119;8;2;4;0;8;35
119;8;3;1;1;H;53
119;=;0;57;95;0;60
120;1;0;3;3;T;7
120;1;1;4;3;7;34
120;1;2;1;3;B;6
120;1;3;2;3;V;38
120;2;0;1;2;A;7
120;2;1;4;2;H;40
120;2;2;3;2;V;36
120;2;3;2;2;9;3
120;3;0;3;0;T;7
120;3;1;4;0;H;40
120;3;2;1;0;9;4
120;3;3;2;0;8;38
120;4;0;1;3;9;58
120;4;1;4;3;H;40
120;4;2;3;3;8;36
120;4;3;2;1;8;53
120;5;0;3;0;A;9
120;5;1;4;2;8;53
120;5;2;1;0;7;36
120;5;3;2;1;9;53
120;6;0;3;2;T;9
120;6;1;4;1;7;53
120;6;2;1;2;7;36
120;6;3;2;2;B;38
120;7;0;1;1;B;47
120;7;1;4;1;H;40
120;7;2;3;3;A;28
120;7;3;2;1;T;34
120;8;0;3;0;B;13
120;8;1;4;0;V;40
120;8;2;1;1;V;53
120;8;3;2;1;A;53
120;=;3;133;19;60;10
121;1;0;2;2;T;63
121;1;1;3;1;8;53
121;1;2;4;1;7;69
121;1;3;1;2;9;3
121;2;0;2;2;7;41
121;2;1;3;2;A;40
121;2;2;4;3;9;45
121;2;3;1;2;B;3
121;3;0;4;1;B;13
121;3;1;3;1;T;40
121;3;2;2;1;9;23
121;3;3;1;1;A;38
121;4;0;1;3;B;7
121;4;1;4;3;H;34
121;4;2;3;0;8;53
121;4;3;2;3;A;3
121;5;0;3;0;9;13
121;5;1;4;0;V;40
121;5;2;1;0;T;49
121;5;3;2;0;H;38
121;6;0;3;0;B;5
121;6;1;4;3;8;65
121;6;2;1;0;7;36
121;6;3;2;1;V;68
121;7;0;4;3;T;57
121;7;1;3;0;A;53
121;7;2;2;3;V;36
121;7;3;1;3;7;38
121;8;0;4;2;H;9
121;8;1;3;1;H;53
121;8;2;2;2;8;36
121;8;3;1;2;V;38
121;=;3;75;77;20;10
122;1;0;3;1;A;7
122;1;1;4;1;T;40
122;1;2;1;1;V;36
122;1;3;2;1;B;38
122;2;0;1;0;8;47
122;2;1;4;0;H;40
122;2;2;3;3;V;28
122;2;3;2;0;7;34
122;3;0;3;1;8;5
122;3;1;4;3;7;65
122;3;2;1;3;9;29
122;3;3;2;3;B;29
122;4;0;4;3;8;2
122;4;1;3;3;T;40
122;4;2;2;3;A;6
122;4;3;1;2;8;53
122;5;0;4;0;A;9
122;5;1;3;2;9;53
122;5;2;2;0;B;4
122;5;3;1;0;9;3
122;6;0;4;2;A;9
122;6;1;3;1;7;53
122;6;2;2;2;B;36
122;6;3;1;2;V;3
122;7;0;4;2;T;9
122;7;1;3;1;9;53
122;7;2;2;0;V;68
122;7;3;1;2;H;38
122;8;0;4;2;7;9
122;8;1;3;1;H;53
122;8;2;2;3;H;35
122;8;3;1;0;T;53
122;=;3;33;119;20;10
123;1;0;4;0;T;7
123;1;1;3;0;H;40
123;1;2;2;0;B;6
123;1;3;1;0;A;3
123;2;0;4;2;V;2
123;2;1;3;2;T;40
123;2;2;2;2;A;6
123;2;3;1;2;8;38
123;3;0;2;3;A;8
123;3;1;3;3;B;34
123;3;2;4;3;7;36
123;3;3;1;3;9;38
123;4;0;2;0;9;58
123;4;1;3;1;7;53
123;4;2;4;0;8;36
123;4;3;1;0;V;38
123;5;0;4;1;8;13
123;5;1;3;3;V;53
123;5;2;2;1;H;36
123;5;3;1;1;T;46
123;6;0;3;2;H;9
123;6;1;4;2;B;40
123;6;2;1;1;B;53
123;6;3;2;2;9;38
123;7;0;3;3;T;9
123;7;1;4;1;9;53
123;7;2;1;1;V;53
123;7;3;2;3;8;3
123;8;0;1;1;A;8
123;8;1;4;2;7;53
123;8;2;3;0;7;35
123;8;3;2;3;H;53
123;=;0;53;99;10;0
124;1;0;1;1;A;8
124;1;1;4;1;B;40
124;1;2;3;0;H;69
124;1;3;2;1;8;3
124;2;0;3;0;A;7
124;2;1;4;0;V;34
124;2;2;1;0;9;36
124;2;3;2;0;B;38
124;3;0;3;3;8;13
124;3;1;4;3;T;40
124;3;2;1;3;H;23
124;3;3;2;3;7;3
124;4;0;4;1;9;5
124;4;1;3;2;H;65
124;4;2;2;1;V;34
124;4;3;1;1;7;38
124;5;0;1;2;T;7
124;5;1;4;2;V;40
124;5;2;3;2;B;6
124;5;3;2;2;7;38
124;6;0;1;2;9;58
124;6;1;4;1;T;53
124;6;2;3;0;7;53
124;6;3;2;3;B;53
124;7;0;3;0;8;13
124;7;1;4;0;T;40
124;7;2;1;2;8;29
124;7;3;2;3;V;53
124;8;0;3;3;A;13
124;8;1;4;2;A;65
124;8;2;1;3;9;36
124;8;3;2;1;H;68
124;=;2;112;40;20;10
125;1;0;2;3;A;7
125;1;1;3;3;V;40
125;1;2;4;3;H;36
125;1;3;1;3;9;3
125;2;0;4;0;B;57
125;2;1;3;0;H;40
125;2;2;2;0;8;4
125;2;3;1;0;7;3
125;3;0;2;0;9;58
125;3;1;3;2;7;53
125;3;2;4;2;B;69
125;3;3;1;0;A;38
125;4;0;2;0;T;58
125;4;1;3;2;9;53
125;4;2;4;3;7;53
125;4;3;1;2;8;53
125;5;0;4;1;7;13
125;5;1;3;2;V;53
125;5;2;2;1;8;4
125;5;3;1;1;V;46
125;6;0;1;1;A;8
125;6;1;4;1;9;34
125;6;2;3;2;H;53
125;6;3;2;1;H;3
125;7;0;3;3;T;9
125;7;1;4;1;B;53
125;7;2;1;3;B;36
125;7;3;2;3;8;38
125;8;0;1;2;T;47
125;8;1;4;2;A;40
125;8;2;3;0;V;28
125;8;3;2;1;T;53
125;=;0;73;79;10;20
126;1;0;3;3;B;57
126;1;1;4;3;V;34
126;1;2;1;3;8;4
126;1;3;2;3;7;38
126;2;0;3;3;9;57
126;2;1;4;3;H;40
126;2;2;1;3;A;36
126;2;3;2;1;9;53
126;3;0;1;0;A;8
126;3;1;4;1;7;53
126;3;2;3;2;9;53
126;3;3;2;0;8;38
126;4;0;1;0;H;8
126;4;1;4;1;8;53
126;4;2;3;0;9;36
126;4;3;2;2;V;53
126;5;0;3;2;H;5
126;5;1;4;3;T;65
126;5;2;1;2;8;36
126;5;3;2;2;T;3
126;6;0;4;1;H;7
126;6;1;3;1;B;40
126;6;2;2;1;V;4
126;6;3;1;0;7;53
126;7;0;4;1;T;9
126;7;1;3;2;7;53
126;7;2;2;1;A;36
126;7;3;1;0;V;53
126;8;0;2;2;A;8
126;8;1;3;2;B;40
126;8;2;4;0;B;53
126;8;3;1;0;T;53
126;=;3;70;82;0;30
127;1;0;2;2;A;7
127;1;1;3;2;8;34
127;1;2;4;2;B;36
127;1;3;1;2;7;3
127;2;0;4;0;A;9
127;2;1;3;2;9;53
127;2;2;2;0;9;36
127;2;3;1;0;8;3
127;3;0;2;3;B;58
127;3;1;3;3;H;40
127;3;2;4;3;8;36
127;3;3;1;3;9;38
127;4;0;2;3;A;56
127;4;1;3;2;V;53
127;4;2;4;1;H;69
127;4;3;1;1;7;53
127;5;0;2;3;V;56
127;5;1;3;1;V;53
127;5;2;4;1;8;53
127;5;3;1;0;B;53
127;6;0;2;3;T;56
127;6;1;3;0;V;53
127;6;2;4;1;9;53
127;6;3;1;0;H;53
127;7;0;2;3;7;56
127;7;1;3;2;H;53
127;7;2;4;0;7;53
127;7;3;1;2;T;53
127;8;0;2;1;B;1
127;8;1;3;1;T;40
127;8;2;4;1;A;6
127;8;3;1;0;T;53
127;=;3;0;152;0;10
128;1;0;3;1;A;7
128;1;1;4;1;7;34
128;1;2;1;1;B;36
128;1;3;2;1;H;38
128;2;0;3;0;H;7
128;2;1;4;3;8;53
128;2;2;1;0;B;6
128;2;3;2;0;T;3
128;3;0;3;0;A;57
128;3;1;4;1;8;53
128;3;2;1;0;9;66
128;3;3;2;0;V;38
128;4;0;1;0;8;58
128;4;1;4;1;9;53
128;4;2;3;3;7;53
128;4;3;2;2;9;53
128;5;0;3;3;B;13
128;5;1;4;1;V;53
128;5;2;1;3;9;23
128;5;3;2;3;T;46
128;6;0;4;2;T;7
128;6;1;3;2;B;34
128;6;2;2;2;A;36
128;6;3;1;2;8;3
128;7;0;4;1;T;9
128;7;1;3;2;7;53
128;7;2;2;3;V;68
128;7;3;1;3;H;53
128;8;0;2;3;A;8
128;8;1;3;2;V;53
128;8;2;4;0;7;35
128;8;3;1;2;H;53
128;=;0;79;73;0;30
129;1;0;2;2;A;7
129;1;1;3;2;H;34
129;1;2;4;1;T;69
129;1;3;1;2;B;3
129;2;0;2;0;B;58
129;2;1;3;3;B;53
129;2;2;4;1;9;69
129;2;3;1;0;V;3
129;3;0;2;0;9;58
129;3;1;3;2;9;53
129;3;2;4;3;9;53
129;3;3;1;0;H;3
129;4;0;4;3;7;13
129;4;1;3;3;H;40
129;4;2;2;0;7;29
129;4;3;1;3;8;3
129;5;0;4;1;7;13
129;5;1;3;1;A;40
129;5;2;2;1;8;23
129;5;3;1;2;V;68
129;6;0;1;0;A;58
129;6;1;4;0;8;40
129;6;2;3;2;T;69
129;6;3;2;2;7;53
129;7;0;1;3;A;2
129;7;1;4;3;T;40
129;7;2;3;2;8;53
129;7;3;2;1;V;53
129;8;0;3;1;B;5
129;8;1;4;0;T;65
129;8;2;1;3;V;53
129;8;3;2;1;H;38
129;=;0;59;93;0;10
130;1;0;1;0;B;7
130;1;1;4;0;T;40
130;1;2;3;2;H;69
130;1;3;2;0;H;3
130;2;0;3;1;A;9
130;2;1;4;3;7;53
130;2;2;1;1;8;36
130;2;3;2;1;9;3
130;3;0;3;1;T;9
130;3;1;4;2;8;53
130;3;2;1;3;9;68
130;3;3;2;1;H;38
130;4;0;1;3;A;8
130;4;1;4;2;B;53
130;4;2;3;3;8;36
130;4;3;2;3;V;3
130;5;0;3;1;7;13
130;5;1;4;1;V;40
130;5;2;1;0;8;29
130;5;3;2;0;9;29
130;6;0;4;2;T;13
130;6;1;3;2;V;40
130;6;2;2;2;7;36
130;6;3;1;0;7;29
130;7;0;3;1;B;9
130;7;1;4;2;A;53
130;7;2;1;0;V;35
130;7;3;2;3;H;53
130;8;0;3;2;9;9
130;8;1;4;3;B;53
130;8;2;1;0;A;35
130;8;3;2;3;T;53
130;=;0;135;17;10;0
131;1;0;4;2;A;7
131;1;1;3;2;B;34
131;1;2;2;0;H;68
131;1;3;1;2;9;3
131;2;0;4;0;A;9
131;2;1;3;0;8;40
131;2;2;2;1;B;68
131;2;3;1;0;7;3
131;3;0;2;3;B;58
131;3;1;3;3;8;34
131;3;2;4;0;V;69
131;3;3;1;1;7;53
131;4;0;4;0;9;5
131;4;1;3;3;H;65
131;4;2;2;3;T;29
131;4;3;1;0;T;38
131;5;0;4;1;A;9
131;5;1;3;0;B;53
131;5;2;2;1;9;36
131;5;3;1;1;8;3
131;6;0;4;3;9;55
131;6;1;3;2;V;53
131;6;2;2;3;7;4
131;6;3;1;2;H;53
131;7;0;2;3;A;56
131;7;1;3;2;8;53
131;7;2;4;2;7;53
131;7;3;1;1;H;53
131;8;0;2;3;V;56
131;8;1;3;2;T;53
131;8;2;4;1;V;53
131;8;3;1;1;T;53
131;=;3;0;152;0;10
132;1;0;1;2;A;8
132;1;1;4;2;9;34
132;1;2;3;2;V;36
132;1;3;2;0;A;29
132;2;0;4;1;H;7
132;2;1;3;1;V;40
132;2;2;2;1;B;4
132;2;3;1;1;7;38
132;3;0;4;3;9;13
132;3;1;3;3;H;16
132;3;2;2;3;7;36
132;3;3;1;3;A;38
132;4;0;1;0;B;58
132;4;1;4;2;B;53
132;4;2;3;2;H;69
132;4;3;2;0;8;3
132;5;0;1;0;9;58
132;5;1;4;3;8;53
132;5;2;3;2;8;53
132;5;3;2;0;V;38
132;6;0;3;3;B;13
132;6;1;4;3;T;40
132;6;2;1;0;7;29
132;6;3;2;1;9;53
132;7;0;3;1;8;13
132;7;1;4;2;T;53
132;7;2;1;2;7;53
132;7;3;2;1;T;46
132;8;0;4;0;T;57
132;8;1;3;3;V;53
132;8;2;2;1;A;53
132;8;3;1;0;H;38
132;=;0;70;82;0;30
133;1;0;2;3;V;7
133;1;1;3;0;T;53
133;1;2;4;3;B;6
133;1;3;1;3;T;38
133;2;0;2;1;H;54
133;2;1;3;1;B;34
133;2;2;4;3;7;12
133;2;3;1;1;V;38
133;3;0;4;1;7;13
133;3;1;3;1;A;40
133;3;2;2;1;8;23
133;3;3;1;2;H;68
133;4;0;3;0;A;7
133;4;1;4;0;H;40
133;4;2;1;0;B;4
133;4;3;2;0;9;3
133;5;0;3;2;A;7
133;5;1;4;2;T;40
133;5;2;1;2;9;4
133;5;3;2;2;B;38
133;6;0;1;2;8;5
133;6;1;4;2;7;40
133;6;2;3;2;V;36
133;6;3;2;3;A;29
133;7;0;2;1;9;41
133;7;1;3;1;T;40
133;7;2;4;3;8;45
133;7;3;1;0;7;53
133;8;0;4;3;9;57
133;8;1;3;3;H;40
133;8;2;2;0;V;68
133;8;3;1;0;8;53
133;=;3;55;97;20;50
134;1;0;1;3;T;7
134;1;1;4;3;B;40
134;1;2;3;3;8;22
134;1;3;2;3;7;3
134;2;0;1;0;B;7
134;2;1;4;0;V;40
134;2;2;3;2;H;69
134;2;3;2;0;8;3
134;3;0;1;1;A;7
134;3;1;4;1;8;34
134;3;2;3;1;7;22
134;3;3;2;1;9;38
134;4;0;3;3;V;5
134;4;1;4;0;7;65
134;4;2;1;0;H;29
134;4;3;2;3;9;38
134;5;0;3;1;B;13
134;5;1;4;1;T;16
134;5;2;1;0;A;29
134;5;3;2;0;9;29
134;6;0;4;1;H;9
134;6;1;3;2;B;53
134;6;2;2;2;9;68
134;6;3;1;2;7;53
134;7;0;4;1;V;9
134;7;1;3;3;A;53
134;7;2;2;2;A;53
134;7;3;1;2;8;53
134;8;0;4;3;H;9
134;8;1;3;2;T;53
134;8;2;2;0;T;35
134;8;3;1;2;V;53
134;=;0;57;95;20;10
135;1;0;2;3;9;7
135;1;1;3;3;T;34
135;1;2;4;0;H;69
135;1;3;1;3;7;38
135;2;0;2;3;B;58
135;2;1;3;3;8;40
135;2;2;4;0;V;69
135;2;3;1;2;8;53
135;3;0;2;3;V;5
135;3;1;3;3;A;40
135;3;2;4;0;8;53
135;3;3;1;2;T;68
135;4;0;1;2;A;7
135;4;1;4;2;H;40
135;4;2;3;2;9;36
135;4;3;2;2;7;3
135;5;0;3;1;A;9
135;5;1;4;1;V;34
135;5;2;1;1;8;4
135;5;3;2;1;T;38
135;6;0;1;1;9;5
135;6;1;4;1;H;40
135;6;2;3;1;7;34
135;6;3;2;2;V;68
135;7;0;2;0;A;7
135;7;1;3;0;T;40
135;7;2;4;0;B;36
135;7;3;1;0;7;3
135;8;0;2;2;B;8
135;8;1;3;1;B;53
135;8;2;4;3;H;35
135;8;3;1;0;9;53
135;=;3;63;89;0;10
136;1;0;3;3;7;13
136;1;1;4;0;H;65
136;1;2;1;3;T;36
136;1;3;2;3;9;3
136;2;0;4;1;T;7
136;2;1;3;1;H;40
136;2;2;2;1;B;4
136;2;3;1;1;8;3
136;3;0;2;2;A;7
136;3;1;3;2;9;40
136;3;2;4;2;8;22
136;3;3;1;2;H;3
136;4;0;4;2;B;5
136;4;1;3;0;7;65
136;4;2;2;1;7;53
136;4;3;1;2;7;38
136;5;0;3;3;V;5
136;5;1;4;0;V;65
136;5;2;1;0;T;29
136;5;3;2;3;B;3
136;6;0;1;1;9;14
136;6;1;4;2;V;53
136;6;2;3;0;8;35
136;6;3;2;1;A;38
136;7;0;3;3;8;13
136;7;1;4;2;T;53
136;7;2;1;1;V;53
136;7;3;2;3;H;46
136;8;0;4;0;B;57
136;8;1;3;0;A;40
136;8;2;2;3;A;53
136;8;3;1;0;9;38
136;=;0;34;118;0;10
137;1;0;4;3;T;10
137;1;1;3;3;B;40
137;1;2;2;0;T;68
137;1;3;1;3;H;3
137;2;0;2;2;B;58
137;2;1;3;2;8;40
137;2;2;4;2;H;36
137;2;3;1;2;9;38
137;3;0;2;1;A;7
137;3;1;3;3;9;53
137;3;2;4;1;V;36
137;3;3;1;1;7;3
137;4;0;2;2;A;58
137;4;1;3;0;8;53
137;4;2;4;0;7;69
137;4;3;1;1;B;53
137;5;0;4;3;A;9
137;5;1;3;0;V;53
137;5;2;2;0;H;68
137;5;3;1;3;V;38
137;6;0;4;3;8;9
137;6;1;3;0;9;53
137;6;2;2;1;9;68
137;6;3;1;0;B;53
137;7;0;4;3;7;9
137;7;1;3;0;A;53
137;7;2;2;2;7;35
137;7;3;1;1;H;53
137;8;0;4;1;8;5
137;8;1;3;2;T;65
137;8;2;2;2;V;35
137;8;3;1;1;T;38
137;=;2;23;129;10;0
138;1;0;1;2;A;8
138;1;1;4;3;9;53
138;1;2;3;3;V;69
138;1;3;2;2;7;3
138;2;0;3;0;A;7
138;2;1;4;0;V;40
138;2;2;1;0;7;4
138;2;3;2;0;8;3
138;3;0;1;0;9;41
138;3;1;4;0;T;40
138;3;2;3;1;9;45
138;3;3;2;0;H;34
138;4;0;3;3;7;13
138;4;1;4;3;H;34
138;4;2;1;3;B;36
138;4;3;2;3;T;38
138;5;0;2;1;T;7
138;5;1;3;1;V;34
138;5;2;4;1;B;6
138;5;3;1;1;8;39
138;6;0;2;0;B;5
138;6;1;3;1;H;65
138;6;2;4;3;A;53
138;6;3;1;2;V;68
138;7;0;3;2;T;7
138;7;1;4;2;H;40
138;7;2;1;2;9;36
138;7;3;2;2;8;3
138;8;0;1;1;A;58
138;8;1;4;1;7;40
138;8;2;3;3;8;53
138;8;3;2;2;B;53
138;=;1;103;49;30;20
139;1;0;2;3;T;7
139;1;1;3;0;9;53
139;1;2;4;3;B;6
139;1;3;1;3;7;3
139;2;0;2;3;9;58
139;2;1;3;1;B;53
139;2;2;4;0;8;69
139;2;3;1;3;8;3
139;3;0;4;2;9;13
139;3;1;3;2;A;40
139;3;2;2;2;H;36
139;3;3;1;2;7;3
139;4;0;1;1;A;7
139;4;1;4;1;7;34
139;4;2;3;1;H;36
139;4;3;2;1;T;3
139;5;0;3;0;V;13
139;5;1;4;2;8;53
139;5;2;1;1;9;53
139;5;3;2;0;T;46
139;6;0;4;2;V;5
139;6;1;3;3;A;65
139;6;2;2;0;B;53
139;6;3;1;2;B;3
139;7;0;3;0;H;13
139;7;1;4;1;8;53
139;7;2;1;2;T;53
139;7;3;2;0;A;38
139;8;0;4;0;7;5
139;8;1;3;3;H;65
139;8;2;2;1;V;53
139;8;3;1;3;V;35
139;=;3;68;84;30;0
140;1;0;1;1;A;7
140;1;1;4;1;V;40
140;1;2;3;1;H;36
140;1;3;2;1;B;38
140;2;0;1;1;7;5
140;2;1;4;1;9;40
140;2;2;3;2;A;28
140;2;3;2;2;9;29
140;3;0;2;0;7;41
140;3;1;3;0;A;40
140;3;2;4;2;7;45
140;3;3;1;0;9;3
140;4;0;2;2;V;7
140;4;1;3;3;7;53
140;4;2;4;2;B;6
140;4;3;1;2;8;3
140;5;0;2;0;T;8
140;5;1;3;0;V;40
140;5;2;4;3;8;53
140;5;3;1;0;H;38
140;6;0;4;3;V;13
140;6;1;3;3;A;16
140;6;2;2;3;T;34
140;6;3;1;1;8;68
140;7;0;1;2;H;56
140;7;1;4;0;B;53
140;7;2;3;3;9;53
140;7;3;2;0;8;53
140;8;0;1;2;T;56
140;8;1;4;1;T;53
140;8;2;3;3;B;53
140;8;3;2;3;H;53
140;=;2;76;76;60;0
141;1;0;2;1;A;7
141;1;1;3;1;H;40
141;1;2;4;0;T;52
141;1;3;1;1;9;3
141;2;0;2;1;T;7
141;2;1;3;1;B;40
141;2;2;4;2;7;69
141;2;3;1;1;V;38
141;3;0;2;2;9;5
141;3;1;3;2;B;34
141;3;2;4;2;A;36
141;3;3;1;0;7;29
141;4;0;1;3;7;41
141;4;1;4;3;A;40
141;4;2;3;0;8;45
141;4;3;2;3;V;38
141;5;0;1;0;B;58
141;5;1;4;0;A;34
141;5;2;3;2;T;69
141;5;3;2;0;V;38
141;6;0;3;2;8;5
141;6;1;4;0;9;65
141;6;2;1;3;B;53
141;6;3;2;2;V;32
141;7;0;4;3;T;9
141;7;1;3;3;9;40
141;7;2;2;2;H;68
141;7;3;1;3;H;38
141;8;0;4;3;8;13
141;8;1;3;1;8;53
141;8;2;2;1;7;53
141;8;3;1;0;H;29
141;=;0;75;77;10;20
142;1;0;1;0;T;7
142;1;1;4;0;9;40
142;1;2;3;0;8;36
142;1;3;2;0;B;38
142;2;0;3;3;T;7
142;2;1;4;3;9;40
142;2;2;1;0;V;68
142;2;3;2;3;A;46
142;3;0;2;1;B;7
142;3;1;3;1;V;40
142;3;2;4;0;H;69
142;3;3;1;1;7;3
142;4;0;4;2;7;13
142;4;1;3;2;A;16
142;4;2;2;2;T;36
142;4;3;1;2;V;3
142;5;0;1;1;9;58
142;5;1;4;2;8;53
142;5;2;3;3;8;53
142;5;3;2;1;T;3
142;6;0;1;2;H;5
142;6;1;4;2;B;40
142;6;2;3;2;9;36
142;6;3;2;1;A;29
142;7;0;4;3;H;13
142;7;1;3;3;7;40
142;7;2;2;3;B;23
142;7;3;1;1;H;29
142;8;0;3;0;7;13
142;8;1;4;1;8;65
142;8;2;1;0;A;36
142;8;3;2;3;V;68
142;=;1;70;82;50;10
143;1;0;2;0;A;8
143;1;1;3;0;H;40
143;1;2;4;3;T;69
143;1;3;1;1;9;29
143;2;0;3;2;9;5
143;2;1;4;1;H;65
143;2;2;1;2;B;23
143;2;3;2;2;7;38
143;3;0;2;1;B;58
143;3;1;3;1;8;34
143;3;2;4;3;H;69
143;3;3;1;3;8;53
143;4;0;4;0;T;7
143;4;1;3;0;B;40
143;4;2;2;0;V;4
143;4;3;1;3;9;53
143;5;0;4;0;9;5
143;5;1;3;1;V;65
143;5;2;2;0;7;34
143;5;3;1;2;H;68
143;6;0;1;2;A;8
143;6;1;4;2;V;40
143;6;2;3;2;8;36
143;6;3;2;1;7;29
143;7;0;2;0;8;8
143;7;1;3;3;A;53
143;7;2;4;3;7;53
143;7;3;1;3;B;53
143;8;0;4;3;V;5
143;8;1;3;1;A;65
143;8;2;2;1;T;35
143;8;3;1;2;T;68
143;=;1;80;72;10;20
144;1;0;1;0;A;2
144;1;1;4;0;T;40
144;1;2;3;2;8;69
144;1;3;2;0;B;38
144;2;0;3;3;B;57
144;2;1;4;1;9;53
144;2;2;1;1;T;68
144;2;3;2;3;H;3
144;3;0;1;0;8;5
144;3;1;4;0;9;40
144;3;2;3;0;7;36
144;3;3;2;2;V;53
144;4;0;4;1;V;7
144;4;1;3;1;B;40
144;4;2;2;1;H;36
144;4;3;1;1;7;3
144;5;0;2;3;9;58
144;5;1;3;3;V;34
144;5;2;4;3;7;22
144;5;3;1;2;7;53
144;6;0;2;2;T;7
144;6;1;3;2;B;40
144;6;2;4;1;A;53
144;6;3;1;2;H;3
144;7;0;4;0;H;5
144;7;1;3;3;A;65
144;7;2;2;2;A;53
144;7;3;1;1;8;68
144;8;0;3;0;V;5
144;8;1;4;3;8;65
144;8;2;1;2;9;53
144;8;3;2;3;T;27
144;=;3;83;69;0;50
145;1;0;2;3;A;7
145;1;1;3;3;B;34
145;1;2;4;3;7;36
145;1;3;1;3;9;3
145;2;0;2;2;B;58
145;2;1;3;2;8;34
145;2;2;4;2;A;36
145;2;3;1;1;7;53
145;3;0;4;1;H;5
145;3;1;3;2;9;65
145;3;2;2;1;9;36
145;3;3;1;1;8;32
145;4;0;1;1;A;8
145;4;1;4;0;8;53
145;4;2;3;0;H;69
145;4;3;2;2;V;29
145;5;0;4;2;7;55
145;5;1;3;3;V;53
145;5;2;2;2;T;67
145;5;3;1;0;9;53
145;6;0;2;2;H;56
145;6;1;3;1;B;53
145;6;2;4;0;T;52
145;6;3;1;3;H;53
145;7;0;4;0;B;13
145;7;1;3;0;V;40
145;7;2;2;0;7;36
145;7;3;1;0;A;38
145;8;0;3;3;T;9
145;8;1;4;1;V;53
145;8;2;1;1;T;53
145;8;3;2;3;8;38
145;=;2;57;95;10;0
146;1;0;1;3;7;1
146;1;1;4;3;T;40
146;1;2;3;3;B;6
146;1;3;2;3;H;38
146;2;0;1;1;A;8
146;2;1;4;1;8;40
146;2;2;3;0;V;69
146;2;3;2;1;T;38
146;3;0;3;3;9;57
146;3;1;4;2;8;53
146;3;2;1;1;B;68
146;3;3;2;2;9;53
146;4;0;3;0;T;11
146;4;1;4;2;H;53
146;4;2;1;0;8;4
146;4;3;2;0;B;3
146;5;0;1;2;7;54
146;5;1;4;2;B;34
146;5;2;3;3;V;12
146;5;3;2;2;V;3
146;6;0;3;1;V;13
146;6;1;4;1;H;40
146;6;2;1;1;7;23
146;6;3;2;0;9;68
146;7;0;4;2;T;13
146;7;1;3;3;8;65
146;7;2;2;2;A;36
146;7;3;1;1;9;53
146;8;0;3;0;A;13
146;8;1;4;3;A;65
146;8;2;1;0;7;36
146;8;3;2;0;H;38
146;=;3;119;33;0;10
147;1;0;4;1;9;57
147;1;1;3;2;9;53
147;1;2;2;1;B;66
147;1;3;1;1;V;3
147;2;0;4;2;B;13
147;2;1;3;2;H;40
147;2;2;2;1;7;29
147;2;3;1;2;8;38
147;3;0;4;3;H;13
147;3;1;3;3;A;40
147;3;2;2;3;9;23
147;3;3;1;3;7;3
147;4;0;1;1;A;58
147;4;1;4;1;8;34
147;4;2;3;0;H;69
147;4;3;2;1;T;38
147;5;0;1;0;A;7
147;5;1;4;0;T;40
147;5;2;3;0;9;22
147;5;3;2;0;8;3
147;6;0;3;2;A;9
147;6;1;4;2;V;34
147;6;2;1;0;V;68
147;6;3;2;0;B;53
147;7;0;3;0;7;5
147;7;1;4;1;H;65
147;7;2;1;3;8;53
147;7;3;2;3;T;68
147;8;0;4;2;T;9
147;8;1;3;2;7;40
147;8;2;2;3;V;53
147;8;3;1;3;B;53
147;=;1;80;72;20;10
148;1;0;3;0;9;5
148;1;1;4;3;7;65
148;1;2;1;0;7;23
148;1;3;2;0;8;24
148;2;0;4;1;T;11
148;2;1;3;1;7;34
148;2;2;2;0;T;68
148;2;3;1;1;H;38
148;3;0;4;1;A;9
148;3;1;3;1;9;40
148;3;2;2;2;T;68
148;3;3;1;3;9;29
148;4;0;3;2;9;5
148;4;1;4;3;8;65
148;4;2;1;2;7;34
148;4;3;2;2;8;24
148;5;0;4;1;V;5
148;5;1;3;3;T;65
148;5;2;2;0;B;53
148;5;3;1;2;B;53
148;6;0;1;0;A;47
148;6;1;4;0;H;40
148;6;2;3;1;8;53
148;6;3;2;0;V;38
148;7;0;1;2;V;14
148;7;1;4;3;H;65
148;7;2;3;3;A;28
148;7;3;2;2;A;38
148;8;0;3;1;B;5
148;8;1;4;3;B;65
148;8;2;1;2;H;53
148;8;3;2;3;V;35
148;=;3;99;53;20;50
149;1;0;2;2;B;7
149;1;1;3;2;H;34
149;1;2;4;3;V;69
149;1;3;1;2;8;3
149;2;0;4;0;A;7
149;2;1;3;0;B;40
149;2;2;2;0;T;4
149;2;3;1;0;7;3
149;3;0;4;1;A;7
149;3;1;3;1;T;40
149;3;2;2;1;9;4
149;3;3;1;1;V;3
149;4;0;2;2;7;1
149;4;1;3;2;T;40
149;4;2;4;2;A;6
149;4;3;1;2;V;38
149;5;0;4;3;A;9
149;5;1;3;3;7;34
149;5;2;2;3;8;36
149;5;3;1;0;8;53
149;6;0;2;2;9;56
149;6;1;3;1;7;53
149;6;2;4;3;B;53
149;6;3;1;1;B;53
149;7;0;4;3;9;13
149;7;1;3;3;T;40
149;7;2;2;1;8;53
149;7;3;1;1;H;68
149;8;0;3;0;H;9
149;8;1;4;3;H;53
149;8;2;1;0;V;36
149;8;3;2;0;9;38
149;=;2;25;127;10;0
150;1;0;1;2;A;8
150;1;1;4;2;H;40
150;1;2;3;1;B;69
150;1;3;2;2;7;3
150;2;0;1;0;7;7
150;2;1;4;0;8;40
150;2;2;3;0;9;6
150;2;3;2;0;V;39
150;3;0;1;2;T;8
150;3;1;4;3;9;53
150;3;2;3;3;7;53
150;3;3;2;2;B;38
150;4;0;1;0;B;58
150;4;1;4;1;V;53
150;4;2;3;3;8;53
150;4;3;2;0;A;38
150;5;0;3;2;V;9
150;5;1;4;2;9;40
150;5;2;1;2;8;36
150;5;3;2;1;7;53
150;6;0;1;0;H;56
150;6;1;4;1;H;53
150;6;2;3;1;9;53
150;6;3;2;3;H;53
150;7;0;1;0;T;56
150;7;1;4;1;A;53
150;7;2;3;3;B;53
150;7;3;2;1;T;53
150;8;0;3;3;V;13
150;8;1;4;1;8;53
150;8;2;1;3;T;36
150;8;3;2;3;A;38
150;=;0;128;24;20;10
151;1;0;2;3;9;63
151;1;1;3;0;B;53
151;1;2;4;1;V;69
151;1;3;1;3;B;30
151;2;0;3;1;A;9
151;2;1;4;0;7;53
151;2;2;1;1;8;4
151;2;3;2;1;7;38
151;3;0;3;3;H;7
151;3;1;4;0;8;53
151;3;2;1;3;A;36
151;3;3;2;3;V;38
151;4;0;1;2;H;10
151;4;1;4;2;B;40
151;4;2;3;2;V;6
151;4;3;2;2;T;46
151;5;0;2;2;7;41
151;5;1;3;2;A;40
151;5;2;4;3;8;45
151;5;3;1;1;9;53
151;6;0;2;2;8;5
151;6;1;3;3;T;65
151;6;2;4;0;9;53
151;6;3;1;1;H;68
151;7;0;1;0;A;7
151;7;1;4;0;H;40
151;7;2;3;0;V;36
151;7;3;2;0;T;38
151;8;0;3;1;T;13
151;8;1;4;3;7;65
151;8;2;1;1;B;36
151;8;3;2;2;9;68
151;=;3;110;42;60;60
152;1;0;1;3;A;7
152;1;1;4;3;9;40
152;1;2;3;3;8;36
152;1;3;2;3;H;3
152;2;0;1;1;A;8
152;2;1;4;1;9;34
152;2;2;3;1;7;36
152;2;3;2;1;V;3
152;3;0;1;2;A;8
152;3;1;4;2;8;40
152;3;2;3;0;7;35
152;3;3;2;2;7;38
152;4;0;1;2;T;8
152;4;1;4;2;B;40
152;4;2;3;3;B;53
152;4;3;2;0;8;29
152;5;0;2;0;V;7
152;5;1;3;0;A;42
152;5;2;4;0;B;6
152;5;3;1;0;T;38
152;6;0;4;1;B;5
152;6;1;3;0;9;65
152;6;2;2;1;H;36
152;6;3;1;1;8;38
152;7;0;3;3;T;9
152;7;1;4;2;H;53
152;7;2;1;3;V;36
152;7;3;2;3;7;38
152;8;0;3;2;9;13
152;8;1;4;1;T;53
152;8;2;1;2;V;36
152;8;3;2;0;H;29
152;=;0;77;75;0;30
153;1;0;4;3;A;7
153;1;1;3;3;H;40
153;1;2;2;3;V;36
153;1;3;1;3;8;3
153;2;0;4;3;T;9
153;2;1;3;2;9;53
153;2;2;2;1;T;68
153;2;3;1;3;B;38
153;3;0;2;0;B;58
153;3;1;3;2;T;53
153;3;2;4;0;7;36
153;3;3;1;0;H;3
153;4;0;2;0;9;58
153;4;1;3;3;9;53
153;4;2;4;2;V;69
153;4;3;1;0;A;38
153;5;0;2;0;V;56
153;5;1;3;2;A;53
153;5;2;4;2;7;53
153;5;3;1;2;8;53
153;6;0;2;0;T;56
153;6;1;3;3;7;53
153;6;2;4;1;7;53
153;6;3;1;1;9;53
153;7;0;2;0;8;56
153;7;1;3;1;A;53
153;7;2;4;2;B;53
153;7;3;1;1;B;53
153;8;0;4;1;V;13
153;8;1;3;1;H;40
153;8;2;2;1;8;36
153;8;3;1;2;H;68
153;=;0;11;141;10;20
154;1;0;3;1;7;7
154;1;1;4;1;H;40
154;1;2;1;1;9;6
154;1;3;2;1;8;38
154;2;0;1;2;T;7
154;2;1;4;2;7;40
154;2;2;3;2;8;22
154;2;3;2;2;V;3
154;3;0;1;3;A;7
154;3;1;4;3;8;34
154;3;2;3;3;9;22
154;3;3;2;3;B;3
154;4;0;1;1;B;58
154;4;1;4;0;7;53
154;4;2;3;3;7;53
154;4;3;2;2;9;53
154;5;0;3;2;B;9
154;5;1;4;3;H;53
154;5;2;1;2;H;4
154;5;3;2;0;9;53
154;6;0;1;2;A;8
154;6;1;4;0;8;53
154;6;2;3;0;H;53
154;6;3;2;0;V;53
154;7;0;1;0;B;47
154;7;1;4;0;A;40
154;7;2;3;1;V;28
154;7;3;2;0;T;38
154;8;0;3;1;A;55
154;8;1;4;3;V;53
154;8;2;1;1;T;36
154;8;3;2;3;T;53
154;=;1;152;0;30;0
155;1;0;4;0;H;7
155;1;1;3;0;V;40
155;1;2;2;0;B;6
155;1;3;1;0;A;38
155;2;0;2;0;T;7
155;2;1;3;0;8;40
155;2;2;4;0;9;6
155;2;3;1;2;7;53
155;3;0;4;1;H;7
155;3;1;3;2;8;53
155;3;2;2;1;V;4
155;3;3;1;1;B;38
155;4;0;4;1;9;9
155;4;1;3;2;9;53
155;4;2;2;1;8;4
155;4;3;1;3;V;53
155;5;0;4;1;7;5
155;5;1;3;0;7;65
155;5;2;2;1;T;34
155;5;3;1;3;T;68
155;6;0;1;2;A;2
155;6;1;4;2;T;40
155;6;2;3;3;B;53
155;6;3;2;2;B;38
155;7;0;3;3;H;9
155;7;1;4;3;7;34
155;7;2;1;3;A;36
155;7;3;2;3;8;38
155;8;0;1;2;H;8
155;8;1;4;3;9;53
155;8;2;3;2;V;36
155;8;3;2;1;A;53
155;=;0;78;74;10;110
156;1;0;1;0;8;7
156;1;1;4;3;9;53
156;1;2;3;0;9;6
156;1;3;2;0;7;38
156;2;0;1;0;A;58
156;2;1;4;1;8;53
156;2;2;3;1;H;69
156;2;3;2;2;9;53
156;3;0;1;0;V;7
156;3;1;4;2;7;53
156;3;2;3;0;H;6
156;3;3;2;1;9;53
156;4;0;1;0;B;56
156;4;1;4;2;V;53
156;4;2;3;2;8;53
156;4;3;2;1;V;53
156;5;0;1;0;T;56
156;5;1;4;3;T;53
156;5;2;3;2;B;53
156;5;3;2;3;H;53
156;6;0;3;3;7;13
156;6;1;4;1;T;53
156;6;2;1;3;8;36
156;6;3;2;3;A;38
156;7;0;4;2;A;9
156;7;1;3;3;V;53
156;7;2;2;2;T;4
156;7;3;1;1;7;53
156;8;0;4;3;B;9
156;8;1;3;1;A;53
156;8;2;2;2;H;53
156;8;3;1;1;B;53
156;=;0;88;64;40;10
157;1;0;2;3;T;7
157;1;1;3;3;7;40
157;1;2;4;3;9;6
157;1;3;1;3;H;3
157;2;0;2;1;A;8
157;2;1;3;2;7;53
157;2;2;4;1;9;22
157;2;3;1;1;8;3
157;3;0;2;3;A;58
157;3;1;3;2;8;53
157;3;2;4;2;B;69
157;3;3;1;3;8;38
157;4;0;2;3;B;58
157;4;1;3;0;9;53
157;4;2;4;0;7;53
157;4;3;1;0;V;53
157;5;0;4;1;V;13
157;5;1;3;2;V;53
157;5;2;2;1;7;4
157;5;3;1;1;T;38
157;6;0;3;0;H;2
157;6;1;4;0;T;40
157;6;2;1;0;A;6
157;6;3;2;0;8;3
157;7;0;1;2;A;8
157;7;1;4;2;9;34
157;7;2;3;1;B;53
157;7;3;2;0;B;53
157;8;0;1;2;H;47
157;8;1;4;2;T;40
157;8;2;3;3;V;28
157;8;3;2;1;H;53
157;=;3;77;75;10;0
158;1;0;3;3;7;7
158;1;1;4;3;8;42
158;1;2;1;3;9;6
158;1;3;2;3;T;38
158;2;0;1;3;H;7
158;2;1;4;3;V;40
158;2;2;3;2;H;69
158;2;3;2;2;7;53
158;3;0;1;3;A;56
158;3;1;4;0;8;53
158;3;2;3;0;T;69
158;3;3;2;1;7;53
158;4;0;1;3;B;56
158;4;1;4;0;H;53
158;4;2;3;2;8;53
158;4;3;2;1;9;53
158;5;0;3;2;9;13
158;5;1;4;2;V;16
158;5;2;1;1;8;53
158;5;3;2;2;A;38
158;6;0;4;1;T;7
158;6;1;3;1;B;40
158;6;2;2;1;V;4
158;6;3;1;0;9;53
158;7;0;4;2;T;9
158;7;1;3;0;7;53
158;7;2;2;1;A;53
158;7;3;1;0;B;53
158;8;0;4;1;H;9
158;8;1;3;2;B;53
158;8;2;2;0;A;53
158;8;3;1;0;V;53
158;=;3;80;72;70;30
159;1;0;2;0;9;7
159;1;1;3;0;V;34
159;1;2;4;0;B;6
159;1;3;1;0;8;3
159;2;0;4;3;A;7
159;2;1;3;3;7;34
159;2;2;2;3;B;36
159;2;3;1;3;8;3
159;3;0;4;1;A;7
159;3;1;3;1;7;34
159;3;2;2;1;V;4
159;3;3;1;1;9;3
159;4;0;4;0;A;57
159;4;1;3;0;H;40
159;4;2;2;0;7;36
159;4;3;1;0;T;38
159;5;0;4;2;V;7
159;5;1;3;2;7;40
159;5;2;2;2;T;4
159;5;3;1;2;B;38
159;6;0;2;2;A;8
159;6;1;3;3;V;53
159;6;2;4;1;8;53
159;6;3;1;3;9;53
159;7;0;2;2;H;8
159;7;1;3;2;9;40
159;7;2;4;3;H;53
159;7;3;1;1;B;53
159;8;0;4;2;8;9
159;8;1;3;1;T;53
159;8;2;2;1;H;68
159;8;3;1;3;T;53
159;=;0;0;152;0;30
160;1;0;1;1;A;7
160;1;1;4;1;V;34
160;1;2;3;1;H;22
160;1;3;2;0;A;29
160;2;0;2;2;A;8
160;2;1;3;2;B;34
160;2;2;4;2;7;22
160;2;3;1;2;8;3
160;3;0;4;3;H;5
160;3;1;3;0;9;65
160;3;2;2;3;7;34
160;3;3;1;3;V;38
160;4;0;3;0;B;57
160;4;1;4;1;9;53
160;4;2;1;0;7;4
160;4;3;2;0;8;38
160;5;0;1;0;T;58
160;5;1;4;2;V;53
160;5;2;3;2;T;52
160;5;3;2;3;8;53
160;6;0;3;2;H;9
160;6;1;4;1;B;53
160;6;2;1;2;9;36
160;6;3;2;3;9;53
160;7;0;3;1;8;13
160;7;1;4;1;T;40
160;7;2;1;1;7;36
160;7;3;2;3;T;68
160;8;0;4;0;H;7
160;8;1;3;3;A;53
160;8;2;2;3;B;68
160;8;3;1;0;V;38
160;=;0;70;82;0;50
161;1;0;2;0;7;41
161;1;1;3;0;A;40
161;1;2;4;2;7;45
161;1;3;1;0;9;3
161;2;0;2;2;H;5
161;2;1;3;2;B;40
161;2;2;4;2;9;34
161;2;3;1;3;T;68
161;3;0;3;1;T;9
161;3;1;4;1;V;40
161;3;2;1;1;7;4
161;3;3;2;1;8;3
161;4;0;3;3;A;9
161;4;1;4;3;7;40
161;4;2;1;3;8;4
161;4;3;2;3;B;38
161;5;0;3;3;9;5
161;5;1;4;2;V;65
161;5;2;1;3;V;36
161;5;3;2;0;8;68
161;6;0;4;0;H;7
161;6;1;3;0;V;40
161;6;2;2;1;9;68
161;6;3;1;0;B;38
161;7;0;4;0;T;9
161;7;1;3;1;B;53
161;7;2;2;2;T;35
161;7;3;1;1;H;53
161;8;0;2;2;A;56
161;8;1;3;3;H;53
161;8;2;4;2;8;36
161;8;3;1;1;A;53
161;=;2;74;78;0;30
162;1;0;3;1;7;2
162;1;1;4;1;T;40
162;1;2;1;1;A;6
162;1;3;2;1;B;3
162;2;0;3;3;A;9
162;2;1;4;3;9;40
162;2;2;1;2;V;68
162;2;3;2;3;H;38
162;3;0;3;3;T;9
162;3;1;4;2;8;53
162;3;2;1;2;T;51
162;3;3;2;0;8;65
162;4;0;4;2;9;5
162;4;1;3;0;V;65
162;4;2;2;2;7;34
162;4;3;1;1;8;53
162;5;0;3;3;7;5
162;5;1;4;0;B;65
162;5;2;1;0;7;35
162;5;3;2;1;H;68
162;6;0;4;1;9;13
162;6;1;3;3;8;53
162;6;2;2;1;V;36
162;6;3;1;0;T;29
162;7;0;1;0;A;58
162;7;1;4;2;B;53
162;7;2;3;3;B;53
162;7;3;2;0;H;38
162;8;0;3;2;A;9
162;8;1;4;3;V;53
162;8;2;1;0;9;35
162;8;3;2;2;H;38
162;=;0;108;44;10;0
163;1;0;4;0;A;7
163;1;1;3;0;V;40
163;1;2;2;0;B;6
163;1;3;1;0;9;3
163;2;0;4;2;A;7
163;2;1;3;2;H;34
163;2;2;2;2;B;36
163;2;3;1;2;7;3
163;3;0;2;1;A;7
163;3;1;3;1;H;40
163;3;2;4;1;V;22
163;3;3;1;1;9;38
163;4;0;2;3;A;7
163;4;1;3;3;9;40
163;4;2;4;3;8;22
163;4;3;1;3;7;3
163;5;0;4;3;V;5
163;5;1;3;0;7;65
163;5;2;2;3;H;23
163;5;3;1;3;T;38
163;6;0;3;0;T;57
163;6;1;4;1;8;53
163;6;2;1;0;H;36
163;6;3;2;0;8;38
163;7;0;3;2;T;9
163;7;1;4;1;7;53
163;7;2;1;2;8;4
163;7;3;2;3;B;53
163;8;0;1;2;V;8
163;8;1;4;1;T;53
163;8;2;3;2;9;36
163;8;3;2;1;B;53
163;=;0;58;94;10;40
164;1;0;1;3;H;7
164;1;1;4;3;V;40
164;1;2;3;0;H;69
164;1;3;2;3;9;3
164;2;0;3;1;T;10
164;2;1;4;1;7;34
164;2;2;1;3;T;68
164;2;3;2;1;B;3
164;3;0;3;2;V;7
164;3;1;4;2;A;42
164;3;2;1;2;B;6
164;3;3;2;0;8;53
164;4;0;1;3;A;8
164;4;1;4;3;7;40
164;4;2;3;0;T;52
164;4;3;2;3;B;38
164;5;0;3;2;9;57
164;5;1;4;2;H;40
164;5;2;1;2;7;4
164;5;3;2;0;9;53
164;6;0;1;3;8;8
164;6;1;4;1;9;53
164;6;2;3;0;B;53
164;6;3;2;1;V;53
164;7;0;3;2;8;55
164;7;1;4;1;A;53
164;7;2;1;2;T;36
164;7;3;2;0;V;53
164;8;0;3;1;8;13
164;8;1;4;0;A;53
164;8;2;1;0;7;53
164;8;3;2;1;H;38
164;=;2;137;15;0;10
165;1;0;2;1;H;7
165;1;1;3;2;V;53
165;1;2;4;1;A;6
165;1;3;1;1;V;38
165;2;0;4;3;A;7
165;2;1;3;3;T;34
165;2;2;2;3;V;36
165;2;3;1;3;7;3
165;3;0;4;1;7;2
165;3;1;3;1;T;40
165;3;2;2;1;B;6
165;3;3;1;2;7;53
165;4;0;2;0;A;8
165;4;1;3;3;H;53
165;4;2;4;0;8;22
165;4;3;1;0;7;3
165;5;0;2;1;9;56
165;5;1;3;3;9;53
165;5;2;4;3;8;53
165;5;3;1;2;8;53
165;6;0;2;1;8;56
165;6;1;3;2;T;53
165;6;2;4;2;9;53
165;6;3;1;3;B;53
165;7;0;4;0;9;13
165;7;1;3;0;B;40
165;7;2;2;0;V;36
165;7;3;1;0;T;38
165;8;0;3;2;A;9
165;8;1;4;0;H;53
165;8;2;1;2;B;36
165;8;3;2;2;H;38
165;=;1;36;116;60;40
166;1;0;1;3;A;8
166;1;1;4;3;V;40
166;1;2;3;1;V;69
166;1;3;2;3;9;38
166;2;0;1;3;T;8
166;2;1;4;3;H;40
166;2;2;3;1;B;69
166;2;3;2;0;8;29
166;3;0;2;0;B;58
166;3;1;3;0;H;34
166;3;2;4;2;9;53
166;3;3;1;0;7;3
166;4;0;4;3;B;5
166;4;1;3;0;A;65
166;4;2;2;1;8;53
166;4;3;1;3;8;38
166;5;0;3;2;A;7
166;5;1;4;1;7;53
166;5;2;1;2;V;4
166;5;3;2;2;H;38
166;6;0;3;3;7;5
166;6;1;4;0;9;65
166;6;2;1;1;9;53
166;6;3;2;1;T;68
166;7;0;4;1;H;13
166;7;1;3;2;B;53
166;7;2;2;1;A;36
166;7;3;1;0;T;29
166;8;0;3;2;7;13
166;8;1;4;2;8;40
166;8;2;1;2;T;36
166;8;3;2;0;V;29
166;=;0;75;77;20;10
167;1;0;2;3;T;7
167;1;1;3;3;V;34
167;1;2;4;0;V;69
167;1;3;1;3;8;3
167;2;0;2;0;7;41
167;2;1;3;0;T;40
167;2;2;4;1;7;45
167;2;3;1;0;8;3
167;3;0;4;2;A;9
167;3;1;3;2;B;40
167;3;2;2;2;8;4
167;3;3;1;2;7;38
167;4;0;2;2;V;41
167;4;1;3;2;T;40
167;4;2;4;1;8;45
167;4;3;1;3;9;53
167;5;0;2;3;A;8
167;5;1;3;3;H;40
167;5;2;4;1;T;52
167;5;3;1;3;B;38
167;6;0;4;1;9;57
167;6;1;3;1;A;40
167;6;2;2;1;B;36
167;6;3;1;0;B;53
167;7;0;4;1;H;7
167;7;1;3;1;V;40
167;7;2;2;0;9;68
167;7;3;1;0;H;53
167;8;0;4;3;7;9
167;8;1;3;2;9;53
167;8;2;2;2;H;53
167;8;3;1;0;A;53
167;=;1;0;152;0;30
168;1;0;1;0;8;7
168;1;1;4;0;T;40
168;1;2;3;0;9;6
168;1;3;2;0;V;38
168;2;0;1;2;A;7
168;2;1;4;2;H;40
168;2;2;3;2;B;22
168;2;3;2;2;V;38
168;3;0;3;1;A;7
168;3;1;4;1;7;34
168;3;2;1;1;8;4
168;3;3;2;1;B;3
168;4;0;1;0;A;58
168;4;1;4;0;7;34
168;4;2;3;2;T;69
168;4;3;2;3;9;53
168;5;0;1;0;B;58
168;5;1;4;0;H;40
168;5;2;3;2;7;53
168;5;3;2;1;9;53
168;6;0;3;2;9;9
168;6;1;4;3;V;53
168;6;2;1;1;H;68
168;6;3;2;3;T;53
168;7;0;3;2;8;9
168;7;1;4;1;V;53
168;7;2;1;3;B;68
168;7;3;2;1;T;53
168;8;0;3;3;7;13
168;8;1;4;3;H;40
168;8;2;1;3;8;36
168;8;3;2;3;A;38
168;=;0;137;15;70;10
169;1;0;4;0;A;7
169;1;1;3;0;B;34
169;1;2;2;0;T;4
169;1;3;1;0;9;38
169;2;0;2;1;A;8
169;2;1;3;1;B;40
169;2;2;4;0;7;69
169;2;3;1;1;7;3
169;3;0;2;0;H;5
169;3;1;3;0;8;34
169;3;2;4;2;8;53
169;3;3;1;3;B;29
169;4;0;3;0;V;5
169;4;1;4;3;H;65
169;4;2;1;2;9;53
169;4;3;2;2;7;53
169;5;0;2;2;B;41
169;5;1;3;2;T;40
169;5;2;4;3;T;45
169;5;3;1;2;H;34
169;6;0;2;3;9;58
169;6;1;3;3;7;34
169;6;2;4;3;V;36
169;6;3;1;2;V;53
169;7;0;4;1;T;9
169;7;1;3;1;H;40
169;7;2;2;1;8;36
169;7;3;1;1;V;38
169;8;0;4;1;9;5
169;8;1;3;3;A;65
169;8;2;2;3;8;35
169;8;3;1;2;A;53
169;=;3;46;106;10;20
170;1;0;1;0;A;2
170;1;1;4;0;T;40
170;1;2;3;2;8;69
170;1;3;2;0;B;3
170;2;0;3;1;A;9
170;2;1;4;1;7;34
170;2;2;1;0;9;68
170;2;3;2;1;V;3
170;3;0;1;3;T;7
170;3;1;4;3;A;40
170;3;2;3;3;B;6
170;3;3;2;3;9;38
170;4;0;3;1;T;9
170;4;1;4;1;8;34
170;4;2;1;0;8;68
170;4;3;2;1;H;38
170;5;0;3;3;H;55
170;5;1;4;1;9;53
170;5;2;1;3;7;4
170;5;3;2;2;V;53
170;6;0;3;1;B;9
170;6;1;4;0;7;53
170;6;2;1;2;9;68
170;6;3;2;0;V;53
170;7;0;3;3;V;55
170;7;1;4;2;H;53
170;7;2;1;3;8;36
170;7;3;2;0;H;53
170;8;0;3;2;B;13
170;8;1;4;2;A;40
170;8;2;1;2;7;36
170;8;3;2;2;T;38
170;=;3;129;23;20;10
171;1;0;4;0;A;9
171;1;1;3;0;8;34
171;1;2;2;3;H;68
171;1;3;1;0;T;38
171;2;0;2;1;B;58
171;2;1;3;2;9;53
171;2;2;4;0;H;69
171;2;3;1;1;T;3
171;3;0;2;3;V;41
171;3;1;3;3;T;40
171;3;2;4;1;V;45
171;3;3;1;3;7;34
171;4;0;4;0;9;13
171;4;1;3;0;7;34
171;4;2;2;2;7;53
171;4;3;1;1;9;29
171;5;0;3;3;9;5
171;5;1;4;1;A;65
171;5;2;1;3;8;36
171;5;3;2;2;H;68
171;6;0;4;0;V;9
171;6;1;3;0;B;40
171;6;2;2;1;7;35
171;6;3;1;2;B;53
171;7;0;2;1;H;56
171;7;1;3;2;8;53
171;7;2;4;3;B;53
171;7;3;1;2;T;53
171;8;0;2;1;8;56
171;8;1;3;3;A;53
171;8;2;4;2;V;53
171;8;3;1;2;A;53
171;=;1;14;138;0;10
172;1;0;3;3;7;7
172;1;1;4;3;8;42
172;1;2;1;3;9;6
172;1;3;2;3;T;38
172;2;0;1;3;B;58
172;2;1;4;3;H;40
172;2;2;3;1;H;69
172;2;3;2;2;8;53
172;3;0;3;1;A;7
172;3;1;4;1;B;40
172;3;2;1;1;V;4
172;3;3;2;1;9;3
172;4;0;1;3;V;5
172;4;1;4;3;A;40
172;4;2;3;2;7;53
172;4;3;2;0;T;68
172;5;0;4;2;A;7
172;5;1;3;2;H;34
172;5;2;2;2;V;4
172;5;3;1;2;9;38
172;6;0;4;0;H;9
172;6;1;3;0;7;40
172;6;2;2;0;A;36
172;6;3;1;0;8;3
172;7;0;4;0;V;9
172;7;1;3;1;7;53
172;7;2;2;2;B;68
172;7;3;1;0;9;38
172;8;0;4;0;B;9
172;8;1;3;2;T;53
172;8;2;2;1;T;53
172;8;3;1;1;8;53
172;=;3;68;84;50;30
173;1;0;2;3;9;54
173;1;1;3;3;V;34
173;1;2;4;1;A;12
173;1;3;1;3;7;34
173;2;0;4;2;8;13
173;2;1;3;2;T;40
173;2;2;2;2;B;23
173;2;3;1;2;9;24
173;3;0;1;2;A;8
173;3;1;4;0;7;53
173;3;2;3;3;B;69
173;3;3;2;2;V;3
173;4;0;3;3;8;13
173;4;1;4;3;A;16
173;4;2;1;3;T;36
173;4;3;2;2;H;53
173;5;0;2;0;A;7
173;5;1;3;0;8;40
173;5;2;4;0;9;22
173;5;3;1;0;H;3
173;6;0;4;3;H;5
173;6;1;3;1;V;65
173;6;2;2;1;T;29
173;6;3;1;2;7;53
173;7;0;4;0;B;5
173;7;1;3;1;8;65
173;7;2;2;1;9;29
173;7;3;1;0;T;38
173;8;0;4;0;V;5
173;8;1;3;1;B;65
173;8;2;2;1;7;35
173;8;3;1;1;H;35
173;=;1;55;97;60;0
174;1;0;1;0;V;7
174;1;1;4;0;A;18
174;1;2;3;0;B;6
174;1;3;2;0;9;38
174;2;0;3;0;H;57
174;2;1;4;0;7;40
174;2;2;1;0;T;66
174;2;3;2;3;9;53
174;3;0;1;0;8;56
174;3;1;4;2;8;53
174;3;2;3;1;B;69
174;3;3;2;3;B;53
174;4;0;3;3;8;13
174;4;1;4;3;H;40
174;4;2;1;3;T;49
174;4;3;2;3;A;46
174;5;0;4;2;H;7
174;5;1;3;2;7;34
174;5;2;2;2;T;4
174;5;3;1;2;B;38
174;6;0;2;1;A;7
174;6;1;3;1;H;40
174;6;2;4;1;V;22
174;6;3;1;1;8;3
174;7;0;2;2;A;8
174;7;1;3;2;9;40
174;7;2;4;1;7;53
174;7;3;1;3;7;53
174;8;0;2;3;V;8
174;8;1;3;2;V;53
174;8;2;4;1;9;53
174;8;3;1;1;T;53
174;=;0;66;86;0;30
175;1;0;4;3;8;7
175;1;1;3;3;7;40
175;1;2;2;3;9;6
175;1;3;1;2;8;53
175;2;0;2;3;B;56
175;2;1;3;1;B;53
175;2;2;4;3;T;36
175;2;3;1;2;9;53
175;3;0;4;3;A;55
175;3;1;3;0;V;53
175;3;2;2;3;V;36
175;3;3;1;1;9;53
175;4;0;4;2;7;13
175;4;1;3;2;H;40
175;4;2;2;2;T;36
175;4;3;1;2;A;38
175;5;0;3;1;A;9
175;5;1;4;1;8;40
175;5;2;1;1;V;36
175;5;3;2;1;7;38
175;6;0;1;0;A;2
175;6;1;4;0;T;40
175;6;2;3;1;H;53
175;6;3;2;0;8;3
175;7;0;3;1;T;9
175;7;1;4;2;B;53
175;7;2;1;0;7;68
175;7;3;2;0;9;53
175;8;0;1;0;H;8
175;8;1;4;2;V;53
175;8;2;3;3;H;35
175;8;3;2;0;B;38
175;=;3;89;63;10;20
176;1;0;3;3;T;7
176;1;1;4;3;7;40
176;1;2;1;3;B;6
176;1;3;2;3;8;3
176;2;0;1;1;A;8
176;2;1;4;1;7;34
176;2;2;3;1;H;36
176;2;3;2;1;8;3
176;3;0;1;1;9;41
176;3;1;4;1;T;40
176;3;2;3;3;A;45
176;3;3;2;1;B;38
176;4;0;3;2;9;13
176;4;1;4;2;V;40
176;4;2;1;2;A;49
176;4;3;2;2;T;38
176;5;0;3;0;7;13
176;5;1;4;0;9;16
176;5;2;1;0;B;36
176;5;3;2;0;T;46
176;6;0;2;3;9;58
176;6;1;3;2;H;53
176;6;2;4;0;8;53
176;6;3;1;2;7;53
176;7;0;2;3;V;7
176;7;1;3;0;H;53
176;7;2;4;3;H;6
176;7;3;1;2;8;53
176;8;0;4;1;V;9
176;8;1;3;0;A;53
176;8;2;2;0;V;68
176;8;3;1;2;B;53
176;=;3;92;60;20;50
177;1;0;2;2;A;7
177;1;1;3;2;9;34
177;1;2;4;2;7;36
177;1;3;1;2;H;3
177;2;0;2;2;B;54
177;2;1;3;2;V;40
177;2;2;4;0;7;12
177;2;3;1;2;8;38
177;3;0;4;3;7;13
177;3;1;3;3;B;40
177;3;2;2;3;H;36
177;3;3;1;3;A;46
177;4;0;3;1;7;13
177;4;1;4;1;8;40
177;4;2;1;1;V;49
177;4;3;2;1;H;38
177;5;0;4;3;9;13
177;5;1;3;1;9;53
177;5;2;2;0;8;35
177;5;3;1;3;8;38
177;6;0;4;3;V;13
177;6;1;3;3;T;40
177;6;2;2;0;T;29
177;6;3;1;1;T;53
177;7;0;4;0;B;57
177;7;1;3;1;B;53
177;7;2;2;0;9;4
177;7;3;1;0;V;3
177;8;0;2;0;A;58
177;8;1;3;2;T;53
177;8;2;4;1;A;53
177;8;3;1;0;H;38
177;=;0;17;135;0;10
178;1;0;3;0;8;7
178;1;1;4;0;9;40
178;1;2;1;0;B;6
178;1;3;2;0;7;39
178;2;0;1;0;A;58
178;2;1;4;0;H;40
178;2;2;3;3;T;69
178;2;3;2;0;T;38
178;3;0;3;2;V;11
178;3;1;4;2;7;40
178;3;2;1;2;T;4
178;3;3;2;2;8;3
178;4;0;1;2;H;47
178;4;1;4;2;A;40
178;4;2;3;0;V;28
178;4;3;2;2;9;38
178;5;0;3;3;8;13
178;5;1;4;1;7;53
178;5;2;1;3;B;23
178;5;3;2;3;9;38
178;6;0;3;1;8;13
178;6;1;4;1;T;40
178;6;2;1;1;B;23
178;6;3;2;1;V;24
178;7;0;4;2;B;9
178;7;1;3;3;H;53
178;7;2;2;1;H;53
178;7;3;1;1;9;53
178;8;0;2;1;A;8
178;8;1;3;3;A;53
178;8;2;4;3;7;53
178;8;3;1;3;V;53
178;=;0;102;50;20;30
179;1;0;2;0;V;7
179;1;1;3;0;T;40
179;1;2;4;0;B;6
179;1;3;1;0;A;39
179;2;0;2;3;V;1
179;2;1;3;3;T;40
179;2;2;4;3;A;6
179;2;3;1;0;H;29
179;3;0;1;2;T;7
179;3;1;4;3;7;53
179;3;2;3;2;9;22
179;3;3;2;2;7;3
179;4;0;1;0;9;58
179;4;1;4;1;7;53
179;4;2;3;1;B;53
179;4;3;2;0;7;3
179;5;0;3;3;H;13
179;5;1;4;3;B;40
179;5;2;1;2;8;53
179;5;3;2;0;8;29
179;6;0;4;1;9;2
179;6;1;3;1;T;40
179;6;2;2;1;A;6
179;6;3;1;1;V;3
179;7;0;4;3;9;9
179;7;1;3;2;H;53
179;7;2;2;2;B;68
179;7;3;1;1;H;53
179;8;0;2;1;8;8
179;8;1;3;3;8;53
179;8;2;4;2;V;53
179;8;3;1;2;A;53
179;=;0;54;98;0;30
180;1;0;3;0;T;7
180;1;1;4;3;9;53
180;1;2;1;0;B;6
180;1;3;2;0;8;3
180;2;0;3;2;T;11
180;2;1;4;2;7;34
180;2;2;1;2;B;36
180;2;3;2;2;A;46
180;3;0;2;0;9;7
180;3;1;3;0;V;40
180;3;2;4;1;H;69
180;3;3;1;0;7;3
180;4;0;4;1;A;1
180;4;1;3;1;T;40
180;4;2;2;2;H;68
180;4;3;1;1;8;38
180;5;0;4;2;8;13
180;5;1;3;3;8;53
180;5;2;2;2;9;23
180;5;3;1;0;H;29
180;6;0;3;3;A;7
180;6;1;4;1;7;53
180;6;2;1;3;V;4
180;6;3;2;3;B;3
180;7;0;3;1;V;9
180;7;1;4;1;9;34
180;7;2;1;3;7;68
180;7;3;2;2;V;53
180;8;0;3;3;T;9
180;8;1;4;1;B;53
180;8;2;1;0;A;35
180;8;3;2;3;H;38
180;=;0;83;69;10;0
181;1;0;2;3;A;7
181;1;1;3;3;B;34
181;1;2;4;1;7;69
181;1;3;1;3;7;3
181;2;0;2;1;A;8
181;2;1;3;1;8;34
181;2;2;4;1;H;36
181;2;3;1;1;9;38
181;3;0;2;0;B;58
181;3;1;3;0;7;40
181;3;2;4;0;V;22
181;3;3;1;3;8;53
181;4;0;2;0;9;58
181;4;1;3;0;A;40
181;4;2;4;0;H;36
181;4;3;1;3;9;53
181;5;0;4;2;B;62
181;5;1;3;1;B;53
181;5;2;2;2;T;6
181;5;3;1;2;A;46
181;6;0;1;2;H;8
181;6;1;4;2;7;40
181;6;2;3;1;T;69
181;6;3;2;2;V;38
181;7;0;1;2;9;8
181;7;1;4;2;8;40
181;7;2;3;3;H;53
181;7;3;2;0;T;29
181;8;0;2;1;V;8
181;8;1;3;3;T;53
181;8;2;4;0;8;35
181;8;3;1;3;V;53
181;=;0;42;110;0;10
182;1;0;3;0;T;7
182;1;1;4;0;9;40
182;1;2;1;0;B;6
182;1;3;2;0;H;39
182;2;0;3;3;A;7
182;2;1;4;3;8;34
182;2;2;1;1;T;68
182;2;3;2;3;7;3
182;3;0;3;2;H;5
182;3;1;4;0;A;65
182;3;2;1;2;7;34
182;3;3;2;2;A;48
182;4;0;4;3;V;13
182;4;1;3;3;B;40
182;4;2;2;3;H;36
182;4;3;1;0;V;29
182;5;0;3;2;T;7
182;5;1;4;1;H;53
182;5;2;1;2;B;4
182;5;3;2;2;V;38
182;6;0;3;1;9;13
182;6;1;4;1;A;40
182;6;2;1;1;8;23
182;6;3;2;1;7;24
182;7;0;2;0;8;58
182;7;1;3;0;7;40
182;7;2;4;3;T;69
182;7;3;1;2;8;53
182;8;0;4;3;9;9
182;8;1;3;2;9;53
182;8;2;2;1;B;68
182;8;3;1;1;V;53
182;=;0;100;52;60;30
183;1;0;2;2;T;7
183;1;1;3;0;8;53
183;1;2;4;2;B;6
183;1;3;1;2;9;38
183;2;0;4;3;A;9
183;2;1;3;3;H;40
183;2;2;2;3;8;36
183;2;3;1;3;7;3
183;3;0;4;3;T;7
183;3;1;3;3;9;40
183;3;2;2;1;H;68
183;3;3;1;3;B;38
183;4;0;4;3;V;5
183;4;1;3;2;8;65
183;4;2;2;2;V;29
183;4;3;1;1;8;53
183;5;0;2;1;A;8
183;5;1;3;0;9;53
183;5;2;4;0;H;53
183;5;3;1;1;9;3
183;6;0;2;0;B;54
183;6;1;3;0;V;34
183;6;2;4;2;H;12
183;6;3;1;0;7;34
183;7;0;4;2;A;57
183;7;1;3;2;7;40
183;7;2;2;1;V;68
183;7;3;1;1;B;53
183;8;0;4;1;T;9
183;8;1;3;0;A;53
183;8;2;2;1;7;36
183;8;3;1;0;T;53
183;=;2;0;152;0;50
184;1;0;1;1;B;54
184;1;1;4;1;9;34
184;1;2;3;0;H;12
184;1;3;2;1;8;34
184;2;0;1;1;7;47
184;2;1;4;1;H;40
184;2;2;3;0;7;28
184;2;3;2;1;A;38
184;3;0;1;2;T;10
184;3;1;4;2;7;34
184;3;2;3;2;H;6
184;3;3;2;2;B;38
184;4;0;3;3;9;13
184;4;1;4;3;V;40
184;4;2;1;3;7;36
184;4;3;2;3;8;24
184;5;0;4;0;T;7
184;5;1;3;2;9;53
184;5;2;2;0;B;6
184;5;3;1;0;A;3
184;6;0;4;2;V;13
184;6;1;3;1;V;53
184;6;2;2;3;B;53
184;6;3;1;0;V;29
184;7;0;1;0;9;58
184;7;1;4;2;8;53
184;7;2;3;3;T;69
184;7;3;2;0;8;38
184;8;0;1;1;T;8
184;8;1;4;2;A;53
184;8;2;3;3;H;53
184;8;3;2;3;A;53
184;=;0;108;44;10;20
185;1;0;2;3;B;7
185;1;1;3;3;8;34
185;1;2;4;0;T;69
185;1;3;1;3;7;3
185;2;0;2;1;T;63
185;2;1;3;1;B;40
185;2;2;4;1;V;22
185;2;3;1;3;V;29
185;3;0;3;3;9;57
185;3;1;4;1;7;53
185;3;2;1;3;T;4
185;3;3;2;3;H;38
185;4;0;1;3;A;56
185;4;1;4;1;8;53
185;4;2;3;0;8;53
185;4;3;2;2;9;53
185;5;0;3;0;B;13
185;5;1;4;0;A;40
185;5;2;1;2;7;53
185;5;3;2;0;7;3
185;6;0;2;2;A;7
185;6;1;3;0;V;53
185;6;2;4;2;V;22
185;6;3;1;2;8;3
185;7;0;2;0;H;8
185;7;1;3;1;9;53
185;7;2;4;2;B;53
185;7;3;1;2;H;53
185;8;0;4;1;A;9
185;8;1;3;1;H;40
185;8;2;2;0;9;53
185;8;3;1;2;T;53
185;=;3;57;95;20;10
186;1;0;1;1;A;7
186;1;1;4;1;T;40
186;1;2;3;1;9;6
186;1;3;2;1;8;38
186;2;0;3;1;H;57
186;2;1;4;2;8;53
186;2;2;1;1;B;36
186;2;3;2;3;7;53
186;3;0;3;2;A;7
186;3;1;4;2;H;40
186;3;2;1;2;V;36
186;3;3;2;2;T;38
186;4;0;3;2;9;5
186;4;1;4;1;V;65
186;4;2;1;0;8;53
186;4;3;2;3;V;68
186;5;0;2;0;A;7
186;5;1;3;3;8;53
186;5;2;4;0;V;22
186;5;3;1;0;9;3
186;6;0;4;2;B;9
186;6;1;3;2;7;40
186;6;2;2;0;7;68
186;6;3;1;3;B;53
186;7;0;4;3;T;9
186;7;1;3;3;H;40
186;7;2;2;3;9;4
186;7;3;1;0;H;53
186;8;0;4;0;B;5
186;8;1;3;1;7;65
186;8;2;2;3;A;53
186;8;3;1;0;T;38
186;=;1;110;42;50;0
187;1;0;4;0;A;9
187;1;1;3;0;B;40
187;1;2;2;0;7;4
187;1;3;1;0;V;3
187;2;0;4;1;B;57
187;2;1;3;3;7;53
187;2;2;2;1;7;4
187;2;3;1;1;V;3
187;3;0;2;1;9;58
187;3;1;3;2;9;53
187;3;2;4;1;8;22
187;3;3;1;1;H;3
187;4;0;2;3;H;54
187;4;1;3;3;8;34
187;4;2;4;1;T;12
187;4;3;1;3;V;38
187;5;0;4;2;8;13
187;5;1;3;2;B;40
187;5;2;2;3;9;53
187;5;3;1;2;T;46
187;6;0;3;3;A;9
187;6;1;4;2;V;53
187;6;2;1;0;H;68
187;6;3;2;3;T;38
187;7;0;3;3;B;9
187;7;1;4;0;T;53
187;7;2;1;2;H;68
187;7;3;2;0;8;53
187;8;0;1;1;A;56
187;8;1;4;2;A;53
187;8;2;3;2;7;53
187;8;3;2;0;9;53
187;=;1;78;74;10;0
188;1;0;1;2;H;7
188;1;1;4;1;9;53
188;1;2;3;2;B;6
188;1;3;2;2;7;3
188;2;0;1;1;A;8
188;2;1;4;1;8;40
188;2;2;3;1;H;36
188;2;3;2;1;T;38
188;3;0;3;0;T;7
188;3;1;4;0;B;34
188;3;2;1;0;8;36
188;3;3;2;0;7;3
188;4;0;1;2;9;58
188;4;1;4;1;7;53
188;4;2;3;2;V;36
188;4;3;2;2;T;3
188;5;0;3;1;V;13
188;5;1;4;3;B;53
188;5;2;1;3;8;53
188;5;3;2;2;A;29
188;6;0;4;3;7;13
188;6;1;3;0;V;53
188;6;2;2;3;T;49
188;6;3;1;3;9;3
188;7;0;4;0;H;13
188;7;1;3;0;A;40
188;7;2;2;0;9;36
188;7;3;1;3;H;53
188;8;0;3;1;B;9
188;8;1;4;3;A;53
188;8;2;1;2;8;35
188;8;3;2;3;V;53
188;=;2;123;29;10;0
189;1;0;2;0;B;58
189;1;1;3;0;V;40
189;1;2;4;0;7;36
189;1;3;1;0;A;38
189;2;0;4;2;T;9
189;2;1;3;3;8;53
189;2;2;2;2;7;4
189;2;3;1;2;9;38
189;3;0;2;3;T;62
189;3;1;3;3;9;40
189;3;2;4;2;V;69
189;3;3;1;3;A;46
189;4;0;1;1;T;10
189;4;1;4;1;9;40
189;4;2;3;1;A;6
189;4;3;2;1;7;3
189;5;0;3;1;V;5
189;5;1;4;0;8;65
189;5;2;1;1;B;36
189;5;3;2;1;8;38
189;6;0;2;2;A;8
189;6;1;3;2;H;40
189;6;2;4;2;8;22
189;6;3;1;3;7;53
189;7;0;4;0;9;57
189;7;1;3;0;H;40
189;7;2;2;0;T;36
189;7;3;1;3;B;53
189;8;0;4;2;B;9
189;8;1;3;1;H;53
189;8;2;2;3;H;53
189;8;3;1;3;V;53
189;=;0;45;107;0;10
190;1;0;1;1;H;54
190;1;1;4;1;8;40
190;1;2;3;2;T;12
190;1;3;2;1;T;38
190;2;0;1;2;A;63
190;2;1;4;0;7;53
190;2;2;3;1;V;69
190;2;3;2;2;B;30
190;3;0;2;3;A;7
190;3;1;3;3;8;34
190;3;2;4;3;B;36
190;3;3;1;3;7;3
190;4;0;4;1;A;9
190;4;1;3;0;B;53
190;4;2;2;0;T;68
190;4;3;1;1;7;3
190;5;0;4;1;9;13
190;5;1;3;3;9;53
190;5;2;2;0;8;53
190;5;3;1;1;B;38
190;6;0;1;2;9;58
190;6;1;4;0;V;53
190;6;2;3;3;V;53
190;6;3;2;2;7;3
190;7;0;3;0;9;13
190;7;1;4;0;H;40
190;7;2;1;2;8;29
190;7;3;2;2;V;29
190;8;0;4;2;H;55
190;8;1;3;0;A;53
190;8;2;2;3;H;68
190;8;3;1;3;T;53
190;=;2;46;106;0;10
191;1;0;2;3;T;7
191;1;1;3;3;8;40
191;1;2;4;3;9;6
191;1;3;1;1;7;53
191;2;0;2;1;V;41
191;2;1;3;1;T;40
191;2;2;4;3;7;45
191;2;3;1;1;8;3
191;3;0;2;0;T;62
191;3;1;3;0;V;34
191;3;2;4;2;B;69
191;3;3;1;0;7;3
191;4;0;4;1;A;9
191;4;1;3;2;7;53
191;4;2;2;1;H;36
191;4;3;1;1;9;38
191;5;0;2;0;8;47
191;5;1;3;0;H;40
191;5;2;4;3;V;28
191;5;3;1;0;9;3
191;6;0;4;0;A;9
191;6;1;3;2;9;53
191;6;2;2;2;T;51
191;6;3;1;0;B;38
191;7;0;2;3;A;56
191;7;1;3;2;V;53
191;7;2;4;2;8;53
191;7;3;1;2;H;53
191;8;0;2;3;B;56
191;8;1;3;1;B;53
191;8;2;4;3;H;36
191;8;3;1;2;A;53
191;=;3;0;152;0;30
192;1;0;3;3;A;7
192;1;1;4;3;8;34
192;1;2;1;3;T;4
192;1;3;2;3;7;3
192;2;0;3;1;8;7
192;2;1;4;3;9;53
192;2;2;1;1;B;6
192;2;3;2;1;T;3
192;3;0;3;0;T;7
192;3;1;4;0;7;40
192;3;2;1;0;V;36
192;3;3;2;0;8;3
192;4;0;1;3;V;47
192;4;1;4;3;H;40
192;4;2;3;1;V;28
192;4;3;2;3;B;38
192;5;0;3;0;A;9
192;5;1;4;2;7;53
192;5;2;1;2;V;68
192;5;3;2;0;B;3
192;6;0;3;2;H;13
192;6;1;4;2;9;34
192;6;2;1;1;7;35
192;6;3;2;2;8;38
192;7;0;3;2;T;13
192;7;1;4;2;B;34
192;7;2;1;1;H;35
192;7;3;2;1;9;29
192;8;0;4;2;A;13
192;8;1;3;0;9;53
192;8;2;2;0;H;53
192;8;3;1;1;A;29
192;=;1;122;30;30;0
193;1;0;4;2;H;7
193;1;1;3;1;8;53
193;1;2;2;2;B;6
193;1;3;1;2;8;3
193;2;0;2;0;7;1
193;2;1;3;0;T;40
193;2;2;4;0;A;6
193;2;3;1;0;8;3
193;3;0;2;1;A;8
193;3;1;3;1;V;34
193;3;2;4;3;B;69
193;3;3;1;1;9;38
193;4;0;2;1;B;41
193;4;1;3;1;T;40
193;4;2;4;2;T;45
193;4;3;1;3;8;53
193;5;0;2;2;9;58
193;5;1;3;2;A;40
193;5;2;4;3;9;53
193;5;3;1;2;V;38
193;6;0;4;0;H;7
193;6;1;3;0;B;40
193;6;2;2;3;7;68
193;6;3;1;0;9;3
193;7;0;4;3;A;9
193;7;1;3;3;H;40
193;7;2;2;1;H;53
193;7;3;1;3;T;38
193;8;0;4;3;V;9
193;8;1;3;1;7;53
193;8;2;2;2;7;35
193;8;3;1;0;V;53
193;=;2;0;152;0;10
194;1;0;3;1;A;9
194;1;1;4;1;V;40
194;1;2;1;1;7;36
194;1;3;2;1;8;38
194;2;0;1;0;A;8
194;2;1;4;0;B;40
194;2;2;3;2;T;52
194;2;3;2;0;H;3
194;3;0;1;3;B;58
194;3;1;4;3;7;34
194;3;2;3;2;7;53
194;3;3;2;3;T;3
194;4;0;3;2;9;13
194;4;1;4;2;V;40
194;4;2;1;2;8;36
194;4;3;2;2;A;48
194;5;0;4;3;H;7
194;5;1;3;2;B;53
194;5;2;2;3;9;67
194;5;3;1;3;V;38
194;6;0;2;0;T;8
194;6;1;3;1;H;53
194;6;2;4;1;9;53
194;6;3;1;0;7;3
194;7;0;2;2;H;8
194;7;1;3;0;9;53
194;7;2;4;3;8;35
194;7;3;1;0;8;53
194;8;0;2;3;A;56
194;8;1;3;1;T;53
194;8;2;4;1;B;53
194;8;3;1;0;V;53
194;=;3;71;81;0;30
195;1;0;4;1;8;5
195;1;1;3;3;7;65
195;1;2;2;1;7;23
195;1;3;1;1;A;38
195;2;0;1;2;A;7
195;2;1;4;2;V;40
195;2;2;3;0;T;69
195;2;3;2;2;7;3
195;3;0;3;1;V;5
195;3;1;4;3;V;65
195;3;2;1;3;H;29
195;3;3;2;1;9;3
195;4;0;3;0;8;5
195;4;1;4;3;T;65
195;4;2;1;0;9;23
195;4;3;2;0;V;38
195;5;0;2;2;H;8
195;5;1;3;0;B;53
195;5;2;4;1;T;69
195;5;3;1;2;9;3
195;6;0;2;2;T;54
195;6;1;3;2;8;40
195;6;2;4;3;A;12
195;6;3;1;2;B;38
195;7;0;4;0;7;13
195;7;1;3;0;A;40
195;7;2;2;3;9;29
195;7;3;1;0;H;38
195;8;0;4;1;H;5
195;8;1;3;3;B;65
195;8;2;2;1;B;36
195;8;3;1;3;8;35
195;=;3;71;81;30;0
196;1;0;3;2;V;7
196;1;1;4;2;H;40
196;1;2;1;2;B;6
196;1;3;2;2;A;38
196;2;0;3;1;A;7
196;2;1;4;1;8;40
196;2;2;1;1;V;4
196;2;3;2;1;H;38
196;3;0;1;0;A;7
196;3;1;4;0;H;34
196;3;2;3;0;B;36
196;3;3;2;0;7;3
196;4;0;3;2;T;55
196;4;1;4;3;B;53
196;4;2;1;2;9;66
196;4;3;2;3;7;53
196;5;0;3;1;T;9
196;5;1;4;3;H;53
196;5;2;1;1;7;36
196;5;3;2;0;8;53
196;6;0;1;2;8;56
196;6;1;4;3;V;53
196;6;2;3;3;9;53
196;6;3;2;0;9;53
196;7;0;3;1;B;9
196;7;1;4;0;T;53
196;7;2;1;3;8;68
196;7;3;2;0;V;53
196;8;0;3;1;9;9
196;8;1;4;3;A;53
196;8;2;1;2;7;35
196;8;3;2;3;T;53
196;=;2;152;0;100;0
197;1;0;2;1;B;58
197;1;1;3;1;7;40
197;1;2;4;1;A;36
197;1;3;1;1;V;38
197;2;0;4;2;H;11
197;2;1;3;2;V;40
197;2;2;2;2;7;4
197;2;3;1;2;A;46
197;3;0;3;0;T;7
197;3;1;4;0;8;40
197;3;2;1;0;V;4
197;3;3;2;0;7;3
197;4;0;3;0;B;5
197;4;1;4;1;8;65
197;4;2;1;0;H;23
197;4;3;2;0;9;38
197;5;0;4;2;B;11
197;5;1;3;2;8;40
197;5;2;2;2;T;36
197;5;3;1;2;9;38
197;6;0;4;3;7;13
197;6;1;3;3;A;16
197;6;2;2;3;T;36
197;6;3;1;3;B;3
197;7;0;3;3;9;13
197;7;1;4;3;8;40
197;7;2;1;3;V;36
197;7;3;2;1;H;29
197;8;0;4;1;9;55
197;8;1;3;3;H;53
197;8;2;2;1;T;36
197;8;3;1;0;A;53
197;=;1;54;98;20;60
198;1;0;3;3;B;57
198;1;1;4;1;7;53
198;1;2;1;3;9;4
198;1;3;2;3;8;3
198;2;0;3;3;T;57
198;2;1;4;2;8;53
198;2;2;1;3;A;36
198;2;3;2;3;V;3
198;3;0;3;2;9;13
198;3;1;4;2;H;16
198;3;2;1;2;7;23
198;3;3;2;2;A;38
198;4;0;2;0;T;8
198;4;1;3;0;V;40
198;4;2;4;1;8;53
198;4;3;1;0;7;3
198;5;0;2;3;H;58
198;5;1;3;2;B;53
198;5;2;4;1;V;53
198;5;3;1;1;9;53
198;6;0;4;2;T;9
198;6;1;3;0;B;53
198;6;2;2;1;T;68
198;6;3;1;2;V;38
198;7;0;2;0;9;47
198;7;1;3;0;A;40
198;7;2;4;3;7;28
198;7;3;1;0;8;3
198;8;0;4;1;H;13
198;8;1;3;1;A;40
198;8;2;2;1;B;36
198;8;3;1;0;H;68
198;=;3;79;73;10;0
199;1;0;4;3;A;7
199;1;1;3;3;H;40
199;1;2;2;3;V;4
199;1;3;1;3;8;38
199;2;0;2;2;T;7
199;2;1;3;2;B;40
199;2;2;4;0;T;52
199;2;3;1;2;8;3
199;3;0;4;3;7;13
199;3;1;3;3;B;40
199;3;2;2;3;T;36
199;3;3;1;1;7;29
199;4;0;1;1;B;58
199;4;1;4;1;H;40
199;4;2;3;0;8;53
199;4;3;2;1;8;3
199;5;0;3;0;V;13
199;5;1;4;0;9;40
199;5;2;1;0;B;36
199;5;3;2;0;7;38
199;6;0;3;0;H;13
199;6;1;4;3;9;53
199;6;2;1;2;9;53
199;6;3;2;1;T;29
199;7;0;4;2;A;7
199;7;1;3;2;H;40
199;7;2;2;1;A;35
199;7;3;1;2;V;38
199;8;0;2;1;9;58
199;8;1;3;0;A;53
199;8;2;4;2;7;53
199;8;3;1;1;V;38
199;=;1;41;111;0;50
200;1;0;3;1;A;9
200;1;1;4;1;8;40
200;1;2;1;1;7;36
200;1;3;2;1;V;3
200;2;0;3;0;T;11
200;2;1;4;0;V;40
200;2;2;1;0;B;4
200;2;3;2;0;9;3
200;3;0;3;1;9;5
200;3;1;4;3;8;65
200;3;2;1;3;A;29
200;3;3;2;1;H;34
200;4;0;3;2;B;13
200;4;1;4;2;A;16
200;4;2;1;2;7;23
200;4;3;2;2;T;38
200;5;0;2;3;B;58
200;5;1;3;3;7;34
200;5;2;4;2;9;53
200;5;3;1;3;9;38
200;6;0;2;3;T;58
200;6;1;3;3;V;34
200;6;2;4;0;7;53
200;6;3;1;2;8;53
200;7;0;4;2;V;5
200;7;1;3;3;H;65
200;7;2;2;0;H;53
200;7;3;1;2;H;38
200;8;0;3;0;A;9
200;8;1;4;1;B;53
200;8;2;1;0;8;36
200;8;3;2;1;T;53
200;=;3;82;70;60;0
