# klaverjas spoor; spellen=200; zaad=1
1;1;0;2;0;T;7
1;1;1;3;0;7;34
1;1;2;4;0;B;6
1;1;3;1;0;H;3
1;2;0;2;2;A;8
1;2;1;3;2;8;40
1;2;2;4;3;T;69
1;2;3;1;2;9;3
1;3;0;2;0;9;58
1;3;1;3;0;V;40
1;3;2;4;0;8;36
1;3;3;1;0;A;38
1;4;0;4;3;A;7
1;4;1;3;3;B;34
1;4;2;2;3;8;4
1;4;3;1;1;7;53
1;5;0;2;3;H;8
1;5;1;3;3;V;40
1;5;2;4;3;7;22
1;5;3;1;1;8;53
1;6;0;4;3;9;9
1;6;1;3;2;7;53
1;6;2;2;1;T;68
1;6;3;1;1;B;53
1;7;0;4;1;9;13
1;7;1;3;1;A;40
1;7;2;2;1;H;36
1;7;3;1;1;V;38
1;8;0;1;2;T;7
1;8;1;4;2;B;40
1;8;2;3;2;V;36
1;8;3;2;2;H;38
1;=;0;37;115;80;0
2;1;0;1;3;B;7
2;1;1;4;3;V;40
2;1;2;3;0;H;69
2;1;3;2;3;T;39
2;2;0;3;1;V;5
2;2;1;4;3;A;65
2;2;2;1;1;8;34
2;2;3;2;1;7;38
2;3;0;4;2;A;9
2;3;1;3;2;H;40
2;3;2;2;2;9;4
2;3;3;1;2;B;38
2;4;0;2;0;A;8
2;4;1;3;0;9;40
2;4;2;4;0;V;36
2;4;3;1;0;T;38
2;5;0;2;0;7;5
2;5;1;3;3;9;65
2;5;2;4;2;7;53
2;5;3;1;1;B;68
2;6;0;3;2;V;13
2;6;1;4;2;8;40
2;6;2;1;1;9;53
2;6;3;2;2;T;38
2;7;0;2;3;H;58
2;7;1;3;1;H;53
2;7;2;4;1;T;69
2;7;3;1;3;7;3
2;8;0;4;0;B;13
2;8;1;3;1;A;53
2;8;2;2;0;8;36
2;8;3;1;3;8;29
2;=;3;66;86;30;0
3;1;0;2;3;V;7
3;1;1;3;3;7;34
3;1;2;4;3;B;6
3;1;3;1;3;H;38
3;2;0;4;2;9;5
3;2;1;3;3;8;65
3;2;2;2;2;7;34
3;2;3;1;2;B;3
3;3;0;1;1;A;7
3;3;1;4;0;9;53
3;3;2;3;1;V;22
3;3;3;2;1;B;3
3;4;0;1;1;T;8
3;4;1;4;0;7;53
3;4;2;3;1;8;36
3;4;3;2;1;H;38
3;5;0;1;2;A;8
3;5;1;4;2;H;40
3;5;2;3;0;V;69
3;5;3;2;2;8;3
3;6;0;3;3;A;55
3;6;1;4;1;9;53
3;6;2;1;0;H;68
3;6;3;2;0;8;53
3;7;0;1;1;7;8
3;7;1;4;0;B;53
3;7;2;3;3;T;35
3;7;3;2;2;T;53
3;8;0;1;2;V;8
3;8;1;4;0;T;53
3;8;2;3;3;9;35
3;8;3;2;0;A;53
3;=;3;125;27;10;40
4;1;0;3;3;V;7
4;1;1;4;3;7;34
4;1;2;1;3;A;6
4;1;3;2;3;H;38
4;2;0;3;2;A;7
4;2;1;4;2;9;34
4;2;2;1;0;B;68
4;2;3;2;2;B;3
4;3;0;1;0;A;7
4;3;1;4;0;7;34
4;3;2;3;0;H;36
4;3;3;2;1;9;53
4;4;0;3;2;T;9
4;4;1;4;2;H;40
4;4;2;1;0;9;68
4;4;3;2;2;V;38
4;5;0;3;3;B;57
4;5;1;4;3;8;40
4;5;2;1;3;9;4
4;5;3;2;1;B;53
4;6;0;1;3;T;56
4;6;1;4;2;8;53
4;6;2;3;1;T;69
4;6;3;2;1;V;53
4;7;0;3;0;T;9
4;7;1;4;0;8;34
4;7;2;1;1;8;68
4;7;3;2;1;H;53
4;8;0;3;2;7;9
4;8;1;4;0;V;53
4;8;2;1;1;7;68
4;8;3;2;1;A;53
4;=;3;152;0;50;0
5;1;0;4;1;A;7
5;1;1;3;1;H;40
5;1;2;2;1;V;4
5;1;3;1;1;8;3
5;2;0;2;3;9;7
5;2;1;3;3;V;34
5;2;2;4;3;B;6
5;2;3;1;3;7;38
5;3;0;4;0;B;62
5;3;1;3;0;9;40
5;3;2;2;0;T;6
5;3;3;1;0;A;46
5;4;0;3;2;T;7
5;4;1;4;2;7;34
5;4;2;1;2;9;4
5;4;3;2;2;H;3
5;5;0;1;2;A;63
5;5;1;4;2;B;40
5;5;2;3;1;9;53
5;5;3;2;2;8;38
5;6;0;1;2;V;5
5;6;1;4;3;H;65
5;6;2;3;3;T;28
5;6;3;2;1;7;53
5;7;0;3;0;7;13
5;7;1;4;0;H;40
5;7;2;1;0;V;36
5;7;3;2;0;8;38
5;8;0;4;3;A;57
5;8;1;3;3;8;40
5;8;2;2;1;T;51
5;8;3;1;1;B;53
5;=;3;67;85;20;30
6;1;0;3;0;V;7
6;1;1;4;3;9;53
6;1;2;1;0;B;6
6;1;3;2;0;9;3
6;2;0;1;2;A;7
6;2;1;4;2;8;34
6;2;2;3;2;V;36
6;2;3;2;2;9;38
6;3;0;1;0;A;58
6;3;1;4;2;B;53
6;3;2;3;0;8;36
6;3;3;2;0;H;38
6;4;0;1;3;7;5
6;4;1;4;3;A;40
6;4;2;3;3;8;34
6;4;3;2;1;7;53
6;5;0;2;1;A;8
6;5;1;3;3;B;53
6;5;2;4;2;T;69
6;5;3;1;1;9;3
6;6;0;2;1;H;8
6;6;1;3;3;H;53
6;6;2;4;2;7;53
6;6;3;1;1;V;38
6;7;0;4;0;T;57
6;7;1;3;1;8;53
6;7;2;2;1;T;68
6;7;3;1;0;7;38
6;8;0;4;2;H;9
6;8;1;3;3;T;53
6;8;2;2;1;B;53
6;8;3;1;3;V;53
6;=;0;68;84;0;10
7;1;0;2;3;A;7
7;1;1;3;3;B;40
7;1;2;4;3;H;22
7;1;3;1;3;9;3
7;2;0;2;0;B;58
7;2;1;3;0;7;34
7;2;2;4;0;H;36
7;2;3;1;2;B;53
7;3;0;4;3;7;5
7;3;1;3;0;V;65
7;3;2;2;3;8;36
7;3;3;1;3;V;38
7;4;0;3;1;A;7
7;4;1;4;1;7;34
7;4;2;1;1;T;4
7;4;3;2;1;V;38
7;5;0;1;2;A;8
7;5;1;4;2;7;40
7;5;2;3;1;8;53
7;5;3;2;2;8;3
7;6;0;3;0;9;55
7;6;1;4;2;9;53
7;6;2;1;2;V;68
7;6;3;2;0;8;3
7;7;0;1;2;T;8
7;7;1;4;1;H;53
7;7;2;3;1;9;53
7;7;3;2;2;H;38
7;8;0;1;1;B;8
7;8;1;4;3;T;53
7;8;2;3;0;A;35
7;8;3;2;0;T;35
7;=;0;109;43;10;0
8;1;0;3;0;A;7
8;1;1;4;0;T;40
8;1;2;1;0;9;36
8;1;3;2;0;8;3
8;2;0;1;3;9;7
8;2;1;4;3;A;34
8;2;2;3;3;B;6
8;2;3;2;3;8;38
8;3;0;1;3;T;58
8;3;1;4;3;7;40
8;3;2;3;3;V;36
8;3;3;2;1;7;53
8;4;0;3;0;7;13
8;4;1;4;2;7;53
8;4;2;1;2;8;53
8;4;3;2;0;B;38
8;5;0;2;1;A;7
8;5;1;3;1;H;40
8;5;2;4;1;8;36
8;5;3;1;1;9;3
8;6;0;2;2;A;7
8;6;1;3;0;V;53
8;6;2;4;2;H;22
8;6;3;1;2;T;3
8;7;0;2;1;B;47
8;7;1;3;1;T;40
8;7;2;4;3;H;28
8;7;3;1;1;V;38
8;8;0;4;2;9;13
8;8;1;3;0;H;53
8;8;2;2;2;B;36
8;8;3;1;2;V;38
8;=;3;88;64;30;20
9;1;0;4;0;V;7
9;1;1;3;0;7;40
9;1;2;2;0;A;6
9;1;3;1;0;H;38
9;2;0;4;1;A;7
9;2;1;3;1;T;40
9;2;2;2;1;9;4
9;2;3;1;1;H;3
9;3;0;2;2;H;63
9;3;1;3;3;7;53
9;3;2;4;3;T;52
9;3;3;1;2;7;3
9;4;0;4;0;B;55
9;4;1;3;3;9;53
9;4;2;2;0;8;4
9;4;3;1;2;8;53
9;5;0;2;0;T;56
9;5;1;3;2;V;53
9;5;2;4;3;8;53
9;5;3;1;1;8;53
9;6;0;2;0;9;56
9;6;1;3;1;V;53
9;6;2;4;2;9;53
9;6;3;1;2;B;53
9;7;0;4;1;B;9
9;7;1;3;3;H;53
9;7;2;2;1;7;36
9;7;3;1;3;V;53
9;8;0;4;2;A;1
9;8;1;3;2;T;40
9;8;2;2;3;B;68
9;8;3;1;3;A;53
9;=;0;0;152;0;50
10;1;0;1;1;A;7
10;1;1;4;1;8;40
10;1;2;3;1;V;22
10;1;3;2;1;H;38
10;2;0;3;2;V;5
10;2;1;4;0;V;65
10;2;2;1;2;7;34
10;2;3;2;2;9;3
10;3;0;4;3;8;13
10;3;1;3;3;V;40
10;3;2;2;3;A;49
10;3;3;1;3;7;38
10;4;0;2;3;9;5
10;4;1;3;0;A;65
10;4;2;4;3;T;36
10;4;3;1;2;8;53
10;5;0;1;0;9;7
10;5;1;4;1;9;53
10;5;2;3;0;B;6
10;5;3;2;0;T;38
10;6;0;1;0;H;58
10;6;1;4;2;B;53
10;6;2;3;1;7;53
10;6;3;2;3;B;53
10;7;0;3;1;T;9
10;7;1;4;1;B;40
10;7;2;1;2;H;68
10;7;3;2;3;H;53
10;8;0;1;0;8;56
10;8;1;4;2;A;53
10;8;2;3;0;7;36
10;8;3;2;2;T;53
10;=;0;132;20;50;0
11;1;0;4;1;B;57
11;1;1;3;1;A;40
11;1;2;2;1;7;4
11;1;3;1;3;8;53
11;2;0;4;2;V;7
11;2;1;3;2;7;40
11;2;2;2;2;H;36
11;2;3;1;2;8;3
11;3;0;4;2;A;9
11;3;1;3;3;9;53
11;3;2;2;3;T;68
11;3;3;1;2;B;38
11;4;0;4;2;T;9
11;4;1;3;0;9;53
11;4;2;2;3;H;68
11;4;3;1;0;8;53
11;5;0;4;2;9;9
11;5;1;3;0;B;53
11;5;2;2;3;V;68
11;5;3;1;0;V;53
11;6;0;4;1;T;55
11;6;1;3;3;B;53
11;6;2;2;1;9;66
11;6;3;1;0;H;53
11;7;0;2;1;H;56
11;7;1;3;3;A;53
11;7;2;4;0;7;53
11;7;3;1;0;T;53
11;8;0;2;1;V;56
11;8;1;3;3;7;53
11;8;2;4;1;8;36
11;8;3;1;0;A;53
11;=;1;0;152;0;10
12;1;0;3;2;T;7
12;1;1;4;2;7;34
12;1;2;1;2;9;67
12;1;3;2;1;7;53
12;2;0;3;2;A;57
12;2;1;4;2;V;40
12;2;2;1;2;B;36
12;2;3;2;1;8;53
12;3;0;1;1;H;63
12;3;1;4;0;7;53
12;3;2;3;0;V;69
12;3;3;2;1;A;46
12;4;0;2;3;A;7
12;4;1;3;3;T;40
12;4;2;4;3;V;36
12;4;3;1;3;8;3
12;5;0;4;0;T;7
12;5;1;3;0;8;34
12;5;2;2;0;9;36
12;5;3;1;0;H;38
12;6;0;4;0;A;9
12;6;1;3;0;B;40
12;6;2;2;3;H;68
12;6;3;1;3;9;53
12;7;0;4;2;H;57
12;7;1;3;2;8;40
12;7;2;2;1;B;68
12;7;3;1;3;B;53
12;8;0;4;3;7;9
12;8;1;3;1;V;53
12;8;2;2;1;9;68
12;8;3;1;1;T;53
12;=;2;58;94;0;30
13;1;0;4;0;B;57
13;1;1;3;0;A;40
13;1;2;2;0;8;4
13;1;3;1;0;7;38
13;2;0;4;3;A;9
13;2;1;3;1;B;53
13;2;2;2;3;H;36
13;2;3;1;3;7;3
13;3;0;2;0;9;58
13;3;1;3;1;H;53
13;3;2;4;1;T;69
13;3;3;1;3;8;53
13;4;0;2;1;7;47
13;4;1;3;1;A;40
13;4;2;4;0;T;28
13;4;3;1;1;8;38
13;5;0;4;3;9;13
13;5;1;3;2;7;53
13;5;2;2;2;8;53
13;5;3;1;3;T;46
13;6;0;1;3;B;5
13;6;1;4;0;H;65
13;6;2;3;2;T;53
13;6;3;2;2;H;68
13;7;0;2;0;V;56
13;7;1;3;2;A;53
13;7;2;4;2;B;53
13;7;3;1;2;9;53
13;8;0;4;1;V;9
13;8;1;3;3;V;53
13;8;2;2;1;9;36
13;8;3;1;2;V;53
13;=;0;10;142;0;10
14;1;0;3;2;H;7
14;1;1;4;2;8;34
14;1;2;1;2;B;6
14;1;3;2;2;9;38
14;2;0;1;3;T;62
14;2;1;4;3;9;40
14;2;2;3;1;T;52
14;2;3;2;3;A;46
14;3;0;2;0;A;7
14;3;1;3;0;T;40
14;3;2;4;0;B;36
14;3;3;1;0;H;3
14;4;0;2;0;8;54
14;4;1;3;0;9;40
14;4;2;4;2;V;12
14;4;3;1;0;V;38
14;5;0;4;3;8;13
14;5;1;3;1;V;53
14;5;2;2;3;7;23
14;5;3;1;3;H;38
14;6;0;1;2;A;58
14;6;1;4;1;7;53
14;6;2;3;1;9;53
14;6;3;2;0;7;53
14;7;0;3;1;A;9
14;7;1;4;1;H;40
14;7;2;1;1;B;36
14;7;3;2;3;B;53
14;8;0;1;2;T;56
14;8;1;4;1;8;53
14;8;2;3;2;7;36
14;8;3;2;3;V;53
14;=;2;88;64;10;0
15;1;0;2;2;V;7
15;1;1;3;2;H;40
15;1;2;4;2;A;6
15;1;3;1;3;9;53
15;2;0;2;2;B;56
15;2;1;3;1;8;53
15;2;2;4;0;T;69
15;2;3;1;1;7;53
15;3;0;2;2;9;56
15;3;1;3;0;8;53
15;3;2;4;3;7;53
15;3;3;1;0;7;53
15;4;0;4;2;T;55
15;4;1;3;0;9;53
15;4;2;2;2;7;36
15;4;3;1;0;V;53
15;5;0;4;1;9;13
15;5;1;3;1;V;40
15;5;2;2;1;B;36
15;5;3;1;1;T;24
15;6;0;3;0;A;9
15;6;1;4;0;B;40
15;6;2;1;0;H;36
15;6;3;2;3;V;53
15;7;0;1;1;H;5
15;7;1;4;2;8;65
15;7;2;3;3;8;53
15;7;3;2;3;T;68
15;8;0;4;3;A;9
15;8;1;3;3;B;40
15;8;2;2;3;H;36
15;8;3;1;1;A;53
15;=;2;35;117;50;50
16;1;0;1;0;9;7
16;1;1;4;0;8;40
16;1;2;3;1;V;69
16;1;3;2;0;T;38
16;2;0;3;0;V;7
16;2;1;4;2;7;53
16;2;2;1;0;B;67
16;2;3;2;3;7;53
16;3;0;1;0;A;56
16;3;1;4;2;B;53
16;3;2;3;1;9;53
16;3;3;2;2;8;53
16;4;0;1;0;H;56
16;4;1;4;3;H;53
16;4;2;3;3;8;53
16;4;3;2;1;8;53
16;5;0;3;1;B;13
16;5;1;4;1;H;40
16;5;2;1;1;T;36
16;5;3;2;1;A;38
16;6;0;2;2;A;2
16;6;1;3;2;T;40
16;6;2;4;3;9;53
16;6;3;1;2;9;3
16;7;0;4;3;B;5
16;7;1;3;0;7;65
16;7;2;2;3;V;36
16;7;3;1;3;T;38
16;8;0;3;1;7;9
16;8;1;4;3;A;53
16;8;2;1;2;H;53
16;8;3;2;2;V;53
16;=;0;104;48;50;0
17;1;0;4;0;A;57
17;1;1;3;3;7;53
17;1;2;2;0;B;66
17;1;3;1;0;V;38
17;2;0;4;0;9;57
17;2;1;3;3;9;53
17;2;2;2;0;7;4
17;2;3;1;2;7;53
17;3;0;2;0;8;5
17;3;1;3;0;T;40
17;3;2;4;3;8;53
17;3;3;1;3;T;68
17;4;0;1;2;T;7
17;4;1;4;2;H;34
17;4;2;3;2;B;36
17;4;3;2;2;9;38
17;5;0;1;1;A;7
17;5;1;4;1;B;40
17;5;2;3;1;9;22
17;5;3;2;1;8;3
17;6;0;1;2;A;8
17;6;1;4;2;V;40
17;6;2;3;1;7;53
17;6;3;2;3;B;53
17;7;0;1;3;H;5
17;7;1;4;3;A;40
17;7;2;3;3;V;36
17;7;3;2;1;T;68
17;8;0;2;1;V;47
17;8;1;3;1;H;40
17;8;2;4;0;H;28
17;8;3;1;2;8;53
17;=;0;65;87;20;30
18;1;0;1;2;9;7
18;1;1;4;3;9;53
18;1;2;3;2;B;6
18;1;3;2;2;7;3
18;2;0;3;2;A;57
18;2;1;4;0;9;53
18;2;2;1;2;V;36
18;2;3;2;2;8;3
18;3;0;3;3;7;13
18;3;1;4;3;H;40
18;3;2;1;3;8;23
18;3;3;2;0;8;53
18;4;0;2;2;T;58
18;4;1;3;2;H;40
18;4;2;4;1;B;53
18;4;3;1;1;7;53
18;5;0;2;1;A;2
18;5;1;3;1;T;40
18;5;2;4;0;H;53
18;5;3;1;1;8;3
18;6;0;4;0;A;9
18;6;1;3;3;V;53
18;6;2;2;0;T;4
18;6;3;1;1;9;53
18;7;0;4;3;A;1
18;7;1;3;3;T;40
18;7;2;2;0;B;53
18;7;3;1;3;B;38
18;8;0;4;1;H;9
18;8;1;3;0;7;53
18;8;2;2;0;V;53
18;8;3;1;1;V;38
18;=;2;48;104;0;10
19;1;0;2;2;A;8
19;1;1;3;3;8;53
19;1;2;4;1;V;69
19;1;3;1;2;7;3
19;2;0;4;0;A;11
19;2;1;3;1;7;53
19;2;2;2;0;9;66
19;2;3;1;0;7;3
19;3;0;4;3;7;13
19;3;1;3;3;A;16
19;3;2;2;3;9;23
19;3;3;1;3;V;3
19;4;0;1;2;T;7
19;4;1;4;2;B;40
19;4;2;3;2;9;36
19;4;3;2;2;H;38
19;5;0;3;3;B;5
19;5;1;4;0;V;65
19;5;2;1;3;H;36
19;5;3;2;3;T;38
19;6;0;4;0;B;57
19;6;1;3;2;V;53
19;6;2;2;0;8;4
19;6;3;1;0;T;38
19;7;0;2;0;H;56
19;7;1;3;1;T;53
19;7;2;4;1;8;53
19;7;3;1;1;B;53
19;8;0;4;2;8;9
19;8;1;3;1;A;53
19;8;2;2;1;9;68
19;8;3;1;1;H;53
19;=;0;30;122;20;10
20;1;0;3;3;B;57
20;1;1;4;1;7;53
20;1;2;1;3;8;36
20;1;3;2;3;H;3
20;2;0;3;1;9;13
20;2;1;4;1;B;40
20;2;2;1;1;H;49
20;2;3;2;1;8;3
20;3;0;3;0;7;13
20;3;1;4;0;H;40
20;3;2;1;0;T;49
20;3;3;2;0;A;46
20;4;0;2;3;A;58
20;4;1;3;3;7;34
20;4;2;4;2;B;69
20;4;3;1;2;7;53
20;5;0;4;3;V;2
20;5;1;3;3;T;40
20;5;2;2;3;9;6
20;5;3;1;0;8;53
20;6;0;4;2;A;9
20;6;1;3;2;V;34
20;6;2;2;1;V;68
20;6;3;1;2;T;38
20;7;0;2;0;V;8
20;7;1;3;2;H;53
20;7;2;4;2;8;53
20;7;3;1;0;9;38
20;8;0;4;2;9;9
20;8;1;3;1;A;53
20;8;2;2;0;B;53
20;8;3;1;1;T;53
20;=;3;30;122;0;10
21;1;0;2;0;B;58
21;1;1;3;1;B;53
21;1;2;4;0;V;36
21;1;3;1;0;A;3
21;2;0;2;3;V;54
21;2;1;3;3;T;34
21;2;2;4;0;7;12
21;2;3;1;3;A;3
21;3;0;4;2;V;5
21;3;1;3;0;8;65
21;3;2;2;2;8;36
21;3;3;1;2;T;3
21;4;0;3;1;A;7
21;4;1;4;1;T;40
21;4;2;1;1;9;4
21;4;3;2;1;V;3
21;5;0;1;2;A;8
21;5;1;4;2;B;34
21;5;2;3;3;8;53
21;5;3;2;0;H;29
21;6;0;4;3;9;13
21;6;1;3;3;H;40
21;6;2;2;3;7;36
21;6;3;1;3;B;38
21;7;0;1;0;9;58
21;7;1;4;2;H;53
21;7;2;3;2;9;53
21;7;3;2;0;T;38
21;8;0;3;1;H;9
21;8;1;4;2;7;53
21;8;2;1;1;7;36
21;8;3;2;1;8;38
21;=;0;75;77;10;0
22;1;0;1;1;A;7
22;1;1;4;1;9;34
22;1;2;3;0;V;69
22;1;3;2;1;7;3
22;2;0;3;0;7;5
22;2;1;4;2;V;65
22;2;2;1;0;H;36
22;2;3;2;0;8;32
22;3;0;4;1;8;5
22;3;1;3;2;H;65
22;3;2;2;1;H;36
22;3;3;1;1;T;38
22;4;0;3;3;9;13
22;4;1;4;1;B;53
22;4;2;1;3;8;23
22;4;3;2;3;T;46
22;5;0;4;1;V;5
22;5;1;3;2;A;65
22;5;2;2;3;7;53
22;5;3;1;3;B;53
22;6;0;3;3;H;5
22;6;1;4;2;B;65
22;6;2;1;3;V;36
22;6;3;2;3;A;38
22;7;0;4;0;T;13
22;7;1;3;0;9;40
22;7;2;2;0;B;36
22;7;3;1;2;8;29
22;8;0;3;2;9;57
22;8;1;4;0;A;53
22;8;2;1;2;T;36
22;8;3;2;2;7;38
22;=;2;95;57;30;40
23;1;0;2;3;9;7
23;1;1;3;3;T;40
23;1;2;4;2;T;52
23;1;3;1;3;A;3
23;2;0;2;0;A;8
23;2;1;3;0;V;40
23;2;2;4;0;7;36
23;2;3;1;0;8;38
23;3;0;4;1;A;9
23;3;1;3;1;8;40
23;3;2;2;1;7;36
23;3;3;1;1;B;3
23;4;0;4;1;T;9
23;4;1;3;0;B;53
23;4;2;2;2;8;68
23;4;3;1;1;H;38
23;5;0;2;3;H;58
23;5;1;3;2;V;53
23;5;2;4;3;7;36
23;5;3;1;3;8;38
23;6;0;2;0;T;8
23;6;1;3;0;H;40
23;6;2;4;0;9;36
23;6;3;1;2;9;53
23;7;0;2;3;V;56
23;7;1;3;1;9;53
23;7;2;4;2;7;53
23;7;3;1;2;B;53
23;8;0;4;1;V;9
23;8;1;3;2;H;53
23;8;2;2;3;B;35
23;8;3;1;2;A;53
23;=;3;0;152;0;10
24;1;0;1;3;A;8
24;1;1;4;0;V;53
24;1;2;3;3;V;36
24;1;3;2;3;7;3
24;2;0;3;3;T;9
24;2;1;4;0;9;53
24;2;2;1;3;B;4
24;2;3;2;3;8;38
24;3;0;1;2;A;58
24;3;1;4;0;H;53
24;3;2;3;1;8;53
24;3;3;2;2;7;3
24;4;0;1;2;B;58
24;4;1;4;3;9;53
24;4;2;3;1;9;53
24;4;3;2;2;H;3
24;5;0;1;2;9;58
24;5;1;4;1;T;53
24;5;2;3;0;T;69
24;5;3;2;2;T;38
24;6;0;3;1;V;5
24;6;1;4;2;V;65
24;6;2;1;1;7;34
24;6;3;2;1;B;3
24;7;0;4;0;A;9
24;7;1;3;0;8;40
24;7;2;2;0;B;36
24;7;3;1;3;H;53
24;8;0;4;0;7;5
24;8;1;3;2;8;65
24;8;2;2;1;A;53
24;8;3;1;1;H;68
24;=;2;127;25;10;0
25;1;0;2;3;9;54
25;1;1;3;3;H;34
25;1;2;4;2;9;12
25;1;3;1;3;V;38
25;2;0;2;3;7;41
25;2;1;3;3;A;40
25;2;2;4;2;8;45
25;2;3;1;2;T;29
25;3;0;3;1;B;7
25;3;1;4;1;9;40
25;3;2;1;1;T;4
25;3;3;2;1;7;38
25;4;0;1;0;A;63
25;4;1;4;0;V;34
25;4;2;3;0;7;36
25;4;3;2;0;8;3
25;5;0;1;0;B;47
25;5;1;4;0;H;40
25;5;2;3;2;V;28
25;5;3;2;0;9;38
25;6;0;3;1;V;13
25;6;1;4;2;H;65
25;6;2;1;1;A;36
25;6;3;2;3;T;68
25;7;0;4;2;B;57
25;7;1;3;1;H;53
25;7;2;2;2;A;36
25;7;3;1;2;7;38
25;8;0;4;1;8;9
25;8;1;3;3;B;53
25;8;2;2;3;8;68
25;8;3;1;0;T;53
25;=;2;56;96;20;10
26;1;0;1;0;H;7
26;1;1;4;0;V;40
26;1;2;3;0;B;6
26;1;3;2;0;9;38
26;2;0;1;1;T;10
26;2;1;4;1;B;40
26;2;2;3;1;H;6
26;2;3;2;1;8;3
26;3;0;3;0;A;57
26;3;1;4;3;8;53
26;3;2;1;0;8;36
26;3;3;2;3;9;53
26;4;0;3;2;7;13
26;4;1;4;1;7;53
26;4;2;1;2;9;23
26;4;3;2;2;T;46
26;5;0;2;3;T;7
26;5;1;3;3;H;40
26;5;2;4;3;B;22
26;5;3;1;3;7;3
26;6;0;4;2;A;7
26;6;1;3;2;H;40
26;6;2;2;2;8;36
26;6;3;1;2;B;3
26;7;0;2;1;9;5
26;7;1;3;0;7;65
26;7;2;4;3;A;53
26;7;3;1;2;V;68
26;8;0;1;3;V;8
26;8;1;4;1;A;53
26;8;2;3;0;T;35
26;8;3;2;1;V;53
26;=;0;109;43;50;0
27;1;0;4;1;A;7
27;1;1;3;1;7;34
27;1;2;2;1;V;36
27;1;3;1;1;B;3
27;2;0;4;3;A;1
27;2;1;3;3;T;40
27;2;2;2;0;B;53
27;2;3;1;3;7;3
27;3;0;4;3;H;9
27;3;1;3;3;8;40
27;3;2;2;0;V;53
27;3;3;1;3;9;3
27;4;0;2;0;A;8
27;4;1;3;0;9;40
27;4;2;4;0;H;36
27;4;3;1;0;T;38
27;5;0;2;2;8;15
27;5;1;3;1;8;53
27;5;2;4;2;9;66
27;5;3;1;2;V;38
27;6;0;4;2;B;55
27;6;1;3;1;9;53
27;6;2;2;2;T;4
27;6;3;1;3;B;53
27;7;0;4;2;7;55
27;7;1;3;0;8;53
27;7;2;2;2;H;67
27;7;3;1;1;H;53
27;8;0;4;0;7;9
27;8;1;3;3;V;53
27;8;2;2;2;A;35
27;8;3;1;1;T;53
27;=;2;0;152;0;10
28;1;0;3;0;T;9
28;1;1;4;0;7;34
28;1;2;1;0;V;4
28;1;3;2;0;H;38
28;2;0;3;1;T;7
28;2;1;4;1;9;40
28;2;2;1;1;B;36
28;2;3;2;1;H;3
28;3;0;3;1;A;9
28;3;1;4;0;8;53
28;3;2;1;2;V;68
28;3;3;2;1;8;38
28;4;0;3;2;8;13
28;4;1;4;2;B;40
28;4;2;1;2;7;36
28;4;3;2;2;T;46
28;5;0;2;3;9;7
28;5;1;3;3;7;34
28;5;2;4;2;9;53
28;5;3;1;3;T;3
28;6;0;2;3;B;58
28;6;1;3;3;H;40
28;6;2;4;0;9;53
28;6;3;1;3;8;3
28;7;0;4;1;V;13
28;7;1;3;1;7;40
28;7;2;2;2;A;53
28;7;3;1;3;A;29
28;8;0;3;0;B;13
28;8;1;4;2;H;53
28;8;2;1;0;A;36
28;8;3;2;3;V;29
28;=;3;72;80;20;10
29;1;0;2;3;B;58
29;1;1;3;2;9;53
29;1;2;4;3;V;22
29;1;3;1;3;8;38
29;2;0;2;0;T;63
29;2;1;3;0;8;34
29;2;2;4;1;H;69
29;2;3;1;0;A;46
29;3;0;1;1;T;7
29;3;1;4;1;V;40
29;3;2;3;1;B;22
29;3;3;2;1;8;3
29;4;0;1;2;A;8
29;4;1;4;2;H;40
29;4;2;3;0;H;69
29;4;3;2;2;7;3
29;5;0;3;3;9;57
29;5;1;4;3;H;34
29;5;2;1;0;B;68
29;5;3;2;3;7;3
29;6;0;3;1;7;5
29;6;1;4;3;A;65
29;6;2;1;2;8;53
29;6;3;2;1;9;38
29;7;0;4;2;V;7
29;7;1;3;0;V;53
29;7;2;2;2;T;36
29;7;3;1;2;B;38
29;8;0;4;0;9;9
29;8;1;3;1;A;53
29;8;2;2;3;T;35
29;8;3;1;0;7;38
29;=;3;79;73;20;30
30;1;0;1;2;H;7
30;1;1;4;2;A;18
30;1;2;3;2;9;6
30;1;3;2;2;V;38
30;2;0;3;2;T;57
30;2;1;4;2;7;40
30;2;2;1;2;B;66
30;2;3;2;0;7;53
30;3;0;3;0;H;7
30;3;1;4;3;7;53
30;3;2;1;0;A;4
30;3;3;2;0;9;3
30;4;0;1;0;T;8
30;4;1;4;1;7;53
30;4;2;3;3;H;53
30;4;3;2;0;B;3
30;5;0;1;2;8;56
30;5;1;4;1;8;53
30;5;2;3;3;V;53
30;5;3;2;3;B;53
30;6;0;3;1;H;13
30;6;1;4;1;9;34
30;6;2;1;1;B;36
30;6;3;2;1;T;46
30;7;0;4;3;A;1
30;7;1;3;3;T;40
30;7;2;2;0;V;53
30;7;3;1;3;8;3
30;8;0;2;1;A;8
30;8;1;3;0;8;53
30;8;2;4;1;V;36
30;8;3;1;3;9;53
30;=;2;98;54;40;30
31;1;0;4;2;7;7
31;1;1;3;0;H;53
31;1;2;2;2;9;6
31;1;3;1;2;H;3
31;2;0;2;2;A;58
31;2;1;3;0;7;53
31;2;2;4;3;V;69
31;2;3;1;2;8;3
31;3;0;2;2;B;58
31;3;1;3;3;T;53
31;3;2;4;3;8;53
31;3;3;1;2;T;38
31;4;0;2;2;V;56
31;4;1;3;0;8;53
31;4;2;4;1;9;53
31;4;3;1;3;9;53
31;5;0;4;0;9;13
31;5;1;3;0;A;16
31;5;2;2;0;B;23
31;5;3;1;1;H;68
31;6;0;3;1;7;2
31;6;1;4;1;T;40
31;6;2;1;1;A;6
31;6;3;2;1;B;38
31;7;0;3;0;T;9
31;7;1;4;3;B;53
31;7;2;1;1;V;53
31;7;3;2;0;V;38
31;8;0;1;3;A;8
31;8;1;4;1;8;53
31;8;2;3;3;7;36
31;8;3;2;3;H;38
31;=;2;73;79;10;0
32;1;0;1;1;B;7
32;1;1;4;1;V;40
32;1;2;3;3;V;69
32;1;3;2;1;7;3
32;2;0;3;2;9;62
32;2;1;4;2;H;40
32;2;2;1;2;T;6
32;2;3;2;2;A;46
32;3;0;4;3;A;9
32;3;1;3;0;7;53
32;3;2;2;0;H;68
32;3;3;1;3;7;3
32;4;0;2;1;9;7
32;4;1;3;1;8;40
32;4;2;4;3;8;53
32;4;3;1;1;A;3
32;5;0;4;0;9;13
32;5;1;3;0;B;16
32;5;2;2;1;H;29
32;5;3;1;0;V;38
32;6;0;4;2;B;13
32;6;1;3;0;8;53
32;6;2;2;2;7;4
32;6;3;1;1;T;29
32;7;0;1;3;T;8
32;7;1;4;3;H;40
32;7;2;3;3;B;36
32;7;3;2;2;8;53
32;8;0;1;3;9;8
32;8;1;4;0;A;53
32;8;2;3;0;T;69
32;8;3;2;2;V;53
32;=;1;78;74;10;0
33;1;0;2;0;V;7
33;1;1;3;3;8;53
33;1;2;4;0;A;6
33;1;3;1;0;H;38
33;2;0;2;0;7;7
33;2;1;3;0;T;40
33;2;2;4;0;9;6
33;2;3;1;2;7;53
33;3;0;4;3;H;2
33;3;1;3;3;T;40
33;3;2;2;3;A;6
33;3;3;1;3;B;38
33;4;0;4;2;A;9
33;4;1;3;2;H;40
33;4;2;2;2;9;4
33;4;3;1;2;B;38
33;5;0;2;2;T;8
33;5;1;3;3;9;53
33;5;2;4;2;8;36
33;5;3;1;1;7;53
33;6;0;2;3;V;8
33;6;1;3;1;9;53
33;6;2;4;1;T;69
33;6;3;1;1;8;53
33;7;0;2;3;7;8
33;7;1;3;1;H;53
33;7;2;4;0;8;35
33;7;3;1;1;B;53
33;8;0;4;2;V;9
33;8;1;3;1;A;53
33;8;2;2;0;B;35
33;8;3;1;1;V;53
33;=;0;0;152;0;70
34;1;0;1;3;9;7
34;1;1;4;2;9;53
34;1;2;3;3;B;6
34;1;3;2;3;7;3
34;2;0;1;2;7;41
34;2;1;4;2;T;40
34;2;2;3;3;V;45
34;2;3;2;2;H;38
34;3;0;3;0;A;9
34;3;1;4;1;7;53
34;3;2;1;0;7;36
34;3;3;2;0;9;3
34;4;0;3;0;8;13
34;4;1;4;0;T;40
34;4;2;1;3;8;65
34;4;3;2;0;B;3
34;5;0;3;2;8;13
34;5;1;4;1;9;53
34;5;2;1;2;B;4
34;5;3;2;3;H;29
34;6;0;4;2;A;9
34;6;1;3;1;H;53
34;6;2;2;0;H;53
34;6;3;1;2;V;38
34;7;0;2;3;A;56
34;7;1;3;1;A;53
34;7;2;4;1;T;69
34;7;3;1;1;8;53
34;8;0;2;3;T;56
34;8;1;3;0;V;53
34;8;2;4;1;B;53
34;8;3;1;1;V;53
34;=;3;74;78;0;10
35;1;0;2;3;B;58
35;1;1;3;3;A;40
35;1;2;4;3;V;36
35;1;3;1;3;8;38
35;2;0;2;0;A;8
35;2;1;3;2;9;53
35;2;2;4;0;7;36
35;2;3;1;0;9;3
35;3;0;2;3;7;5
35;3;1;3;3;9;40
35;3;2;4;1;8;53
35;3;3;1;2;T;68
35;4;0;3;2;A;9
35;4;1;4;1;9;53
35;4;2;1;2;7;4
35;4;3;2;2;B;3
35;5;0;3;2;H;5
35;5;1;4;3;T;65
35;5;2;1;2;8;36
35;5;3;2;2;V;38
35;6;0;4;1;V;13
35;6;1;3;1;B;40
35;6;2;2;0;8;53
35;6;3;1;1;7;38
35;7;0;4;1;A;9
35;7;1;3;1;H;40
35;7;2;2;0;T;68
35;7;3;1;0;V;53
35;8;0;4;1;T;13
35;8;1;3;3;H;65
35;8;2;2;0;B;53
35;8;3;1;0;H;68
35;=;3;57;95;10;0
36;1;0;1;2;A;8
36;1;1;4;2;7;34
36;1;2;3;3;V;69
36;1;3;2;2;9;38
36;2;0;1;0;B;58
36;2;1;4;2;8;53
36;2;2;3;2;V;69
36;2;3;2;0;H;3
36;3;0;1;0;9;58
36;3;1;4;2;B;53
36;3;2;3;3;8;53
36;3;3;2;0;A;38
36;4;0;3;1;A;7
36;4;1;4;1;H;34
36;4;2;1;1;B;36
36;4;3;2;1;7;3
36;5;0;1;0;T;58
36;5;1;4;3;H;53
36;5;2;3;3;9;53
36;5;3;2;3;7;53
36;6;0;3;3;B;13
36;6;1;4;2;T;53
36;6;2;1;2;H;53
36;6;3;2;3;A;38
36;7;0;2;1;8;5
36;7;1;3;0;V;65
36;7;2;4;1;T;36
36;7;3;1;0;7;35
36;8;0;3;3;T;9
36;8;1;4;1;9;53
36;8;2;1;0;8;35
36;8;3;2;1;V;53
36;=;0;125;27;10;0
37;1;0;2;1;B;58
37;1;1;3;0;9;53
37;1;2;4;1;V;36
37;1;3;1;1;A;38
37;2;0;4;3;9;13
37;2;1;3;3;H;16
37;2;2;2;1;7;29
37;2;3;1;3;7;3
37;3;0;4;2;7;13
37;3;1;3;2;T;16
37;3;2;2;2;V;23
37;3;3;1;2;B;24
37;4;0;1;0;A;7
37;4;1;4;0;V;40
37;4;2;3;3;T;69
37;4;3;2;0;7;3
37;5;0;1;0;T;8
37;5;1;4;0;8;40
37;5;2;3;2;9;53
37;5;3;2;0;H;38
37;6;0;1;2;A;54
37;6;1;4;2;8;40
37;6;2;3;1;8;12
37;6;3;2;2;H;38
37;7;0;1;3;8;5
37;7;1;4;3;V;40
37;7;2;3;3;B;36
37;7;3;2;1;H;35
37;8;0;4;1;9;55
37;8;1;3;0;B;53
37;8;2;2;1;T;36
37;8;3;1;3;A;53
37;=;1;68;84;20;10
38;1;0;3;2;7;5
38;1;1;4;1;H;65
38;1;2;1;2;9;23
38;1;3;2;2;B;48
38;2;0;4;3;A;7
38;2;1;3;3;7;40
38;2;2;2;3;V;36
38;2;3;1;3;T;3
38;3;0;2;1;B;7
38;3;1;3;1;7;34
38;3;2;4;3;B;69
38;3;3;1;1;8;3
38;4;0;4;3;9;5
38;4;1;3;1;9;65
38;4;2;2;0;8;53
38;4;3;1;3;H;38
38;5;0;3;0;T;7
38;5;1;4;0;7;34
38;5;2;1;0;B;36
38;5;3;2;0;H;3
38;6;0;3;0;A;9
38;6;1;4;0;9;40
38;6;2;1;2;V;68
38;6;3;2;0;V;38
38;7;0;3;3;8;13
38;7;1;4;2;H;53
38;7;2;1;1;V;35
38;7;3;2;1;A;29
38;8;0;4;2;A;13
38;8;1;3;2;8;40
38;8;2;2;2;T;36
38;8;3;1;1;T;29
38;=;1;82;70;10;0
39;1;0;2;3;B;58
39;1;1;3;3;T;34
39;1;2;4;1;H;69
39;1;3;1;3;8;38
39;2;0;4;0;B;5
39;2;1;3;3;H;65
39;2;2;2;0;8;34
39;2;3;1;0;7;32
39;3;0;1;1;A;8
39;3;1;4;1;V;40
39;3;2;3;1;B;36
39;3;3;2;1;8;3
39;4;0;3;3;9;57
39;4;1;4;2;9;53
39;4;2;1;0;H;68
39;4;3;2;3;7;3
39;5;0;3;1;T;11
39;5;1;4;2;H;53
39;5;2;1;1;7;36
39;5;3;2;1;9;38
39;6;0;3;2;B;13
39;6;1;4;2;A;16
39;6;2;1;2;7;23
39;6;3;2;0;T;68
39;7;0;2;3;A;58
39;7;1;3;2;V;53
39;7;2;4;2;T;53
39;7;3;1;2;8;53
39;8;0;4;0;A;13
39;8;1;3;3;V;65
39;8;2;2;0;9;36
39;8;3;1;0;V;38
39;=;3;71;81;10;0
40;1;0;1;2;7;7
40;1;1;4;2;8;40
40;1;2;3;2;9;6
40;1;3;2;2;A;38
40;2;0;3;3;T;7
40;2;1;4;0;9;53
40;2;2;1;3;8;4
40;2;3;2;3;H;3
40;3;0;3;3;A;9
40;3;1;4;1;B;53
40;3;2;1;3;B;36
40;3;3;2;3;9;38
40;4;0;3;2;B;55
40;4;1;4;0;B;53
40;4;2;1;2;T;4
40;4;3;2;1;9;53
40;5;0;1;2;H;56
40;5;1;4;3;7;53
40;5;2;3;1;T;69
40;5;3;2;0;7;53
40;6;0;1;2;V;56
40;6;1;4;3;V;53
40;6;2;3;0;V;53
40;6;3;2;1;V;53
40;7;0;3;1;H;13
40;7;1;4;1;A;40
40;7;2;1;1;7;23
40;7;3;2;0;H;68
40;8;0;4;0;8;2
40;8;1;3;0;T;40
40;8;2;2;0;A;6
40;8;3;1;1;8;53
40;=;2;112;40;120;10
41;1;0;4;3;8;2
41;1;1;3;3;T;40
41;1;2;2;3;A;6
41;1;3;1;3;7;3
41;2;0;2;0;H;7
41;2;1;3;0;7;40
41;2;2;4;0;B;36
41;2;3;1;0;9;3
41;3;0;4;1;9;7
41;3;1;3;1;8;40
41;3;2;2;0;T;68
41;3;3;1;1;V;3
41;4;0;2;2;A;8
41;4;1;3;2;8;34
41;4;2;4;1;T;35
41;4;3;1;2;9;38
41;5;0;4;1;A;57
41;5;1;3;3;V;53
41;5;2;2;2;B;68
41;5;3;1;1;7;3
41;6;0;4;1;B;57
41;6;1;3;2;V;53
41;6;2;2;0;8;68
41;6;3;1;1;H;38
41;7;0;4;2;T;9
41;7;1;3;2;H;40
41;7;2;2;3;9;53
41;7;3;1;3;B;53
41;8;0;4;2;7;9
41;8;1;3;3;H;53
41;8;2;2;0;A;53
41;8;3;1;0;V;53
41;=;1;0;152;0;10
42;1;0;1;2;8;7
42;1;1;4;2;V;40
42;1;2;3;2;A;6
42;1;3;2;2;H;38
42;2;0;3;3;A;7
42;2;1;4;3;V;40
42;2;2;1;3;H;4
42;2;3;2;3;7;38
42;3;0;3;0;A;9
42;3;1;4;0;V;40
42;3;2;1;0;8;36
42;3;3;2;0;9;3
42;4;0;1;3;T;8
42;4;1;4;1;8;53
42;4;2;3;3;9;36
42;4;3;2;1;7;53
42;5;0;3;3;B;9
42;5;1;4;3;8;40
42;5;2;1;1;V;68
42;5;3;2;1;B;53
42;6;0;3;2;7;55
42;6;1;4;1;9;53
42;6;2;1;2;9;67
42;6;3;2;0;B;53
42;7;0;1;2;B;56
42;7;1;4;0;T;53
42;7;2;3;0;7;53
42;7;3;2;1;H;53
42;8;0;3;0;H;9
42;8;1;4;1;A;53
42;8;2;1;2;T;35
42;8;3;2;1;T;53
42;=;2;152;0;70;0
43;1;0;2;1;7;7
43;1;1;3;2;7;53
43;1;2;4;1;9;6
43;1;3;1;1;V;3
43;2;0;2;1;A;58
43;2;1;3;0;V;53
43;2;2;4;3;V;69
43;2;3;1;1;T;38
43;3;0;4;1;H;57
43;3;1;3;2;H;53
43;3;2;2;1;B;36
43;3;3;1;0;7;53
43;4;0;4;3;8;13
43;4;1;3;0;T;53
43;4;2;2;3;7;4
43;4;3;1;3;T;46
43;5;0;3;2;A;9
43;5;1;4;2;8;40
43;5;2;1;3;B;68
43;5;3;2;2;B;3
43;6;0;3;2;T;13
43;6;1;4;2;9;40
43;6;2;1;0;8;53
43;6;3;2;2;V;38
43;7;0;3;0;A;13
43;7;1;4;3;9;53
43;7;2;1;0;9;4
43;7;3;2;0;B;38
43;8;0;1;0;H;8
43;8;1;4;3;A;53
43;8;2;3;1;8;35
43;8;3;2;3;H;53
43;=;1;80;72;10;0
44;1;0;3;0;V;7
44;1;1;4;0;8;40
44;1;2;1;0;B;6
44;1;3;2;0;9;3
44;2;0;3;0;A;57
44;2;1;4;3;9;53
44;2;2;1;2;H;68
44;2;3;2;0;T;38
44;3;0;3;0;H;55
44;3;1;4;1;8;53
44;3;2;1;3;H;68
44;3;3;2;2;9;53
44;4;0;3;1;A;7
44;4;1;4;1;T;40
44;4;2;1;1;V;36
44;4;3;2;1;9;3
44;5;0;3;0;7;55
44;5;1;4;3;8;53
44;5;2;1;2;V;68
44;5;3;2;1;B;53
44;6;0;3;1;7;13
44;6;1;4;3;B;53
44;6;2;1;2;7;53
44;6;3;2;1;H;38
44;7;0;4;2;A;9
44;7;1;3;2;B;40
44;7;2;2;3;T;53
44;7;3;1;2;8;38
44;8;0;2;3;A;8
44;8;1;3;2;T;53
44;8;2;4;3;7;36
44;8;3;1;3;V;38
44;=;0;99;53;0;10
45;1;0;4;2;A;9
45;1;1;3;3;8;53
45;1;2;2;2;B;36
45;1;3;1;2;7;38
45;2;0;4;0;7;7
45;2;1;3;0;H;40
45;2;2;2;0;A;6
45;2;3;1;0;V;38
45;3;0;4;2;H;9
45;3;1;3;1;7;53
45;3;2;2;3;9;68
45;3;3;1;3;7;53
45;4;0;4;2;V;9
45;4;1;3;1;9;53
45;4;2;2;3;H;68
45;4;3;1;1;8;53
45;5;0;4;2;T;9
45;5;1;3;1;B;53
45;5;2;2;0;8;35
45;5;3;1;3;V;53
45;6;0;4;2;9;9
45;6;1;3;3;B;53
45;6;2;2;0;T;35
45;6;3;1;1;H;53
45;7;0;4;1;A;9
45;7;1;3;1;V;40
45;7;2;2;0;9;35
45;7;3;1;3;T;53
45;8;0;4;1;T;9
45;8;1;3;2;8;53
45;8;2;2;0;B;35
45;8;3;1;3;A;53
45;=;0;0;152;0;50
46;1;0;1;0;9;7
46;1;1;4;0;8;40
46;1;2;3;1;H;69
46;1;3;2;0;H;3
46;2;0;3;3;T;7
46;2;1;4;3;9;40
46;2;2;1;3;8;4
46;2;3;2;3;V;3
46;3;0;1;0;B;7
46;3;1;4;0;V;40
46;3;2;3;1;7;53
46;3;3;2;0;7;3
46;4;0;1;3;A;8
46;4;1;4;1;8;53
46;4;2;3;2;T;69
46;4;3;2;3;B;38
46;5;0;1;0;A;58
46;5;1;4;2;7;53
46;5;2;3;1;9;53
46;5;3;2;0;T;38
46;6;0;3;3;H;9
46;6;1;4;2;H;53
46;6;2;1;3;7;36
46;6;3;2;2;B;53
46;7;0;3;1;B;13
46;7;1;4;1;A;40
46;7;2;1;2;9;53
46;7;3;2;1;V;3
46;8;0;4;2;A;9
46;8;1;3;2;8;40
46;8;2;2;1;T;53
46;8;3;1;2;V;38
46;=;0;112;40;20;10
47;1;0;2;3;8;7
47;1;1;3;3;V;40
47;1;2;4;3;B;6
47;1;3;1;3;7;3
47;2;0;2;2;A;8
47;2;1;3;2;8;40
47;2;2;4;0;H;69
47;2;3;1;2;9;3
47;3;0;4;2;H;5
47;3;1;3;3;9;65
47;3;2;2;2;7;36
47;3;3;1;2;B;3
47;4;0;3;1;A;9
47;4;1;4;1;H;40
47;4;2;1;1;7;4
47;4;3;2;1;8;3
47;5;0;1;3;A;58
47;5;1;4;3;H;40
47;5;2;3;1;9;53
47;5;3;2;0;7;53
47;6;0;1;2;T;8
47;6;1;4;1;V;53
47;6;2;3;0;8;53
47;6;3;2;0;9;53
47;7;0;1;3;T;56
47;7;1;4;0;V;53
47;7;2;3;0;B;53
47;7;3;2;1;T;53
47;8;0;1;1;B;8
47;8;1;4;2;V;53
47;8;2;3;0;T;69
47;8;3;2;0;A;53
47;=;3;114;38;10;0
48;1;0;1;1;A;8
48;1;1;4;1;8;40
48;1;2;3;1;7;36
48;1;3;2;1;B;38
48;2;0;1;0;B;7
48;2;1;4;0;9;40
48;2;2;3;3;H;69
48;2;3;2;0;T;38
48;3;0;3;3;7;13
48;3;1;4;3;9;34
48;3;2;1;3;V;36
48;3;3;2;3;T;46
48;4;0;4;3;B;5
48;4;1;3;0;7;65
48;4;2;2;3;8;23
48;4;3;1;1;V;53
48;5;0;3;2;B;13
48;5;1;4;2;9;34
48;5;2;1;0;H;60
48;5;3;2;2;7;34
48;6;0;3;1;9;13
48;6;1;4;1;T;40
48;6;2;1;1;H;36
48;6;3;2;2;8;53
48;7;0;4;2;V;13
48;7;1;3;2;H;40
48;7;2;2;2;T;36
48;7;3;1;0;8;29
48;8;0;1;0;V;5
48;8;1;4;0;A;40
48;8;2;3;2;A;53
48;8;3;2;3;A;53
48;=;0;89;63;20;10
49;1;0;4;2;A;7
49;1;1;3;2;7;34
49;1;2;2;2;9;4
49;1;3;1;2;T;38
49;2;0;2;0;A;8
49;2;1;3;0;V;34
49;2;2;4;0;8;36
49;2;3;1;0;B;3
49;3;0;2;3;T;7
49;3;1;3;2;B;53
49;3;2;4;3;9;6
49;3;3;1;3;7;3
49;4;0;4;3;B;57
49;4;1;3;1;H;53
49;4;2;2;3;H;36
49;4;3;1;3;8;38
49;5;0;2;0;7;47
49;5;1;3;0;H;40
49;5;2;4;3;V;28
49;5;3;1;0;T;38
49;6;0;4;2;8;13
49;6;1;3;2;V;40
49;6;2;2;2;H;36
49;6;3;1;1;9;53
49;7;0;4;1;7;13
49;7;1;3;1;A;40
49;7;2;2;1;T;36
49;7;3;1;1;B;3
49;8;0;1;1;V;8
49;8;1;4;1;8;40
49;8;2;3;3;A;35
49;8;3;2;0;9;53
49;=;3;37;115;10;0
50;1;0;3;2;T;7
50;1;1;4;2;9;40
50;1;2;1;0;H;68
50;1;3;2;2;8;38
50;2;0;1;3;B;2
50;2;1;4;3;9;40
50;2;2;3;0;T;52
50;2;3;2;3;V;38
50;3;0;1;3;A;58
50;3;1;4;0;7;53
50;3;2;3;2;7;53
50;3;3;2;1;7;53
50;4;0;3;2;A;9
50;4;1;4;2;B;40
50;4;2;1;1;V;68
50;4;3;2;1;8;53
50;5;0;1;1;B;47
50;5;1;4;1;H;40
50;5;2;3;3;7;28
50;5;3;2;1;T;3
50;6;0;3;3;T;55
50;6;1;4;0;9;53
50;6;2;1;3;8;4
50;6;3;2;0;8;53
50;7;0;1;3;H;56
50;7;1;4;0;B;53
50;7;2;3;2;V;53
50;7;3;2;1;A;53
50;8;0;3;1;9;9
50;8;1;4;2;H;53
50;8;2;1;0;V;68
50;8;3;2;0;A;53
50;=;3;152;0;30;0
51;1;0;2;3;A;8
51;1;1;3;2;8;53
51;1;2;4;1;V;69
51;1;3;1;3;9;38
51;2;0;4;1;8;13
51;2;1;3;1;B;34
51;2;2;2;1;7;36
51;2;3;1;1;T;38
51;3;0;1;0;B;7
51;3;1;4;0;V;40
51;3;2;3;2;H;53
51;3;3;2;0;7;3
51;4;0;1;0;9;58
51;4;1;4;2;9;53
51;4;2;3;1;H;53
51;4;3;2;0;T;3
51;5;0;3;2;7;13
51;5;1;4;2;V;40
51;5;2;1;2;A;49
51;5;3;2;0;A;29
51;6;0;4;3;T;9
51;6;1;3;2;T;53
51;6;2;2;3;7;4
51;6;3;1;0;8;29
51;7;0;3;1;A;9
51;7;1;4;1;9;40
51;7;2;1;2;B;53
51;7;3;2;3;8;53
51;8;0;1;0;H;56
51;8;1;4;3;V;53
51;8;2;3;3;B;53
51;8;3;2;3;H;53
51;=;0;113;39;30;0
52;1;0;1;2;7;7
52;1;1;4;0;7;53
52;1;2;3;2;T;6
52;1;3;2;2;8;3
52;2;0;1;2;A;58
52;2;1;4;0;8;53
52;2;2;3;1;V;69
52;2;3;2;2;H;38
52;3;0;3;0;A;9
52;3;1;4;0;B;40
52;3;2;1;0;T;4
52;3;3;2;3;7;53
52;4;0;1;2;B;58
52;4;1;4;2;V;40
52;4;2;3;1;9;53
52;4;3;2;3;B;53
52;5;0;3;0;9;9
52;5;1;4;3;8;53
52;5;2;1;0;V;4
52;5;3;2;1;B;53
52;6;0;1;0;H;8
52;6;1;4;3;H;53
52;6;2;3;3;9;53
52;6;3;2;1;T;53
52;7;0;1;2;9;56
52;7;1;4;1;7;53
52;7;2;3;3;V;53
52;7;3;2;3;A;53
52;8;0;3;1;H;13
52;8;1;4;3;T;53
52;8;2;1;1;8;36
52;8;3;2;1;A;38
52;=;2;127;25;0;10
53;1;0;4;0;B;57
53;1;1;3;0;8;40
53;1;2;2;0;V;36
53;1;3;1;0;7;3
53;2;0;2;3;A;8
53;2;1;3;1;8;53
53;2;2;4;3;H;36
53;2;3;1;3;7;3
53;3;0;4;2;7;13
53;3;1;3;2;A;16
53;3;2;2;2;T;36
53;3;3;1;2;9;3
53;4;0;1;1;9;1
53;4;1;4;1;T;40
53;4;2;3;1;A;6
53;4;3;2;1;V;3
53;5;0;1;0;9;58
53;5;1;4;0;T;34
53;5;2;3;1;B;53
53;5;3;2;3;9;53
53;6;0;3;2;V;7
53;6;1;4;2;B;40
53;6;2;1;2;H;36
53;6;3;2;3;B;53
53;7;0;3;2;8;5
53;7;1;4;0;A;65
53;7;2;1;1;7;53
53;7;3;2;1;H;68
53;8;0;4;3;8;5
53;8;1;3;0;H;65
53;8;2;2;3;V;36
53;8;3;1;3;T;38
53;=;0;99;53;30;0
54;1;0;1;2;A;7
54;1;1;4;2;9;34
54;1;2;3;2;H;36
54;1;3;2;2;V;38
54;2;0;1;1;A;8
54;2;1;4;1;8;40
54;2;2;3;1;7;36
54;2;3;2;1;B;3
54;3;0;3;0;9;62
54;3;1;4;0;B;40
54;3;2;1;0;T;6
54;3;3;2;0;A;46
54;4;0;4;3;8;7
54;4;1;3;3;T;19
54;4;2;2;3;B;6
54;4;3;1;3;A;3
54;5;0;2;0;V;5
54;5;1;3;0;7;40
54;5;2;4;2;B;53
54;5;3;1;3;9;29
54;6;0;3;3;H;7
54;6;1;4;3;7;34
54;6;2;1;1;9;68
54;6;3;2;1;H;53
54;7;0;3;1;V;5
54;7;1;4;3;V;65
54;7;2;1;2;7;53
54;7;3;2;1;T;38
54;8;0;2;0;H;8
54;8;1;3;2;T;53
54;8;2;4;0;8;36
54;8;3;1;2;8;53
54;=;3;58;94;20;30
55;1;0;4;3;T;7
55;1;1;3;0;7;53
55;1;2;2;3;9;6
55;1;3;1;3;H;3
55;2;0;4;2;T;9
55;2;1;3;2;9;40
55;2;2;2;2;A;36
55;2;3;1;2;H;38
55;3;0;2;1;T;8
55;3;1;3;0;8;53
55;3;2;4;2;7;53
55;3;3;1;1;A;46
55;4;0;3;0;A;9
55;4;1;4;0;V;40
55;4;2;1;1;H;68
55;4;3;2;0;9;38
55;5;0;3;1;B;5
55;5;1;4;3;A;65
55;5;2;1;1;7;34
55;5;3;2;1;8;38
55;6;0;2;3;V;58
55;6;1;3;0;B;53
55;6;2;4;2;8;53
55;6;3;1;3;8;38
55;7;0;2;3;B;56
55;7;1;3;2;V;53
55;7;2;4;2;B;53
55;7;3;1;1;9;53
55;8;0;2;3;7;56
55;8;1;3;0;T;53
55;8;2;4;0;H;53
55;8;3;1;1;V;53
55;=;3;39;113;0;10
56;1;0;1;2;T;7
56;1;1;4;0;8;53
56;1;2;3;2;V;22
56;1;3;2;2;7;3
56;2;0;1;3;T;7
56;2;1;4;3;B;40
56;2;2;3;3;7;36
56;2;3;2;3;9;38
56;3;0;3;2;A;9
56;3;1;4;2;8;40
56;3;2;1;3;V;53
56;3;3;2;2;B;38
56;4;0;3;0;7;13
56;4;1;4;0;V;16
56;4;2;1;0;A;36
56;4;3;2;0;T;38
56;5;0;3;2;H;13
56;5;1;4;0;9;53
56;5;2;1;3;H;53
56;5;3;2;1;8;29
56;6;0;4;2;9;5
56;6;1;3;1;A;65
56;6;2;2;1;7;35
56;6;3;1;1;9;27
56;7;0;3;3;8;13
56;7;1;4;0;B;53
56;7;2;1;3;A;36
56;7;3;2;1;V;65
56;8;0;4;1;B;57
56;8;1;3;0;H;53
56;8;2;2;1;H;36
56;8;3;1;1;T;38
56;=;1;90;62;20;10
57;1;0;2;3;H;54
57;1;1;3;3;V;34
57;1;2;4;0;A;12
57;1;3;1;3;8;34
57;2;0;4;3;9;13
57;2;1;3;3;A;40
57;2;2;2;3;7;23
57;2;3;1;3;B;38
57;3;0;1;0;B;7
57;3;1;4;0;8;34
57;3;2;3;2;H;69
57;3;3;2;0;7;3
57;4;0;1;1;A;8
57;4;1;4;1;7;40
57;4;2;3;2;7;53
57;4;3;2;1;B;3
57;5;0;3;1;H;5
57;5;1;4;0;V;65
57;5;2;1;1;8;34
57;5;3;2;1;V;38
57;6;0;2;0;9;58
57;6;1;3;2;V;53
57;6;2;4;2;8;53
57;6;3;1;2;9;53
57;7;0;2;3;T;8
57;7;1;3;2;A;53
57;7;2;4;2;B;53
57;7;3;1;2;T;53
57;8;0;4;0;T;55
57;8;1;3;1;9;53
57;8;2;2;0;H;36
57;8;3;1;1;T;53
57;=;0;50;102;0;10
58;1;0;1;2;7;7
58;1;1;4;2;T;40
58;1;2;3;2;9;6
58;1;3;2;3;7;53
58;2;0;3;3;A;9
58;2;1;4;0;8;53
58;2;2;1;3;B;36
58;2;3;2;3;8;3
58;3;0;3;2;H;55
58;3;1;4;0;9;53
58;3;2;1;2;B;67
58;3;3;2;1;8;53
58;4;0;1;2;A;58
58;4;1;4;2;V;40
58;4;2;3;1;7;53
58;4;3;2;1;B;53
58;5;0;3;2;8;55
58;5;1;4;0;B;53
58;5;2;1;1;T;68
58;5;3;2;0;V;53
58;6;0;3;3;V;13
58;6;1;4;3;H;40
58;6;2;1;1;9;53
58;6;3;2;3;T;38
58;7;0;2;1;A;7
58;7;1;3;1;H;40
58;7;2;4;0;A;53
58;7;3;1;1;V;38
58;8;0;4;3;9;9
58;8;1;3;0;T;53
58;8;2;2;0;H;68
58;8;3;1;0;7;53
58;=;2;92;60;0;30
59;1;0;4;0;T;7
59;1;1;3;0;9;40
59;1;2;2;0;8;4
59;1;3;1;0;B;38
59;2;0;2;2;T;62
59;2;1;3;2;8;34
59;2;2;4;0;V;69
59;2;3;1;2;7;3
59;3;0;2;0;A;47
59;3;1;3;0;H;40
59;3;2;4;3;7;53
59;3;3;1;1;A;29
59;4;0;3;1;7;7
59;4;1;4;1;V;40
59;4;2;1;1;B;6
59;4;3;2;1;8;3
59;5;0;3;2;9;13
59;5;1;4;2;V;40
59;5;2;1;2;B;23
59;5;3;2;3;8;53
59;6;0;4;3;A;9
59;6;1;3;3;B;40
59;6;2;2;1;H;35
59;6;3;1;3;H;3
59;7;0;2;1;T;56
59;7;1;3;0;7;53
59;7;2;4;3;9;53
59;7;3;1;2;H;53
59;8;0;2;1;9;56
59;8;1;3;2;A;53
59;8;2;4;3;V;53
59;8;3;1;3;T;53
59;=;1;49;103;0;60
60;1;0;1;2;T;7
60;1;1;4;3;7;53
60;1;2;3;2;B;6
60;1;3;2;2;9;38
60;2;0;3;2;A;57
60;2;1;4;2;7;40
60;2;2;1;2;V;36
60;2;3;2;0;8;53
60;3;0;1;0;T;63
60;3;1;4;3;8;53
60;3;2;3;3;H;69
60;3;3;2;0;A;46
60;4;0;4;3;A;7
60;4;1;3;3;V;40
60;4;2;2;3;B;36
60;4;3;1;3;T;38
60;5;0;4;3;9;9
60;5;1;3;1;9;53
60;5;2;2;1;B;68
60;5;3;1;1;7;53
60;6;0;2;0;H;8
60;6;1;3;0;V;40
60;6;2;4;0;7;36
60;6;3;1;0;9;38
60;7;0;2;0;B;8
60;7;1;3;1;H;53
60;7;2;4;2;8;35
60;7;3;1;1;8;53
60;8;0;2;1;A;8
60;8;1;3;1;V;40
60;8;2;4;2;H;35
60;8;3;1;1;T;38
60;=;2;58;94;20;30
61;1;0;4;3;V;7
61;1;1;3;1;7;53
61;1;2;2;3;B;6
61;1;3;1;3;7;3
61;2;0;2;1;A;8
61;2;1;3;1;9;40
61;2;2;4;1;B;22
61;2;3;1;1;8;38
61;3;0;2;0;T;62
61;3;1;3;0;B;34
61;3;2;4;2;T;52
61;3;3;1;0;A;46
61;4;0;3;0;V;5
61;4;1;4;3;9;65
61;4;2;1;0;7;34
61;4;3;2;0;8;38
61;5;0;2;3;A;58
61;5;1;3;2;H;53
61;5;2;4;2;8;53
61;5;3;1;3;H;38
61;6;0;2;3;T;58
61;6;1;3;3;8;40
61;6;2;4;1;T;69
61;6;3;1;2;7;53
61;7;0;4;1;H;9
61;7;1;3;0;H;53
61;7;2;2;1;V;36
61;7;3;1;0;9;53
61;8;0;4;2;B;13
61;8;1;3;2;A;40
61;8;2;2;2;9;36
61;8;3;1;2;V;38
61;=;3;49;103;10;0
62;1;0;1;3;A;7
62;1;1;4;3;H;34
62;1;2;3;1;T;52
62;1;3;2;3;7;3
62;2;0;3;2;H;11
62;2;1;4;2;8;34
62;2;2;1;1;B;68
62;2;3;2;2;A;46
62;3;0;4;0;H;7
62;3;1;3;1;7;53
62;3;2;2;0;B;6
62;3;3;1;0;8;3
62;4;0;4;2;9;13
62;4;1;3;2;T;40
62;4;2;2;2;7;23
62;4;3;1;3;9;53
62;5;0;1;0;A;58
62;5;1;4;1;H;53
62;5;2;3;3;8;53
62;5;3;2;0;7;38
62;6;0;1;0;V;56
62;6;1;4;3;T;53
62;6;2;3;1;8;53
62;6;3;2;3;B;53
62;7;0;1;0;T;56
62;7;1;4;2;V;53
62;7;2;3;1;V;53
62;7;3;2;2;B;53
62;8;0;1;0;9;56
62;8;1;4;1;A;53
62;8;2;3;1;9;53
62;8;3;2;3;V;53
62;=;0;111;41;10;0
63;1;0;2;1;7;54
63;1;1;3;1;V;40
63;1;2;4;3;9;12
63;1;3;1;1;8;34
63;2;0;4;0;8;5
63;2;1;3;3;A;65
63;2;2;2;0;V;34
63;2;3;1;0;9;38
63;3;0;1;3;B;7
63;3;1;4;3;T;34
63;3;2;3;1;H;69
63;3;3;2;3;H;38
63;4;0;3;2;A;7
63;4;1;4;2;8;40
63;4;2;1;2;V;36
63;4;3;2;2;B;3
63;5;0;3;2;9;5
63;5;1;4;3;V;65
63;5;2;1;1;B;53
63;5;3;2;2;H;3
63;6;0;4;2;7;13
63;6;1;3;1;9;53
63;6;2;2;2;T;36
63;6;3;1;3;8;29
63;7;0;3;1;A;9
63;7;1;4;0;7;53
63;7;2;1;1;T;36
63;7;3;2;0;H;53
63;8;0;1;3;7;56
63;8;1;4;0;A;53
63;8;2;3;0;B;53
63;8;3;2;0;T;53
63;=;3;126;26;10;0
64;1;0;3;2;B;57
64;1;1;4;2;H;40
64;1;2;1;0;T;51
64;1;3;2;1;8;53
64;2;0;1;1;A;8
64;2;1;4;0;7;53
64;2;2;3;3;8;53
64;2;3;2;1;B;3
64;3;0;1;1;H;8
64;3;1;4;0;8;53
64;3;2;3;3;H;53
64;3;3;2;1;V;38
64;4;0;1;1;7;5
64;4;1;4;2;9;65
64;4;2;3;2;8;35
64;4;3;2;3;T;68
64;5;0;4;0;H;5
64;5;1;3;2;V;65
64;5;2;2;0;9;23
64;5;3;1;3;7;53
64;6;0;3;2;A;57
64;6;1;4;2;7;40
64;6;2;1;1;T;51
64;6;3;2;3;B;53
64;7;0;3;3;V;9
64;7;1;4;0;A;53
64;7;2;1;3;9;4
64;7;3;2;0;B;53
64;8;0;1;3;A;8
64;8;1;4;1;9;53
64;8;2;3;2;T;35
64;8;3;2;0;V;53
64;=;2;128;24;10;0
65;1;0;2;2;H;54
65;1;1;3;2;7;34
65;1;2;4;3;H;12
65;1;3;1;2;V;38
65;2;0;2;2;8;41
65;2;1;3;2;T;40
65;2;2;4;3;7;45
65;2;3;1;3;V;29
65;3;0;3;0;A;7
65;3;1;4;0;8;34
65;3;2;1;0;9;4
65;3;3;2;0;7;38
65;4;0;3;1;V;7
65;4;1;4;2;B;53
65;4;2;1;1;H;4
65;4;3;2;1;7;3
65;5;0;1;3;B;58
65;5;1;4;0;V;53
65;5;2;3;2;9;69
65;5;3;2;3;8;3
65;6;0;3;1;T;9
65;6;1;4;0;H;53
65;6;2;1;1;A;36
65;6;3;2;1;B;38
65;7;0;3;1;9;13
65;7;1;4;1;8;40
65;7;2;1;0;B;53
65;7;3;2;3;A;29
65;8;0;2;3;9;58
65;8;1;3;2;A;53
65;8;2;4;0;T;69
65;8;3;1;3;T;38
65;=;3;83;69;20;10
66;1;0;1;0;B;7
66;1;1;4;0;9;40
66;1;2;3;2;B;69
66;1;3;2;0;H;3
66;2;0;3;3;B;62
66;2;1;4;1;7;53
66;2;2;1;3;T;6
66;2;3;2;3;H;3
66;3;0;1;1;A;7
66;3;1;4;1;H;40
66;3;2;3;1;V;22
66;3;3;2;1;T;3
66;4;0;1;0;A;58
66;4;1;4;0;V;40
66;4;2;3;3;9;53
66;4;3;2;0;T;38
66;5;0;1;0;8;56
66;5;1;4;2;H;53
66;5;2;3;3;7;53
66;5;3;2;1;B;53
66;6;0;1;0;7;56
66;6;1;4;3;8;53
66;6;2;3;2;9;53
66;6;3;2;3;V;53
66;7;0;3;1;9;9
66;7;1;4;3;A;53
66;7;2;1;2;8;68
66;7;3;2;2;V;53
66;8;0;3;1;8;9
66;8;1;4;2;A;53
66;8;2;1;2;7;68
66;8;3;2;2;T;53
66;=;0;152;0;30;0
67;1;0;4;2;7;7
67;1;1;3;3;9;53
67;1;2;2;2;9;6
67;1;3;1;2;8;38
67;2;0;2;0;9;47
67;2;1;3;0;T;40
67;2;2;4;2;A;28
67;2;3;1;0;7;34
67;3;0;4;1;T;9
67;3;1;3;1;V;40
67;3;2;2;3;8;68
67;3;3;1;1;A;46
67;4;0;3;1;H;9
67;4;1;4;3;7;53
67;4;2;1;1;7;36
67;4;3;2;2;V;29
67;5;0;4;1;B;9
67;5;1;3;3;B;53
67;5;2;2;0;H;53
67;5;3;1;0;8;53
67;6;0;2;2;H;56
67;6;1;3;1;8;53
67;6;2;4;3;T;69
67;6;3;1;0;B;53
67;7;0;2;2;B;56
67;7;1;3;3;A;53
67;7;2;4;3;V;53
67;7;3;1;3;H;53
67;8;0;4;1;9;9
67;8;1;3;0;V;53
67;8;2;2;2;T;35
67;8;3;1;0;A;53
67;=;2;24;128;0;50
68;1;0;3;2;A;7
68;1;1;4;2;B;40
68;1;2;1;2;V;36
68;1;3;2;2;T;38
68;2;0;1;0;8;7
68;2;1;4;0;T;40
68;2;2;3;0;9;6
68;2;3;2;3;8;53
68;3;0;1;1;A;8
68;3;1;4;1;7;34
68;3;2;3;2;7;53
68;3;3;2;1;B;3
68;4;0;1;0;7;7
68;4;1;4;0;V;40
68;4;2;3;0;H;6
68;4;3;2;1;V;53
68;5;0;3;0;A;55
68;5;1;4;2;8;53
68;5;2;1;0;B;36
68;5;3;2;3;H;53
68;6;0;3;3;7;13
68;6;1;4;3;V;40
68;6;2;1;3;9;23
68;6;3;2;3;A;38
68;7;0;2;1;T;7
68;7;1;3;3;T;53
68;7;2;4;1;8;36
68;7;3;1;1;9;38
68;8;0;4;2;H;9
68;8;1;3;2;9;40
68;8;2;2;1;H;53
68;8;3;1;3;B;53
68;=;0;108;44;60;30
69;1;0;4;3;8;7
69;1;1;3;3;V;42
69;1;2;2;3;B;6
69;1;3;1;3;7;3
69;2;0;2;0;A;7
69;2;1;3;0;H;40
69;2;2;4;0;V;36
69;2;3;1;0;9;3
69;3;0;4;1;A;7
69;3;1;3;1;8;40
69;3;2;2;1;9;4
69;3;3;1;1;7;3
69;4;0;4;2;A;9
69;4;1;3;2;7;34
69;4;2;2;1;V;68
69;4;3;1;2;8;3
69;5;0;4;1;B;5
69;5;1;3;3;H;65
69;5;2;2;3;A;29
69;5;3;1;1;T;38
69;6;0;4;1;H;5
69;6;1;3;3;T;65
69;6;2;2;0;7;53
69;6;3;1;0;T;68
69;7;0;1;2;H;7
69;7;1;4;2;9;34
69;7;2;3;2;T;22
69;7;3;2;0;8;53
69;8;0;1;3;9;56
69;8;1;4;2;V;53
69;8;2;3;2;B;53
69;8;3;2;0;B;53
69;=;3;59;93;10;40
70;1;0;3;1;T;7
70;1;1;4;1;8;34
70;1;2;1;1;H;4
70;1;3;2;1;7;3
70;2;0;1;0;T;7
70;2;1;4;0;9;40
70;2;2;3;0;B;6
70;2;3;2;0;A;38
70;3;0;3;2;A;7
70;3;1;4;2;T;40
70;3;2;1;2;V;4
70;3;3;2;2;B;38
70;4;0;1;1;A;8
70;4;1;4;1;V;40
70;4;2;3;3;H;69
70;4;3;2;1;9;3
70;5;0;1;2;H;8
70;5;1;4;2;8;40
70;5;2;3;3;9;53
70;5;3;2;3;8;53
70;6;0;3;0;H;57
70;6;1;4;0;7;40
70;6;2;1;0;8;36
70;6;3;2;3;B;53
70;7;0;3;0;V;55
70;7;1;4;3;V;53
70;7;2;1;3;7;68
70;7;3;2;1;B;53
70;8;0;3;2;9;9
70;8;1;4;3;T;53
70;8;2;1;2;7;36
70;8;3;2;3;A;53
70;=;0;152;0;50;0
71;1;0;4;3;V;7
71;1;1;3;3;9;40
71;1;2;2;3;B;6
71;1;3;1;3;T;38
71;2;0;2;2;A;8
71;2;1;3;2;H;40
71;2;2;4;2;7;36
71;2;3;1;2;9;3
71;3;0;4;1;7;5
71;3;1;3;3;7;65
71;3;2;2;1;8;23
71;3;3;1;1;9;24
71;4;0;3;0;A;7
71;4;1;4;0;7;40
71;4;2;1;0;9;4
71;4;3;2;0;8;38
71;5;0;1;1;A;2
71;5;1;4;1;T;40
71;5;2;3;2;T;69
71;5;3;2;1;B;3
71;6;0;3;2;V;5
71;6;1;4;3;H;65
71;6;2;1;2;B;36
71;6;3;2;1;H;68
71;7;0;4;0;T;7
71;7;1;3;0;V;40
71;7;2;2;1;V;53
71;7;3;1;0;H;3
71;8;0;4;3;A;55
71;8;1;3;2;8;53
71;8;2;2;3;8;36
71;8;3;1;0;B;53
71;=;3;44;108;40;60
72;1;0;3;0;B;57
72;1;1;4;3;8;53
72;1;2;1;0;V;4
72;1;3;2;0;7;38
72;2;0;3;2;7;5
72;2;1;4;0;8;65
72;2;2;1;2;H;36
72;2;3;2;2;8;3
72;3;0;2;1;8;1
72;3;1;3;1;T;40
72;3;2;4;1;A;6
72;3;3;1;1;7;3
72;4;0;4;0;9;57
72;4;1;3;3;B;53
72;4;2;2;3;9;68
72;4;3;1;0;H;3
72;5;0;4;1;9;13
72;5;1;3;3;H;53
72;5;2;2;2;B;53
72;5;3;1;1;H;38
72;6;0;1;0;A;58
72;6;1;4;2;9;53
72;6;2;3;3;T;53
72;6;3;2;2;V;53
72;7;0;3;1;V;9
72;7;1;4;1;B;40
72;7;2;1;3;7;53
72;7;3;2;2;T;53
72;8;0;3;3;A;13
72;8;1;4;0;T;65
72;8;2;1;3;V;36
72;8;3;2;2;A;53
72;=;0;72;80;0;10
73;1;0;2;2;B;58
73;1;1;3;3;7;53
73;1;2;4;2;A;36
73;1;3;1;2;7;3
73;2;0;4;0;B;13
73;2;1;3;0;A;16
73;2;2;2;0;8;23
73;2;3;1;0;T;38
73;3;0;1;1;A;7
73;3;1;4;1;H;34
73;3;2;3;1;B;36
73;3;3;2;1;8;3
73;4;0;3;3;H;7
73;4;1;4;3;9;40
73;4;2;1;3;A;4
73;4;3;2;3;V;38
73;5;0;3;1;7;13
73;5;1;4;1;T;40
73;5;2;1;1;9;36
73;5;3;2;1;V;38
73;6;0;4;3;B;5
73;6;1;3;2;H;65
73;6;2;2;0;9;53
73;6;3;1;3;8;32
73;7;0;3;0;7;13
73;7;1;4;0;H;40
73;7;2;1;2;T;29
73;7;3;2;2;8;35
73;8;0;3;0;V;5
73;8;1;4;2;9;65
73;8;2;1;3;T;53
73;8;3;2;2;V;35
73;=;2;78;74;20;10
74;1;0;3;2;A;7
74;1;1;4;2;B;40
74;1;2;1;2;H;4
74;1;3;2;2;8;3
74;2;0;1;0;B;58
74;2;1;4;0;7;34
74;2;2;3;0;H;36
74;2;3;2;0;A;38
74;3;0;3;2;7;5
74;3;1;4;0;8;65
74;3;2;1;2;9;36
74;3;3;2;2;V;38
74;4;0;4;3;9;62
74;4;1;3;3;T;40
74;4;2;2;3;A;6
74;4;3;1;3;8;38
74;5;0;2;1;A;7
74;5;1;3;1;8;34
74;5;2;4;1;B;22
74;5;3;1;1;7;3
74;6;0;4;3;7;13
74;6;1;3;1;V;53
74;6;2;2;3;B;23
74;6;3;1;0;V;29
74;7;0;1;1;9;5
74;7;1;4;1;H;40
74;7;2;3;2;T;53
74;7;3;2;3;V;53
74;8;0;2;3;H;5
74;8;1;3;0;9;65
74;8;2;4;0;T;35
74;8;3;1;1;T;68
74;=;0;98;54;10;20
75;1;0;4;1;H;7
75;1;1;3;1;9;34
75;1;2;2;1;T;4
75;1;3;1;1;8;3
75;2;0;2;0;A;8
75;2;1;3;0;B;40
75;2;2;4;0;7;36
75;2;3;1;0;V;3
75;3;0;4;3;A;9
75;3;1;3;3;9;40
75;3;2;2;3;V;36
75;3;3;1;3;8;3
75;4;0;2;2;B;58
75;4;1;3;2;V;34
75;4;2;4;2;A;36
75;4;3;1;2;8;38
75;5;0;4;3;7;5
75;5;1;3;2;H;65
75;5;2;2;0;8;53
75;5;3;1;3;T;38
75;6;0;3;2;9;57
75;6;1;4;1;7;53
75;6;2;1;1;B;68
75;6;3;2;2;7;38
75;7;0;3;1;V;13
75;7;1;4;3;B;53
75;7;2;1;0;H;53
75;7;3;2;1;A;38
75;8;0;4;2;T;55
75;8;1;3;3;H;53
75;8;2;2;0;9;68
75;8;3;1;0;T;53
75;=;2;30;122;0;30
76;1;0;1;1;A;7
76;1;1;4;1;V;40
76;1;2;3;1;H;22
76;1;3;2;1;7;3
76;2;0;1;3;A;63
76;2;1;4;3;8;40
76;2;2;3;3;H;36
76;2;3;2;2;9;53
76;3;0;3;2;8;13
76;3;1;4;2;T;16
76;3;2;1;2;B;23
76;3;3;2;2;A;38
76;4;0;4;2;7;5
76;4;1;3;3;7;65
76;4;2;2;0;8;53
76;4;3;1;2;V;3
76;5;0;3;1;9;5
76;5;1;4;3;B;65
76;5;2;1;1;8;36
76;5;3;2;1;T;38
76;6;0;4;0;9;13
76;6;1;3;0;7;40
76;6;2;2;0;A;49
76;6;3;1;0;B;38
76;7;0;4;3;T;57
76;7;1;3;3;V;40
76;7;2;2;0;T;68
76;7;3;1;3;9;38
76;8;0;3;1;B;9
76;8;1;4;0;H;53
76;8;2;1;2;H;53
76;8;3;2;0;V;53
76;=;3;86;66;30;20
77;1;0;4;2;T;7
77;1;1;3;2;9;34
77;1;2;2;2;8;4
77;1;3;1;2;H;3
77;2;0;4;0;T;7
77;2;1;3;0;9;40
77;2;2;2;0;B;6
77;2;3;1;0;7;38
77;3;0;2;0;V;7
77;3;1;3;0;H;40
77;3;2;4;0;A;6
77;3;3;1;3;7;53
77;4;0;4;1;A;9
77;4;1;3;1;V;40
77;4;2;2;1;8;36
77;4;3;1;1;9;3
77;5;0;4;3;A;9
77;5;1;3;2;B;53
77;5;2;2;3;9;4
77;5;3;1;3;8;3
77;6;0;2;2;A;8
77;6;1;3;2;V;40
77;6;2;4;3;B;53
77;6;3;1;2;7;38
77;7;0;2;0;8;56
77;7;1;3;1;7;53
77;7;2;4;3;H;53
77;7;3;1;3;T;53
77;8;0;2;3;V;8
77;8;1;3;1;H;53
77;8;2;4;1;B;53
77;8;3;1;1;T;53
77;=;0;0;152;0;90
78;1;0;1;2;V;10
78;1;1;4;3;9;53
78;1;2;3;2;T;6
78;1;3;2;2;8;3
78;2;0;1;0;B;58
78;2;1;4;1;V;53
78;2;2;3;0;8;36
78;2;3;2;0;V;3
78;3;0;3;2;7;13
78;3;1;4;2;H;34
78;3;2;1;0;7;29
78;3;3;2;2;9;3
78;4;0;3;1;9;13
78;4;1;4;1;A;16
78;4;2;1;1;8;36
78;4;3;2;1;7;38
78;5;0;2;0;9;2
78;5;1;3;0;T;40
78;5;2;4;1;T;69
78;5;3;1;0;H;3
78;6;0;4;3;A;7
78;6;1;3;3;V;40
78;6;2;2;3;H;4
78;6;3;1;3;7;3
78;7;0;4;1;H;13
78;7;1;3;1;B;40
78;7;2;2;3;B;53
78;7;3;1;0;A;29
78;8;0;3;3;T;9
78;8;1;4;2;A;53
78;8;2;1;3;8;36
78;8;3;2;2;B;53
78;=;0;85;67;10;40
79;1;0;2;1;9;7
79;1;1;3;1;7;34
79;1;2;4;2;B;69
79;1;3;1;1;V;3
79;2;0;4;3;A;9
79;2;1;3;3;8;40
79;2;2;2;3;V;36
79;2;3;1;3;7;38
79;3;0;2;1;A;58
79;3;1;3;1;8;40
79;3;2;4;3;H;69
79;3;3;1;1;T;38
79;4;0;4;0;A;7
79;4;1;3;0;8;40
79;4;2;2;0;H;4
79;4;3;1;0;7;3
79;5;0;2;1;H;56
79;5;1;3;2;8;53
79;5;2;4;3;9;53
79;5;3;1;0;V;53
79;6;0;4;3;B;9
79;6;1;3;2;7;53
79;6;2;2;2;9;68
79;6;3;1;2;H;53
79;7;0;4;0;T;9
79;7;1;3;2;V;53
79;7;2;2;0;B;36
79;7;3;1;2;T;53
79;8;0;4;3;T;9
79;8;1;3;0;9;53
79;8;2;2;1;B;35
79;8;3;1;2;A;53
79;=;1;0;152;0;10
80;1;0;1;2;A;7
80;1;1;4;2;H;34
80;1;2;3;2;B;36
80;1;3;2;2;8;3
80;2;0;3;1;B;57
80;2;1;4;3;V;53
80;2;2;1;1;7;4
80;2;3;2;1;8;3
80;3;0;3;3;7;13
80;3;1;4;3;A;40
80;3;2;1;3;8;36
80;3;3;2;3;B;3
80;4;0;2;1;9;2
80;4;1;3;1;T;40
80;4;2;4;2;T;52
80;4;3;1;1;V;3
80;5;0;4;0;A;9
80;5;1;3;0;7;40
80;5;2;2;0;8;4
80;5;3;1;0;B;3
80;6;0;4;3;9;13
80;6;1;3;2;7;53
80;6;2;2;3;T;36
80;6;3;1;1;H;29
80;7;0;3;2;V;9
80;7;1;4;3;H;53
80;7;2;1;0;T;53
80;7;3;2;2;9;38
80;8;0;1;1;A;56
80;8;1;4;0;H;53
80;8;2;3;0;9;53
80;8;3;2;0;V;53
80;=;1;89;63;10;0
81;1;0;2;3;A;1
81;1;1;3;3;9;40
81;1;2;4;3;B;6
81;1;3;1;3;8;3
81;2;0;4;2;A;9
81;2;1;3;2;B;40
81;2;2;2;2;8;4
81;2;3;1;2;T;38
81;3;0;4;2;7;5
81;3;1;3;3;T;65
81;3;2;2;2;H;36
81;3;3;1;1;T;68
81;4;0;3;0;T;7
81;4;1;4;0;8;40
81;4;2;1;0;A;36
81;4;3;2;0;V;3
81;5;0;3;3;V;7
81;5;1;4;2;9;53
81;5;2;1;3;H;36
81;5;3;2;1;8;53
81;6;0;1;1;A;8
81;6;1;4;1;7;40
81;6;2;3;0;7;53
81;6;3;2;1;B;3
81;7;0;3;0;B;5
81;7;1;4;3;7;65
81;7;2;1;1;9;53
81;7;3;2;0;9;38
81;8;0;4;2;V;9
81;8;1;3;0;H;53
81;8;2;2;1;H;53
81;8;3;1;1;V;53
81;=;3;68;84;20;10
82;1;0;3;1;7;5
82;1;1;4;2;8;65
82;1;2;1;1;8;23
82;1;3;2;1;9;24
82;2;0;4;2;B;7
82;2;1;3;2;T;34
82;2;2;2;3;H;68
82;2;3;1;2;H;3
82;3;0;2;0;A;8
82;3;1;3;0;9;34
82;3;2;4;1;T;52
82;3;3;1;0;7;3
82;4;0;4;3;7;5
82;4;1;3;2;7;65
82;4;2;2;3;9;23
82;4;3;1;0;T;68
82;5;0;1;1;H;7
82;5;1;4;1;B;40
82;5;2;3;0;H;53
82;5;3;2;1;V;38
82;6;0;1;1;A;8
82;6;1;4;3;8;53
82;6;2;3;3;B;53
82;6;3;2;0;8;53
82;7;0;3;2;A;55
82;7;1;4;3;V;53
82;7;2;1;2;9;66
82;7;3;2;0;B;53
82;8;0;1;2;V;56
82;8;1;4;0;V;53
82;8;2;3;3;T;69
82;8;3;2;3;A;53
82;=;2;93;59;30;20
83;1;0;2;2;7;41
83;1;1;3;2;T;40
83;1;2;4;0;H;45
83;1;3;1;0;A;29
83;2;0;3;1;A;7
83;2;1;4;1;B;34
83;2;2;1;1;9;4
83;2;3;2;1;H;3
83;3;0;1;1;8;54
83;3;1;4;1;V;40
83;3;2;3;0;T;12
83;3;3;2;1;T;38
83;4;0;3;2;H;13
83;4;1;4;2;9;34
83;4;2;1;3;7;53
83;4;3;2;2;8;3
83;5;0;3;3;T;13
83;5;1;4;3;B;40
83;5;2;1;3;8;23
83;5;3;2;0;9;29
83;6;0;4;0;V;57
83;6;1;3;0;8;40
83;6;2;2;0;B;36
83;6;3;1;0;7;38
83;7;0;4;1;7;9
83;7;1;3;3;A;53
83;7;2;2;2;B;53
83;7;3;1;3;9;53
83;8;0;4;2;A;9
83;8;1;3;3;H;53
83;8;2;2;2;V;36
83;8;3;1;3;V;53
83;=;0;69;83;0;10
84;1;0;1;0;T;62
84;1;1;4;0;9;40
84;1;2;3;3;7;69
84;1;3;2;0;A;46
84;2;0;4;1;8;5
84;2;1;3;2;8;65
84;2;2;2;1;9;23
84;2;3;1;1;B;32
84;3;0;3;3;H;7
84;3;1;4;3;B;40
84;3;2;1;3;A;4
84;3;3;2;3;8;3
84;4;0;1;2;V;7
84;4;1;4;2;T;40
84;4;2;3;2;9;6
84;4;3;2;0;7;53
84;5;0;3;3;T;9
84;5;1;4;0;B;53
84;5;2;1;3;9;36
84;5;3;2;3;V;38
84;6;0;3;2;A;55
84;6;1;4;1;H;53
84;6;2;1;2;B;66
84;6;3;2;0;8;53
84;7;0;3;2;7;55
84;7;1;4;1;V;53
84;7;2;1;2;H;36
84;7;3;2;0;H;53
84;8;0;3;0;V;9
84;8;1;4;1;A;53
84;8;2;1;1;7;68
84;8;3;2;1;T;53
84;=;2;131;21;10;0
85;1;0;4;2;T;7
85;1;1;3;2;A;40
85;1;2;2;2;B;6
85;1;3;1;2;H;3
85;2;0;4;2;9;57
85;2;1;3;0;V;53
85;2;2;2;2;8;36
85;2;3;1;2;V;38
85;3;0;4;3;B;13
85;3;1;3;3;9;40
85;3;2;2;3;8;4
85;3;3;1;3;7;38
85;4;0;4;1;9;13
85;4;1;3;1;A;40
85;4;2;2;1;B;23
85;4;3;1;1;7;3
85;5;0;3;0;T;7
85;5;1;4;1;V;53
85;5;2;1;0;8;4
85;5;3;2;0;9;38
85;6;0;3;0;H;9
85;6;1;4;3;T;53
85;6;2;1;0;7;4
85;6;3;2;3;V;53
85;7;0;1;0;A;8
85;7;1;4;0;B;40
85;7;2;3;1;H;53
85;7;3;2;3;H;53
85;8;0;3;2;7;55
85;8;1;4;3;A;53
85;8;2;1;1;8;68
85;8;3;2;1;T;53
85;=;2;85;67;30;20
86;1;0;3;2;A;7
86;1;1;4;2;H;40
86;1;2;1;2;V;4
86;1;3;2;2;7;3
86;2;0;1;0;8;7
86;2;1;4;0;7;40
86;2;2;3;0;9;6
86;2;3;2;0;H;39
86;3;0;1;3;T;7
86;3;1;4;3;9;34
86;3;2;3;3;8;22
86;3;3;2;3;7;38
86;4;0;1;0;V;7
86;4;1;4;1;8;53
86;4;2;3;0;B;6
86;4;3;2;0;A;3
86;5;0;3;1;A;7
86;5;1;4;1;9;40
86;5;2;1;1;V;4
86;5;3;2;1;T;3
86;6;0;3;3;B;13
86;6;1;4;3;H;40
86;6;2;1;2;8;53
86;6;3;2;1;H;68
86;7;0;4;2;T;7
86;7;1;3;3;A;53
86;7;2;2;2;B;36
86;7;3;1;2;9;38
86;8;0;4;1;B;9
86;8;1;3;3;V;53
86;8;2;2;0;T;35
86;8;3;1;1;7;38
86;=;0;104;48;90;30
87;1;0;2;2;H;7
87;1;1;3;3;7;53
87;1;2;4;2;A;6
87;1;3;1;2;7;3
87;2;0;2;2;T;7
87;2;1;3;1;7;53
87;2;2;4;2;B;6
87;2;3;1;2;V;38
87;3;0;4;1;A;9
87;3;1;3;1;8;40
87;3;2;2;0;B;68
87;3;3;1;1;9;3
87;4;0;4;3;A;9
87;4;1;3;3;B;40
87;4;2;2;3;9;36
87;4;3;1;0;8;53
87;5;0;2;2;9;56
87;5;1;3;1;B;53
87;5;2;4;3;8;53
87;5;3;1;1;V;53
87;6;0;2;2;8;56
87;6;1;3;0;V;53
87;6;2;4;3;V;53
87;6;3;1;1;H;53
87;7;0;4;3;H;13
87;7;1;3;3;T;40
87;7;2;2;0;7;53
87;7;3;1;1;T;68
87;8;0;1;0;H;1
87;8;1;4;0;T;40
87;8;2;3;0;A;6
87;8;3;2;0;9;38
87;=;2;49;103;10;20
88;1;0;1;0;T;7
88;1;1;4;2;8;53
88;1;2;3;0;B;6
88;1;3;2;0;7;3
88;2;0;3;0;9;57
88;2;1;4;3;9;53
88;2;2;1;0;A;36
88;2;3;2;0;V;3
88;3;0;3;3;8;13
88;3;1;4;2;B;53
88;3;2;1;3;7;23
88;3;3;2;3;T;46
88;4;0;2;1;A;8
88;4;1;3;1;8;34
88;4;2;4;2;V;53
88;4;3;1;1;7;3
88;5;0;4;2;A;9
88;5;1;3;2;7;40
88;5;2;2;2;T;36
88;5;3;1;2;9;38
88;6;0;4;2;H;9
88;6;1;3;1;9;53
88;6;2;2;3;V;53
88;6;3;1;3;B;53
88;7;0;2;3;A;8
88;7;1;3;1;T;53
88;7;2;4;1;H;53
88;7;3;1;1;B;53
88;8;0;2;0;H;56
88;8;1;3;3;H;53
88;8;2;4;0;8;36
88;8;3;1;1;V;53
88;=;0;58;94;0;10
89;1;0;4;1;T;7
89;1;1;3;1;H;40
89;1;2;2;1;9;4
89;1;3;1;1;B;38
89;2;0;2;1;A;8
89;2;1;3;2;7;53
89;2;2;4;2;V;69
89;2;3;1;0;9;29
89;3;0;3;1;7;5
89;3;1;4;0;7;65
89;3;2;1;3;8;53
89;3;3;2;1;8;38
89;4;0;2;3;A;8
89;4;1;3;2;H;53
89;4;2;4;2;8;53
89;4;3;1;3;9;3
89;5;0;4;3;T;9
89;5;1;3;3;H;40
89;5;2;2;3;7;36
89;5;3;1;3;B;3
89;6;0;4;0;A;57
89;6;1;3;2;T;53
89;6;2;2;0;B;66
89;6;3;1;2;9;53
89;7;0;2;0;V;7
89;7;1;3;2;A;53
89;7;2;4;0;H;6
89;7;3;1;2;B;53
89;8;0;4;0;T;55
89;8;1;3;1;V;53
89;8;2;2;0;8;36
89;8;3;1;3;V;53
89;=;0;28;124;0;50
90;1;0;1;1;A;8
90;1;1;4;1;B;40
90;1;2;3;0;8;69
90;1;3;2;1;8;3
90;2;0;3;2;7;13
90;2;1;4;0;B;53
90;2;2;1;2;9;23
90;2;3;2;2;V;46
90;3;0;2;3;B;7
90;3;1;3;3;9;40
90;3;2;4;2;T;69
90;3;3;1;3;7;3
90;4;0;4;1;V;13
90;4;1;3;1;7;40
90;4;2;2;1;H;36
90;4;3;1;1;9;38
90;5;0;4;0;H;13
90;5;1;3;0;7;34
90;5;2;2;0;9;36
90;5;3;1;3;V;29
90;6;0;3;3;A;57
90;6;1;4;2;8;53
90;6;2;1;3;T;4
90;6;3;2;3;8;38
90;7;0;3;1;T;9
90;7;1;4;0;A;53
90;7;2;1;2;B;53
90;7;3;2;2;H;53
90;8;0;1;3;H;56
90;8;1;4;0;T;53
90;8;2;3;0;V;53
90;8;3;2;2;A;53
90;=;3;96;56;10;0
91;1;0;2;3;A;8
91;1;1;3;3;9;34
91;1;2;4;3;H;36
91;1;3;1;3;B;38
91;2;0;2;0;A;8
91;2;1;3;0;B;40
91;2;2;4;1;7;69
91;2;3;1;0;9;3
91;3;0;4;1;9;13
91;3;1;3;1;8;40
91;3;2;2;1;T;36
91;3;3;1;1;A;46
91;4;0;3;3;T;9
91;4;1;4;3;V;40
91;4;2;1;0;T;68
91;4;3;2;2;H;29
91;5;0;4;1;H;5
91;5;1;3;2;7;65
91;5;2;2;2;T;29
91;5;3;1;1;B;3
91;6;0;4;3;7;5
91;6;1;3;2;V;65
91;6;2;2;2;9;29
91;6;3;1;1;V;53
91;7;0;2;0;8;54
91;7;1;3;0;V;40
91;7;2;4;2;A;12
91;7;3;1;0;H;38
91;8;0;4;3;8;5
91;8;1;3;2;B;65
91;8;2;2;0;7;53
91;8;3;1;2;8;35
91;=;2;41;111;30;0
92;1;0;3;2;V;7
92;1;1;4;1;7;53
92;1;2;1;2;B;6
92;1;3;2;2;8;3
92;2;0;1;3;A;8
92;2;1;4;3;V;34
92;2;2;3;3;7;36
92;2;3;2;3;B;38
92;3;0;1;3;9;41
92;3;1;4;3;T;40
92;3;2;3;2;T;45
92;3;3;2;1;8;53
92;4;0;3;1;9;13
92;4;1;4;1;T;40
92;4;2;1;1;V;23
92;4;3;2;1;A;38
92;5;0;4;0;A;7
92;5;1;3;0;7;40
92;5;2;2;0;8;4
92;5;3;1;0;V;3
92;6;0;2;0;T;8
92;6;1;3;0;H;40
92;6;2;4;3;8;53
92;6;3;1;0;9;38
92;7;0;4;2;A;57
92;7;1;3;1;B;53
92;7;2;2;2;H;36
92;7;3;1;2;7;38
92;8;0;2;0;B;8
92;8;1;3;3;H;53
92;8;2;4;2;9;35
92;8;3;1;1;H;53
92;=;2;59;93;0;10
93;1;0;2;1;A;7
93;1;1;3;1;H;40
93;1;2;4;0;8;69
93;1;3;1;1;B;3
93;2;0;4;2;A;9
93;2;1;3;2;7;34
93;2;2;2;2;T;36
93;2;3;1;2;V;3
93;3;0;4;0;A;7
93;3;1;3;0;H;40
93;3;2;2;0;V;36
93;3;3;1;0;7;3
93;4;0;4;1;T;13
93;4;1;3;3;T;65
93;4;2;2;1;8;34
93;4;3;1;1;V;38
93;5;0;3;3;8;7
93;5;1;4;3;A;18
93;5;2;1;3;B;6
93;5;3;2;3;V;3
93;6;0;3;2;8;5
93;6;1;4;3;7;65
93;6;2;1;2;H;36
93;6;3;2;1;9;68
93;7;0;4;1;7;9
93;7;1;3;2;9;53
93;7;2;2;3;H;35
93;7;3;1;0;9;53
93;8;0;2;3;9;56
93;8;1;3;2;B;53
93;8;2;4;0;B;53
93;8;3;1;0;T;53
93;=;3;57;95;0;30
94;1;0;1;0;T;7
94;1;1;4;0;9;40
94;1;2;3;0;B;6
94;1;3;2;0;A;38
94;2;0;3;2;A;9
94;2;1;4;1;7;53
94;2;2;1;2;7;36
94;2;3;2;2;8;3
94;3;0;3;0;8;57
94;3;1;4;1;9;53
94;3;2;1;0;V;67
94;3;3;2;3;8;53
94;4;0;1;0;H;56
94;4;1;4;3;B;53
94;4;2;3;1;H;69
94;4;3;2;1;8;53
94;5;0;3;3;7;5
94;5;1;4;0;7;65
94;5;2;1;3;9;23
94;5;3;2;2;T;68
94;6;0;4;1;V;9
94;6;1;3;2;9;53
94;6;2;2;1;A;36
94;6;3;1;1;B;38
94;7;0;4;1;T;9
94;7;1;3;2;H;53
94;7;2;2;2;V;68
94;7;3;1;3;V;53
94;8;0;2;2;B;8
94;8;1;3;3;A;53
94;8;2;4;3;H;53
94;8;3;1;3;T;53
94;=;0;79;73;20;10
95;1;0;2;3;A;8
95;1;1;3;3;9;40
95;1;2;4;0;H;69
95;1;3;1;3;B;3
95;2;0;4;2;H;5
95;2;1;3;1;7;65
95;2;2;2;2;9;23
95;2;3;1;2;7;3
95;3;0;3;0;A;7
95;3;1;4;0;7;40
95;3;2;1;0;9;4
95;3;3;2;0;8;38
95;4;0;3;3;8;5
95;4;1;4;1;8;65
95;4;2;1;3;V;23
95;4;3;2;3;7;38
95;5;0;4;1;V;7
95;5;1;3;1;H;40
95;5;2;2;1;A;6
95;5;3;1;2;8;53
95;6;0;2;2;A;8
95;6;1;3;2;B;40
95;6;2;4;1;T;35
95;6;3;1;2;T;38
95;7;0;4;0;T;7
95;7;1;3;0;B;40
95;7;2;2;2;V;53
95;7;3;1;0;V;38
95;8;0;4;1;B;55
95;8;1;3;3;H;53
95;8;2;2;1;9;36
95;8;3;1;3;T;53
95;=;1;15;137;20;70
96;1;0;3;0;8;5
96;1;1;4;2;7;65
96;1;2;1;0;7;23
96;1;3;2;0;H;3
96;2;0;2;2;8;7
96;2;1;3;2;T;40
96;2;2;4;2;B;6
96;2;3;1;2;H;3
96;3;0;4;1;T;7
96;3;1;3;1;9;34
96;3;2;2;1;8;4
96;3;3;1;2;V;29
96;4;0;3;3;A;7
96;4;1;4;3;8;40
96;4;2;1;3;V;36
96;4;3;2;3;B;3
96;5;0;1;2;A;56
96;5;1;4;1;7;53
96;5;2;3;3;7;53
96;5;3;2;3;H;53
96;6;0;1;2;9;56
96;6;1;4;1;B;53
96;6;2;3;3;9;53
96;6;3;2;3;T;53
96;7;0;3;1;H;13
96;7;1;4;1;V;40
96;7;2;1;0;9;53
96;7;3;2;1;A;38
96;8;0;2;0;A;7
96;8;1;3;0;T;40
96;8;2;4;0;B;36
96;8;3;1;0;V;38
96;=;2;70;82;20;50
97;1;0;2;0;T;7
97;1;1;3;0;V;40
97;1;2;4;0;B;6
97;1;3;1;0;H;38
97;2;0;4;1;V;7
97;2;1;3;1;B;40
97;2;2;2;1;T;4
97;2;3;1;1;8;3
97;3;0;4;3;H;7
97;3;1;3;3;8;34
97;3;2;2;3;A;4
97;3;3;1;3;B;3
97;4;0;2;3;T;8
97;4;1;3;3;9;40
97;4;2;4;2;7;53
97;4;3;1;3;V;38
97;5;0;2;0;9;58
97;5;1;3;0;8;40
97;5;2;4;2;8;53
97;5;3;1;1;9;53
97;6;0;4;1;H;9
97;6;1;3;2;9;53
97;6;2;2;1;7;4
97;6;3;1;2;B;53
97;7;0;4;3;7;9
97;7;1;3;2;A;53
97;7;2;2;2;V;68
97;7;3;1;2;H;53
97;8;0;4;0;A;57
97;8;1;3;0;7;40
97;8;2;2;1;A;53
97;8;3;1;2;T;53
97;=;0;0;152;0;120
98;1;0;1;0;A;8
98;1;1;4;2;7;53
98;1;2;3;0;8;36
98;1;3;2;0;9;3
98;2;0;1;2;8;5
98;2;1;4;2;9;34
98;2;2;3;2;A;36
98;2;3;2;3;7;29
98;3;0;2;3;V;7
98;3;1;3;3;A;18
98;3;2;4;3;B;6
98;3;3;1;3;9;3
98;4;0;2;1;A;2
98;4;1;3;1;T;40
98;4;2;4;2;T;69
98;4;3;1;1;V;38
98;5;0;4;3;T;57
98;5;1;3;3;8;40
98;5;2;2;0;B;68
98;5;3;1;3;H;38
98;6;0;4;1;H;9
98;6;1;3;1;B;40
98;6;2;2;1;8;4
98;6;3;1;2;V;53
98;7;0;2;0;T;8
98;7;1;3;0;7;34
98;7;2;4;2;B;53
98;7;3;1;0;H;38
98;8;0;2;1;9;8
98;8;1;3;0;V;53
98;8;2;4;1;7;36
98;8;3;1;2;H;53
98;=;3;11;141;0;10
99;1;0;2;2;H;62
99;1;1;3;2;V;40
99;1;2;4;3;H;69
99;1;3;1;2;T;46
99;2;0;3;1;B;7
99;2;1;4;1;8;34
99;2;2;1;0;H;68
99;2;3;2;1;7;3
99;3;0;3;0;8;5
99;3;1;4;1;T;65
99;3;2;1;0;B;36
99;3;3;2;0;7;32
99;4;0;2;2;A;8
99;4;1;3;2;8;40
99;4;2;4;2;7;36
99;4;3;1;2;B;38
99;5;0;4;1;A;55
99;5;1;3;3;9;53
99;5;2;2;1;V;4
99;5;3;1;3;8;53
99;6;0;4;2;9;9
99;6;1;3;0;V;53
99;6;2;2;0;9;68
99;6;3;1;3;B;53
99;7;0;4;1;9;55
99;7;1;3;0;T;53
99;7;2;2;1;H;36
99;7;3;1;3;V;53
99;8;0;4;3;T;13
99;8;1;3;0;A;53
99;8;2;2;3;7;36
99;8;3;1;3;A;38
99;=;1;77;75;10;0
100;1;0;1;3;9;7
100;1;1;4;3;8;40
100;1;2;3;2;H;69
100;1;3;2;3;H;3
100;2;0;3;3;A;57
100;2;1;4;1;V;53
100;2;2;1;3;B;66
100;2;3;2;3;T;38
100;3;0;1;3;V;56
100;3;1;4;0;9;53
100;3;2;3;1;9;53
100;3;3;2;2;8;53
100;4;0;1;3;7;56
100;4;1;4;0;V;53
100;4;2;3;1;T;69
100;4;3;2;2;9;53
100;5;0;3;2;7;13
100;5;1;4;2;T;40
100;5;2;1;2;V;36
100;5;3;2;2;B;38
100;6;0;4;0;T;9
100;6;1;3;0;B;40
100;6;2;2;0;H;4
100;6;3;1;1;7;53
100;7;0;4;0;8;9
100;7;1;3;1;H;53
100;7;2;2;0;A;36
100;7;3;1;1;8;53
100;8;0;4;0;7;9
100;8;1;3;2;A;53
100;8;2;2;1;A;53
100;8;3;1;1;B;53
100;=;3;82;70;0;30
101;1;0;2;0;A;7
101;1;1;3;0;7;34
101;1;2;4;0;8;36
101;1;3;1;0;B;3
101;2;0;4;0;T;9
101;2;1;3;0;H;40
101;2;2;2;3;B;68
101;2;3;1;0;9;3
101;3;0;2;3;7;1
101;3;1;3;3;T;40
101;3;2;4;3;A;6
101;3;3;1;3;8;3
101;4;0;4;2;8;13
101;4;1;3;2;A;16
101;4;2;2;1;8;29
101;4;3;1;1;B;29
101;5;0;1;3;V;5
101;5;1;4;1;A;65
101;5;2;3;2;9;53
101;5;3;2;1;V;35
101;6;0;2;1;H;58
101;6;1;3;2;V;53
101;6;2;4;2;B;53
101;6;3;1;1;7;38
101;7;0;2;1;T;56
101;7;1;3;2;T;53
101;7;2;4;2;H;53
101;7;3;1;0;V;53
101;8;0;4;2;7;9
101;8;1;3;3;9;53
101;8;2;2;1;9;35
101;8;3;1;3;H;53
101;=;1;31;121;0;10
102;1;0;1;3;T;7
102;1;1;4;3;B;40
102;1;2;3;0;8;69
102;1;3;2;3;H;3
102;2;0;1;3;A;8
102;2;1;4;3;7;40
102;2;2;3;2;7;69
102;2;3;2;3;V;38
102;3;0;3;2;H;11
102;3;1;4;2;B;40
102;3;2;1;0;7;68
102;3;3;2;2;A;46
102;4;0;2;1;7;7
102;4;1;3;1;V;40
102;4;2;4;1;9;6
102;4;3;1;1;T;3
102;5;0;2;2;8;5
102;5;1;3;2;T;40
102;5;2;4;0;B;53
102;5;3;1;0;H;68
102;6;0;3;1;B;57
102;6;1;4;3;8;53
102;6;2;1;1;H;4
102;6;3;2;2;9;53
102;7;0;1;3;9;8
102;7;1;4;0;V;53
102;7;2;3;0;T;53
102;7;3;2;0;9;53
102;8;0;1;1;A;58
102;8;1;4;1;8;40
102;8;2;3;0;A;53
102;8;3;2;2;V;53
102;=;1;108;44;10;0
103;1;0;4;3;V;7
103;1;1;3;3;7;40
103;1;2;2;3;B;6
103;1;3;1;3;A;3
103;2;0;4;3;T;57
103;2;1;3;2;B;53
103;2;2;2;3;9;36
103;2;3;1;3;H;38
103;3;0;4;3;8;55
103;3;1;3;2;V;53
103;3;2;2;0;V;68
103;3;3;1;2;9;53
103;4;0;4;2;8;13
103;4;1;3;2;A;40
103;4;2;2;2;7;36
103;4;3;1;2;H;3
103;5;0;1;1;A;7
103;5;1;4;1;7;34
103;5;2;3;1;V;36
103;5;3;2;1;B;3
103;6;0;3;0;H;9
103;6;1;4;0;B;40
103;6;2;1;0;A;36
103;6;3;2;0;8;38
103;7;0;3;0;T;9
103;7;1;4;0;7;40
103;7;2;1;1;8;68
103;7;3;2;1;H;53
103;8;0;3;0;9;9
103;8;1;4;1;9;53
103;8;2;1;2;T;53
103;8;3;2;1;T;53
103;=;3;82;70;10;0
104;1;0;3;3;A;7
104;1;1;4;3;T;40
104;1;2;1;3;B;6
104;1;3;2;3;H;3
104;2;0;3;0;V;7
104;2;1;4;2;7;53
104;2;2;1;0;T;4
104;2;3;2;0;B;38
104;3;0;3;2;T;7
104;3;1;4;2;B;40
104;3;2;1;2;A;36
104;3;3;2;2;8;3
104;4;0;3;1;T;13
104;4;1;4;1;A;16
104;4;2;1;1;B;36
104;4;3;2;1;V;24
104;5;0;2;3;9;7
104;5;1;3;3;7;40
104;5;2;4;1;8;53
104;5;3;1;3;8;38
104;6;0;4;1;H;9
104;6;1;3;0;9;53
104;6;2;2;1;7;36
104;6;3;1;0;7;53
104;7;0;4;1;9;9
104;7;1;3;0;A;53
104;7;2;2;2;V;53
104;7;3;1;0;8;53
104;8;0;4;2;H;9
104;8;1;3;2;9;40
104;8;2;2;3;V;35
104;8;3;1;0;H;53
104;=;3;83;69;20;50
105;1;0;2;0;V;7
105;1;1;3;1;7;53
105;1;2;4;0;B;6
105;1;3;1;0;A;3
105;2;0;2;1;A;7
105;2;1;3;1;8;34
105;2;2;4;3;V;53
105;2;3;1;1;V;38
105;3;0;4;3;T;10
105;3;1;3;3;9;40
105;3;2;2;2;V;68
105;3;3;1;3;A;46
105;4;0;1;3;7;5
105;4;1;4;0;7;65
105;4;2;3;0;T;28
105;4;3;2;2;7;53
105;5;0;3;1;B;13
105;5;1;4;1;T;40
105;5;2;1;0;H;29
105;5;3;2;1;9;38
105;6;0;3;1;H;13
105;6;1;4;2;9;53
105;6;2;1;3;8;53
105;6;3;2;0;8;29
105;7;0;4;2;H;13
105;7;1;3;2;T;16
105;7;2;2;2;A;49
105;7;3;1;3;B;53
105;8;0;4;0;9;55
105;8;1;3;2;B;53
105;8;2;2;2;8;68
105;8;3;1;3;H;53
105;=;0;50;102;20;10
106;1;0;1;2;9;47
106;1;1;4;2;H;40
106;1;2;3;3;V;28
106;1;3;2;2;8;34
106;2;0;3;2;A;9
106;2;1;4;1;8;53
106;2;2;1;2;V;36
106;2;3;2;2;T;38
106;3;0;3;0;7;13
106;3;1;4;0;V;16
106;3;2;1;0;9;36
106;3;3;2;0;A;48
106;4;0;4;1;A;9
106;4;1;3;1;B;34
106;4;2;2;1;9;36
106;4;3;1;1;7;3
106;5;0;4;0;8;13
106;5;1;3;0;T;40
106;5;2;2;0;H;36
106;5;3;1;1;V;53
106;6;0;3;2;7;13
106;6;1;4;2;B;40
106;6;2;1;3;H;65
106;6;3;2;3;A;64
106;7;0;4;0;B;13
106;7;1;3;1;T;53
106;7;2;2;3;7;35
106;7;3;1;3;T;29
106;8;0;3;1;H;5
106;8;1;4;3;B;65
106;8;2;1;3;9;35
106;8;3;2;3;8;35
106;=;3;70;82;0;10
107;1;0;2;2;V;41
107;1;1;3;2;A;40
107;1;2;4;3;V;45
107;1;3;1;2;8;34
107;2;0;4;0;7;13
107;2;1;3;0;A;16
107;2;2;2;3;H;29
107;2;3;1;3;B;29
107;3;0;3;1;B;62
107;3;1;4;1;V;40
107;3;2;1;1;T;6
107;3;3;2;1;7;3
107;4;0;1;1;8;41
107;4;1;4;1;A;40
107;4;2;3;3;8;45
107;4;3;2;1;9;38
107;5;0;3;2;7;13
107;5;1;4;0;8;53
107;5;2;1;2;T;49
107;5;3;2;2;H;38
107;6;0;3;0;9;13
107;6;1;4;0;T;16
107;6;2;1;3;7;29
107;6;3;2;3;T;29
107;7;0;2;3;A;56
107;7;1;3;0;V;53
107;7;2;4;0;B;53
107;7;3;1;2;9;53
107;8;0;4;1;H;9
107;8;1;3;0;H;53
107;8;2;2;3;9;35
107;8;3;1;2;B;53
107;=;3;75;77;20;10
108;1;0;1;1;T;7
108;1;1;4;3;H;53
108;1;2;3;1;B;6
108;1;3;2;1;9;38
108;2;0;1;2;A;8
108;2;1;4;2;B;40
108;2;2;3;0;V;69
108;2;3;2;2;V;38
108;3;0;3;1;A;57
108;3;1;4;0;H;53
108;3;2;1;1;8;36
108;3;3;2;3;7;53
108;4;0;3;0;B;5
108;4;1;4;1;7;65
108;4;2;1;0;7;36
108;4;3;2;0;8;3
108;5;0;2;0;9;5
108;5;1;3;1;V;65
108;5;2;4;3;T;53
108;5;3;1;3;8;53
108;6;0;3;2;T;7
108;6;1;4;2;8;40
108;6;2;1;2;9;36
108;6;3;2;3;B;53
108;7;0;3;2;H;9
108;7;1;4;3;A;53
108;7;2;1;3;V;68
108;7;3;2;0;T;53
108;8;0;3;2;7;5
108;8;1;4;1;H;65
108;8;2;1;3;9;53
108;8;3;2;0;A;53
108;=;1;135;17;40;10
109;1;0;4;3;A;9
109;1;1;3;3;V;40
109;1;2;2;3;8;36
109;1;3;1;3;7;3
109;2;0;4;0;A;7
109;2;1;3;0;7;40
109;2;2;2;0;V;4
109;2;3;1;0;B;3
109;3;0;2;2;B;58
109;3;1;3;2;7;34
109;3;2;4;1;T;52
109;3;3;1;3;9;53
109;4;0;2;2;9;58
109;4;1;3;2;8;34
109;4;2;4;1;7;53
109;4;3;1;1;9;53
109;5;0;4;3;B;5
109;5;1;3;2;V;65
109;5;2;2;2;H;29
109;5;3;1;3;T;38
109;6;0;4;0;8;5
109;6;1;3;2;A;65
109;6;2;2;0;9;36
109;6;3;1;0;H;32
109;7;0;1;0;T;8
109;7;1;4;1;H;53
109;7;2;3;1;V;53
109;7;3;2;2;T;29
109;8;0;4;1;A;9
109;8;1;3;3;H;53
109;8;2;2;1;8;36
109;8;3;1;1;B;38
109;=;2;15;137;0;30
110;1;0;3;1;A;7
110;1;1;4;1;T;40
110;1;2;1;1;V;4
110;1;3;2;1;9;3
110;2;0;1;2;A;7
110;2;1;4;2;7;40
110;2;2;3;2;H;36
110;2;3;2;2;T;3
110;3;0;1;0;A;58
110;3;1;4;0;8;40
110;3;2;3;1;8;53
110;3;3;2;0;H;38
110;4;0;1;0;B;58
110;4;1;4;2;9;53
110;4;2;3;3;9;53
110;4;3;2;3;7;53
110;5;0;1;0;T;56
110;5;1;4;3;B;53
110;5;2;3;3;H;53
110;5;3;2;3;8;53
110;6;0;1;1;7;47
110;6;1;4;1;H;40
110;6;2;3;0;7;28
110;6;3;2;1;B;38
110;7;0;1;0;9;56
110;7;1;4;3;V;53
110;7;2;3;3;T;53
110;7;3;2;2;V;53
110;8;0;3;0;V;55
110;8;1;4;2;B;53
110;8;2;1;2;8;68
110;8;3;2;3;A;53
110;=;0;152;0;10;0
111;1;0;2;0;H;54
111;1;1;3;0;8;34
111;1;2;4;3;9;12
111;1;3;1;0;A;38
111;2;0;4;1;H;5
111;2;1;3;3;V;65
111;2;2;2;1;7;34
111;2;3;1;1;8;32
111;3;0;1;2;7;5
111;3;1;4;2;9;34
111;3;2;3;2;T;34
111;3;3;2;3;8;29
111;4;0;4;2;B;13
111;4;1;3;2;A;40
111;4;2;2;3;H;29
111;4;3;1;2;8;34
111;5;0;4;1;A;9
111;5;1;3;1;9;40
111;5;2;2;1;V;36
111;5;3;1;1;B;3
111;6;0;4;0;T;13
111;6;1;3;0;9;34
111;6;2;2;0;7;23
111;6;3;1;3;7;29
111;7;0;3;3;B;57
111;7;1;4;3;A;40
111;7;2;1;1;T;68
111;7;3;2;3;T;38
111;8;0;3;0;V;9
111;8;1;4;2;V;53
111;8;2;1;2;H;53
111;8;3;2;0;B;38
111;=;3;80;72;10;0
112;1;0;1;2;B;58
112;1;1;4;2;8;40
112;1;2;3;1;V;69
112;1;3;2;2;V;3
112;2;0;3;3;8;13
112;2;1;4;3;A;16
112;2;2;1;3;H;23
112;2;3;2;3;B;38
112;3;0;2;1;A;8
112;3;1;3;1;9;40
112;3;2;4;3;7;53
112;3;3;1;2;H;29
112;4;0;3;3;9;13
112;4;1;4;1;7;53
112;4;2;1;3;T;36
112;4;3;2;2;9;29
112;5;0;4;0;9;13
112;5;1;3;0;V;40
112;5;2;2;0;8;36
112;5;3;1;0;T;24
112;6;0;1;2;A;58
112;6;1;4;0;B;53
112;6;2;3;1;B;53
112;6;3;2;1;8;53
112;7;0;3;3;V;5
112;7;1;4;2;7;65
112;7;2;1;0;7;53
112;7;3;2;1;T;68
112;8;0;2;1;H;5
112;8;1;3;2;T;65
112;8;2;4;0;A;53
112;8;3;1;0;H;68
112;=;2;98;54;30;0
113;1;0;2;3;A;7
113;1;1;3;3;8;34
113;1;2;4;3;V;22
113;1;3;1;3;B;38
113;2;0;2;0;9;7
113;2;1;3;0;8;40
113;2;2;4;3;H;69
113;2;3;1;0;V;3
113;3;0;2;0;B;58
113;3;1;3;2;B;53
113;3;2;4;0;H;36
113;3;3;1;0;7;3
113;4;0;4;3;7;13
113;4;1;3;3;T;16
113;4;2;2;1;7;53
113;4;3;1;2;8;53
113;5;0;1;2;A;7
113;5;1;4;2;7;34
113;5;2;3;2;9;36
113;5;3;2;2;V;3
113;6;0;3;3;9;13
113;6;1;4;2;H;53
113;6;2;1;1;9;53
113;6;3;2;1;8;53
113;7;0;3;1;H;13
113;7;1;4;1;A;16
113;7;2;1;1;B;36
113;7;3;2;1;V;38
113;8;0;4;1;T;13
113;8;1;3;0;A;65
113;8;2;2;2;T;53
113;8;3;1;0;T;35
113;=;0;69;83;10;50
114;1;0;1;3;H;7
114;1;1;4;3;8;40
114;1;2;3;3;B;6
114;1;3;2;3;T;3
114;2;0;3;0;A;7
114;2;1;4;0;B;34
114;2;2;1;0;9;36
114;2;3;2;0;7;3
114;3;0;3;3;9;57
114;3;1;4;3;7;40
114;3;2;1;2;V;68
114;3;3;2;3;V;38
114;4;0;3;1;A;9
114;4;1;4;0;V;53
114;4;2;1;1;9;4
114;4;3;2;1;V;38
114;5;0;3;1;7;13
114;5;1;4;2;B;53
114;5;2;1;1;B;36
114;5;3;2;0;8;53
114;6;0;3;1;8;13
114;6;1;4;0;H;53
114;6;2;1;2;7;53
114;6;3;2;2;H;53
114;7;0;3;1;H;5
114;7;1;4;3;A;65
114;7;2;1;2;8;53
114;7;3;2;0;T;68
114;8;0;2;2;A;8
114;8;1;3;1;T;53
114;8;2;4;2;T;36
114;8;3;1;2;9;38
114;=;3;96;56;0;10
115;1;0;2;0;9;7
115;1;1;3;0;H;34
115;1;2;4;2;B;69
115;1;3;1;0;8;38
115;2;0;4;3;T;10
115;2;1;3;3;8;40
115;2;2;2;1;B;68
115;2;3;1;3;7;3
115;3;0;4;1;A;9
115;3;1;3;1;9;34
115;3;2;2;1;7;4
115;3;3;1;3;9;53
115;4;0;2;1;T;8
115;4;1;3;1;H;40
115;4;2;4;2;V;69
115;4;3;1;2;8;53
115;5;0;2;0;A;58
115;5;1;3;0;V;34
115;5;2;4;2;9;53
115;5;3;1;3;H;53
115;6;0;2;0;B;2
115;6;1;3;0;T;40
115;6;2;4;3;B;53
115;6;3;1;2;H;53
115;7;0;4;3;A;9
115;7;1;3;2;7;53
115;7;2;2;1;8;68
115;7;3;1;2;T;53
115;8;0;4;3;V;9
115;8;1;3;1;V;53
115;8;2;2;0;7;35
115;8;3;1;2;A;53
115;=;0;0;152;0;10
116;1;0;1;3;9;7
116;1;1;4;3;7;34
116;1;2;3;3;B;6
116;1;3;2;3;A;3
116;2;0;3;2;T;11
116;2;1;4;2;9;40
116;2;2;1;2;H;36
116;2;3;2;2;V;3
116;3;0;1;0;B;5
116;3;1;4;3;T;65
116;3;2;3;2;8;53
116;3;3;2;1;H;68
116;4;0;4;1;V;5
116;4;1;3;3;V;65
116;4;2;2;1;7;34
116;4;3;1;1;B;3
116;5;0;3;3;H;57
116;5;1;4;2;7;53
116;5;2;1;1;T;51
116;5;3;2;3;8;38
116;6;0;1;0;T;7
116;6;1;4;0;9;34
116;6;2;3;0;8;22
116;6;3;2;1;8;53
116;7;0;3;2;A;9
116;7;1;4;0;H;53
116;7;2;1;0;V;68
116;7;3;2;2;B;38
116;8;0;1;0;A;8
116;8;1;4;1;A;53
116;8;2;3;0;7;36
116;8;3;2;1;9;53
116;=;3;136;16;30;0
117;1;0;2;1;A;7
117;1;1;3;1;V;40
117;1;2;4;1;H;22
117;1;3;1;1;9;38
117;2;0;4;0;H;2
117;2;1;3;0;9;40
117;2;2;2;0;B;6
117;2;3;1;0;7;3
117;3;0;2;3;A;2
117;3;1;3;3;T;40
117;3;2;4;2;H;69
117;3;3;1;3;8;3
117;4;0;4;3;V;7
117;4;1;3;2;B;53
117;4;2;2;3;H;36
117;4;3;1;3;9;3
117;5;0;4;1;B;9
117;5;1;3;2;V;53
117;5;2;2;2;9;68
117;5;3;1;0;A;29
117;6;0;3;3;7;5
117;6;1;4;0;8;65
117;6;2;1;3;B;36
117;6;3;2;2;7;68
117;7;0;4;1;T;9
117;7;1;3;2;T;53
117;7;2;2;0;V;35
117;7;3;1;2;8;53
117;8;0;4;1;8;9
117;8;1;3;1;7;40
117;8;2;2;0;T;35
117;8;3;1;2;A;53
117;=;0;16;136;0;30
118;1;0;3;1;T;7
118;1;1;4;1;9;18
118;1;2;1;1;B;6
118;1;3;2;3;9;53
118;2;0;1;2;A;7
118;2;1;4;2;7;40
118;2;2;3;2;H;36
118;2;3;2;2;8;3
118;3;0;1;0;T;62
118;3;1;4;0;7;34
118;3;2;3;3;H;69
118;3;3;2;0;9;3
118;4;0;3;1;A;57
118;4;1;4;1;8;40
118;4;2;1;1;H;36
118;4;3;2;2;B;53
118;5;0;1;3;A;8
118;5;1;4;0;8;53
118;5;2;3;3;7;36
118;5;3;2;2;V;53
118;6;0;3;2;9;5
118;6;1;4;1;V;65
118;6;2;1;3;8;53
118;6;3;2;2;T;38
118;7;0;4;0;B;5
118;7;1;3;1;7;65
118;7;2;2;0;V;23
118;7;3;1;3;T;68
118;8;0;1;3;V;8
118;8;1;4;0;A;53
118;8;2;3;3;B;36
118;8;3;2;0;H;53
118;=;1;139;13;30;0
119;1;0;2;3;A;8
119;1;1;3;3;V;34
119;1;2;4;1;B;69
119;1;3;1;0;7;29
119;2;0;1;0;B;58
119;2;1;4;0;8;40
119;2;2;3;3;T;69
119;2;3;2;0;V;3
119;3;0;1;1;A;8
119;3;1;4;3;8;53
119;3;2;3;1;8;36
119;3;3;2;1;H;38
119;4;0;3;3;7;13
119;4;1;4;2;8;53
119;4;2;1;2;7;53
119;4;3;2;0;H;29
119;5;0;2;0;9;58
119;5;1;3;3;9;53
119;5;2;4;2;T;69
119;5;3;1;0;A;38
119;6;0;4;3;H;9
119;6;1;3;3;B;40
119;6;2;2;2;V;68
119;6;3;1;1;7;53
119;7;0;2;0;T;56
119;7;1;3;2;H;53
119;7;2;4;1;9;53
119;7;3;1;1;V;53
119;8;0;4;2;B;13
119;8;1;3;2;A;40
119;8;2;2;2;9;36
119;8;3;1;1;T;68
119;=;0;87;65;10;0
120;1;0;3;0;A;9
120;1;1;4;0;H;40
120;1;2;1;0;7;4
120;1;3;2;0;8;38
120;2;0;1;2;A;8
120;2;1;4;2;V;40
120;2;2;3;2;7;22
120;2;3;2;2;9;3
120;3;0;1;1;V;10
120;3;1;4;3;7;53
120;3;2;3;1;A;6
120;3;3;2;1;9;30
120;4;0;2;2;T;63
120;4;1;3;2;8;40
120;4;2;4;3;T;52
120;4;3;1;2;H;38
120;5;0;4;3;8;13
120;5;1;3;3;V;16
120;5;2;2;3;9;36
120;5;3;1;3;A;38
120;6;0;1;1;B;58
120;6;1;4;0;V;53
120;6;2;3;0;T;52
120;6;3;2;1;7;3
120;7;0;1;1;T;58
120;7;1;4;3;H;53
120;7;2;3;3;B;53
120;7;3;2;1;8;3
120;8;0;3;0;B;13
120;8;1;4;2;B;53
120;8;2;1;0;9;36
120;8;3;2;1;H;29
120;=;1;92;60;0;10
121;1;0;4;2;H;7
121;1;1;3;1;9;53
121;1;2;2;2;B;6
121;1;3;1;2;8;3
121;2;0;2;2;9;58
121;2;1;3;0;8;53
121;2;2;4;3;V;69
121;2;3;1;2;V;3
121;3;0;4;3;9;13
121;3;1;3;3;A;16
121;3;2;2;3;B;36
121;3;3;1;3;T;24
121;4;0;3;0;A;7
121;4;1;4;0;V;40
121;4;2;1;0;7;4
121;4;3;2;0;H;38
121;5;0;1;0;T;8
121;5;1;4;1;7;53
121;5;2;3;3;8;53
121;5;3;2;2;7;29
121;6;0;4;0;9;5
121;6;1;3;2;A;65
121;6;2;2;1;8;53
121;6;3;1;3;7;68
121;7;0;1;1;A;2
121;7;1;4;1;T;40
121;7;2;3;3;H;53
121;7;3;2;1;B;3
121;8;0;3;0;B;9
121;8;1;4;1;V;53
121;8;2;1;2;T;35
121;8;3;2;1;H;53
121;=;2;98;54;50;0
122;1;0;3;1;A;7
122;1;1;4;1;B;40
122;1;2;1;1;V;36
122;1;3;2;1;T;38
122;2;0;3;3;A;7
122;2;1;4;3;7;34
122;2;2;1;3;8;4
122;2;3;2;3;B;38
122;3;0;1;2;B;58
122;3;1;4;2;A;40
122;3;2;3;2;H;36
122;3;3;2;2;8;3
122;4;0;3;1;8;5
122;4;1;4;2;9;65
122;4;2;1;0;8;53
122;4;3;2;0;T;68
122;5;0;4;3;T;9
122;5;1;3;3;H;40
122;5;2;2;0;7;53
122;5;3;1;3;V;38
122;6;0;2;2;T;58
122;6;1;3;1;7;53
122;6;2;4;0;H;53
122;6;3;1;2;7;3
122;7;0;4;1;9;13
122;7;1;3;1;H;40
122;7;2;2;0;B;53
122;7;3;1;0;9;53
122;8;0;3;3;9;9
122;8;1;4;0;A;53
122;8;2;1;2;V;35
122;8;3;2;0;V;53
122;=;2;97;55;30;0
123;1;0;4;3;B;57
123;1;1;3;2;8;53
123;1;2;2;3;8;4
123;1;3;1;3;T;3
123;2;0;2;0;T;63
123;2;1;3;0;H;40
123;2;2;4;0;B;36
123;2;3;1;0;A;46
123;3;0;3;2;T;7
123;3;1;4;2;B;40
123;3;2;1;2;7;36
123;3;3;2;2;H;3
123;4;0;1;3;9;58
123;4;1;4;3;7;40
123;4;2;3;2;V;69
123;4;3;2;3;H;3
123;5;0;1;0;V;8
123;5;1;4;0;8;40
123;5;2;3;1;7;53
123;5;3;2;0;9;38
123;6;0;3;1;9;13
123;6;1;4;1;A;16
123;6;2;1;1;B;23
123;6;3;2;1;V;38
123;7;0;2;3;A;58
123;7;1;3;0;7;53
123;7;2;4;1;8;53
123;7;3;1;1;H;53
123;8;0;2;2;9;47
123;8;1;3;2;A;40
123;8;2;4;3;V;28
123;8;3;1;1;T;53
123;=;3;67;85;0;10
124;1;0;3;0;7;5
124;1;1;4;2;B;65
124;1;2;1;0;9;36
124;1;3;2;0;B;48
124;2;0;4;3;8;5
124;2;1;3;2;V;65
124;2;2;2;3;7;34
124;2;3;1;3;V;38
124;3;0;3;0;A;9
124;3;1;4;0;V;40
124;3;2;1;1;H;68
124;3;3;2;0;T;38
124;4;0;1;2;A;58
124;4;1;4;1;B;53
124;4;2;3;2;H;36
124;4;3;2;2;T;38
124;5;0;3;0;H;9
124;5;1;4;1;8;53
124;5;2;1;1;7;68
124;5;3;2;3;9;53
124;6;0;3;0;8;9
124;6;1;4;3;T;53
124;6;2;1;2;7;35
124;6;3;2;3;B;53
124;7;0;1;2;9;56
124;7;1;4;3;A;53
124;7;2;3;1;T;69
124;7;3;2;1;V;53
124;8;0;1;2;8;56
124;8;1;4;1;A;53
124;8;2;3;1;9;53
124;8;3;2;3;H;53
124;=;2;130;22;10;0
125;1;0;4;1;V;5
125;1;1;3;3;7;65
125;1;2;2;1;7;23
125;1;3;1;1;B;3
125;2;0;1;0;A;7
125;2;1;4;0;V;40
125;2;2;3;0;H;36
125;2;3;2;0;8;3
125;3;0;1;2;7;5
125;3;1;4;2;A;16
125;3;2;3;2;V;34
125;3;3;2;0;T;68
125;4;0;4;0;B;5
125;4;1;3;3;V;65
125;4;2;2;0;9;36
125;4;3;1;0;7;38
125;5;0;1;3;T;7
125;5;1;4;3;H;40
125;5;2;3;3;B;6
125;5;3;2;3;A;3
125;6;0;1;1;A;8
125;6;1;4;2;8;53
125;6;2;3;2;H;53
125;6;3;2;1;9;3
125;7;0;3;2;T;13
125;7;1;4;2;B;40
125;7;2;1;2;9;36
125;7;3;2;3;9;29
125;8;0;4;1;T;13
125;8;1;3;1;8;40
125;8;2;2;1;H;36
125;8;3;1;3;8;29
125;=;3;102;50;30;20
126;1;0;3;1;T;7
126;1;1;4;1;7;34
126;1;2;1;1;A;36
126;1;3;2;1;8;3
126;2;0;3;3;T;7
126;2;1;4;3;8;34
126;2;2;1;3;H;4
126;2;3;2;3;7;3
126;3;0;1;3;A;8
126;3;1;4;3;V;40
126;3;2;3;2;8;53
126;3;3;2;3;B;38
126;4;0;3;2;V;13
126;4;1;4;2;T;40
126;4;2;1;2;7;36
126;4;3;2;2;B;24
126;5;0;2;0;8;7
126;5;1;3;0;9;18
126;5;2;4;0;B;6
126;5;3;1;0;V;3
126;6;0;2;2;9;5
126;6;1;3;0;7;65
126;6;2;4;1;9;53
126;6;3;1;0;H;35
126;7;0;3;1;H;7
126;7;1;4;1;V;40
126;7;2;1;0;T;35
126;7;3;2;1;B;38
126;8;0;3;2;A;9
126;8;1;4;3;9;53
126;8;2;1;0;A;35
126;8;3;2;2;H;38
126;=;0;100;52;30;20
127;1;0;2;2;T;7
127;1;1;3;2;V;34
127;1;2;4;2;7;36
127;1;3;1;2;9;38
127;2;0;2;3;8;7
127;2;1;3;3;7;40
127;2;2;4;3;B;6
127;2;3;1;3;A;3
127;3;0;4;0;A;9
127;3;1;3;2;8;53
127;3;2;2;0;8;4
127;3;3;1;0;7;3
127;4;0;2;2;H;54
127;4;1;3;2;B;40
127;4;2;4;3;H;12
127;4;3;1;3;9;29
127;5;0;3;1;8;13
127;5;1;4;1;V;16
127;5;2;1;1;7;36
127;5;3;2;1;T;38
127;6;0;2;2;A;8
127;6;1;3;1;B;53
127;6;2;4;1;9;53
127;6;3;1;0;B;53
127;7;0;4;3;V;55
127;7;1;3;0;V;53
127;7;2;2;3;T;36
127;7;3;1;0;H;53
127;8;0;4;1;A;9
127;8;1;3;1;H;40
127;8;2;2;0;9;68
127;8;3;1;0;T;53
127;=;3;24;128;0;10
128;1;0;3;0;H;7
128;1;1;4;2;8;53
128;1;2;1;0;B;6
128;1;3;2;0;8;3
128;2;0;1;0;9;58
128;2;1;4;1;7;53
128;2;2;3;3;T;52
128;2;3;2;0;V;3
128;3;0;1;3;H;63
128;3;1;4;1;9;53
128;3;2;3;3;7;36
128;3;3;2;3;A;46
128;4;0;4;1;A;7
128;4;1;3;1;V;40
128;4;2;2;1;H;36
128;4;3;1;1;T;3
128;5;0;4;2;A;9
128;5;1;3;2;B;40
128;5;2;2;2;9;36
128;5;3;1;2;7;3
128;6;0;4;2;V;5
128;6;1;3;0;A;65
128;6;2;2;3;B;53
128;6;3;1;2;H;38
128;7;0;3;3;8;13
128;7;1;4;1;8;53
128;7;2;1;1;B;53
128;7;3;2;3;V;38
128;8;0;2;0;T;58
128;8;1;3;3;9;53
128;8;2;4;2;T;69
128;8;3;1;0;7;38
128;=;0;71;81;0;30
129;1;0;2;1;A;8
129;1;1;3;1;8;34
129;1;2;4;2;T;69
129;1;3;1;0;A;29
129;2;0;1;3;H;54
129;2;1;4;3;7;34
129;2;2;3;0;8;12
129;2;3;2;0;9;29
129;3;0;2;0;B;58
129;3;1;3;2;8;53
129;3;2;4;0;7;36
129;3;3;1;0;V;3
129;4;0;4;3;V;13
129;4;1;3;1;B;53
129;4;2;2;2;7;53
129;4;3;1;3;9;3
129;5;0;4;3;8;13
129;5;1;3;1;H;53
129;5;2;2;2;9;53
129;5;3;1;3;B;38
129;6;0;3;1;9;13
129;6;1;4;3;T;53
129;6;2;1;2;B;53
129;6;3;2;1;V;46
129;7;0;4;0;T;57
129;7;1;3;1;T;53
129;7;2;2;2;H;68
129;7;3;1;0;H;38
129;8;0;4;3;A;9
129;8;1;3;2;A;53
129;8;2;2;1;7;53
129;8;3;1;2;V;53
129;=;0;38;114;0;10
130;1;0;3;0;T;7
130;1;1;4;2;9;53
130;1;2;1;0;B;6
130;1;3;2;0;H;3
130;2;0;3;1;A;9
130;2;1;4;2;B;53
130;2;2;1;1;7;36
130;2;3;2;1;9;3
130;3;0;3;1;T;9
130;3;1;4;2;V;53
130;3;2;1;3;H;68
130;3;3;2;1;H;38
130;4;0;3;3;8;13
130;4;1;4;3;A;40
130;4;2;1;3;9;36
130;4;3;2;3;T;24
130;5;0;2;0;9;58
130;5;1;3;3;B;53
130;5;2;4;2;T;52
130;5;3;1;0;7;3
130;6;0;4;1;V;13
130;6;1;3;1;B;40
130;6;2;2;3;7;53
130;6;3;1;0;8;29
130;7;0;1;0;A;56
130;7;1;4;2;A;53
130;7;2;3;2;H;53
130;7;3;2;2;7;53
130;8;0;3;1;8;9
130;8;1;4;2;8;53
130;8;2;1;0;V;35
130;8;3;2;3;V;53
130;=;0;105;47;10;20
131;1;0;4;0;A;7
131;1;1;3;0;V;40
131;1;2;2;0;H;36
131;1;3;1;0;7;3
131;2;0;2;3;7;7
131;2;1;3;3;8;40
131;2;2;4;3;9;6
131;2;3;1;2;8;53
131;3;0;2;3;A;56
131;3;1;3;0;8;53
131;3;2;4;2;V;69
131;3;3;1;1;7;53
131;4;0;2;3;B;56
131;4;1;3;2;B;53
131;4;2;4;2;9;53
131;4;3;1;1;9;53
131;5;0;4;0;9;5
131;5;1;3;3;T;65
131;5;2;2;1;8;53
131;5;3;1;0;T;38
131;6;0;3;1;A;7
131;6;1;4;1;B;40
131;6;2;1;1;H;36
131;6;3;2;1;T;3
131;7;0;3;3;H;7
131;7;1;4;2;7;53
131;7;2;1;2;H;53
131;7;3;2;3;V;38
131;8;0;1;2;A;8
131;8;1;4;0;B;53
131;8;2;3;2;T;36
131;8;3;2;1;V;53
131;=;3;84;68;30;40
132;1;0;1;2;A;8
132;1;1;4;2;B;34
132;1;2;3;1;B;69
132;1;3;2;2;7;38
132;2;0;1;3;T;7
132;2;1;4;3;9;40
132;2;2;3;3;B;6
132;2;3;2;1;8;53
132;3;0;3;3;V;7
132;3;1;4;1;7;53
132;3;2;1;3;H;67
132;3;3;2;1;9;53
132;4;0;1;3;A;58
132;4;1;4;3;8;40
132;4;2;3;3;7;36
132;4;3;2;0;8;53
132;5;0;3;2;9;13
132;5;1;4;2;V;40
132;5;2;1;0;7;53
132;5;3;2;0;V;53
132;6;0;2;0;A;2
132;6;1;3;0;T;40
132;6;2;4;2;8;53
132;6;3;1;0;9;3
132;7;0;4;1;H;7
132;7;1;3;1;V;40
132;7;2;2;1;A;4
132;7;3;1;0;B;53
132;8;0;4;2;T;9
132;8;1;3;2;H;40
132;8;2;2;1;T;53
132;8;3;1;0;H;53
132;=;3;77;75;40;30
133;1;0;4;1;A;7
133;1;1;3;2;T;53
133;1;2;2;1;H;4
133;1;3;1;1;V;38
133;2;0;2;1;7;41
133;2;1;3;1;T;40
133;2;2;4;3;9;45
133;2;3;1;2;7;53
133;3;0;2;3;A;63
133;3;1;3;0;T;53
133;3;2;4;3;H;36
133;3;3;1;3;T;38
133;4;0;4;2;9;13
133;4;1;3;2;A;40
133;4;2;2;2;V;36
133;4;3;1;2;H;24
133;5;0;3;3;B;57
133;5;1;4;3;V;40
133;5;2;1;0;B;68
133;5;3;2;3;8;38
133;6;0;3;0;A;7
133;6;1;4;0;H;40
133;6;2;1;0;7;4
133;6;3;2;0;9;3
133;7;0;3;3;7;55
133;7;1;4;2;B;53
133;7;2;1;0;8;68
133;7;3;2;1;8;53
133;8;0;1;2;8;8
133;8;1;4;1;B;53
133;8;2;3;1;9;53
133;8;3;2;0;V;53
133;=;3;65;87;30;20
134;1;0;3;2;A;7
134;1;1;4;2;8;34
134;1;2;1;2;7;4
134;1;3;2;2;H;3
134;2;0;3;1;T;7
134;2;1;4;1;9;40
134;2;2;1;1;A;36
134;2;3;2;1;8;38
134;3;0;3;0;8;7
134;3;1;4;0;V;40
134;3;2;1;0;B;6
134;3;3;2;0;7;3
134;4;0;1;3;T;7
134;4;1;4;3;H;40
134;4;2;3;3;8;36
134;4;3;2;3;B;3
134;5;0;1;3;A;8
134;5;1;4;2;V;53
134;5;2;3;1;7;53
134;5;3;2;3;9;38
134;6;0;3;1;V;13
134;6;1;4;3;V;53
134;6;2;1;2;B;53
134;6;3;2;0;T;29
134;7;0;2;0;9;58
134;7;1;3;1;H;53
134;7;2;4;2;T;52
134;7;3;1;0;H;3
134;8;0;4;3;7;13
134;8;1;3;1;B;53
134;8;2;2;2;9;53
134;8;3;1;0;A;29
134;=;0;102;50;30;0
135;1;0;4;3;7;7
135;1;1;3;3;8;42
135;1;2;2;3;9;6
135;1;3;1;2;7;53
135;2;0;2;3;B;2
135;2;1;3;3;T;40
135;2;2;4;0;T;69
135;2;3;1;1;7;53
135;3;0;4;0;V;5
135;3;1;3;3;A;65
135;3;2;2;0;8;34
135;3;3;1;0;7;32
135;4;0;3;1;A;7
135;4;1;4;1;B;34
135;4;2;1;1;9;4
135;4;3;2;1;T;38
135;5;0;3;2;V;7
135;5;1;4;1;V;53
135;5;2;1;2;T;4
135;5;3;2;2;B;38
135;6;0;3;2;9;13
135;6;1;4;0;B;53
135;6;2;1;2;A;36
135;6;3;2;3;V;29
135;7;0;4;0;H;9
135;7;1;3;2;H;53
135;7;2;2;0;A;36
135;7;3;1;0;9;38
135;8;0;4;1;H;9
135;8;1;3;2;8;53
135;8;2;2;3;H;35
135;8;3;1;1;8;38
135;=;3;55;97;40;30
136;1;0;1;2;V;7
136;1;1;4;2;T;40
136;1;2;3;2;B;6
136;1;3;2;2;7;39
136;2;0;3;0;A;9
136;2;1;4;0;B;34
136;2;2;1;0;8;4
136;2;3;2;2;8;29
136;3;0;4;1;V;5
136;3;1;3;2;9;65
136;3;2;2;1;H;36
136;3;3;1;1;B;24
136;4;0;1;3;A;7
136;4;1;4;0;H;53
136;4;2;3;3;V;22
136;4;3;2;3;9;3
136;5;0;1;3;T;8
136;5;1;4;0;V;53
136;5;2;3;3;7;36
136;5;3;2;3;B;3
136;6;0;3;3;8;13
136;6;1;4;1;T;53
136;6;2;1;1;7;53
136;6;3;2;3;H;38
136;7;0;4;1;A;9
136;7;1;3;0;7;53
136;7;2;2;2;H;35
136;7;3;1;1;8;38
136;8;0;4;1;9;9
136;8;1;3;0;9;53
136;8;2;2;2;A;35
136;8;3;1;0;T;53
136;=;2;89;63;40;10
137;1;0;2;1;8;41
137;1;1;3;1;A;40
137;1;2;4;2;V;45
137;1;3;1;1;7;34
137;2;0;4;3;T;7
137;2;1;3;3;B;40
137;2;2;2;0;H;68
137;2;3;1;3;H;3
137;3;0;4;3;A;9
137;3;1;3;3;7;40
137;3;2;2;0;9;68
137;3;3;1;3;V;38
137;4;0;2;2;B;58
137;4;1;3;0;8;53
137;4;2;4;2;A;36
137;4;3;1;2;9;38
137;5;0;2;2;H;58
137;5;1;3;0;V;53
137;5;2;4;0;T;69
137;5;3;1;1;9;53
137;6;0;4;1;T;9
137;6;1;3;3;8;53
137;6;2;2;1;H;36
137;6;3;1;1;B;3
137;7;0;4;3;9;9
137;7;1;3;0;A;53
137;7;2;2;2;7;35
137;7;3;1;0;B;53
137;8;0;2;2;T;56
137;8;1;3;0;7;53
137;8;2;4;2;8;36
137;8;3;1;1;V;53
137;=;2;0;152;0;10
138;1;0;1;1;A;7
138;1;1;4;1;B;34
138;1;2;3;1;7;22
138;1;3;2;1;9;38
138;2;0;3;2;A;7
138;2;1;4;2;V;40
138;2;2;1;2;B;6
138;2;3;2;2;7;3
138;3;0;3;0;A;9
138;3;1;4;3;V;53
138;3;2;1;0;7;4
138;3;3;2;0;8;3
138;4;0;3;3;9;13
138;4;1;4;3;A;16
138;4;2;1;3;T;36
138;4;3;2;3;B;38
138;5;0;4;3;7;5
138;5;1;3;2;9;65
138;5;2;2;0;B;53
138;5;3;1;0;9;68
138;6;0;3;1;V;13
138;6;1;4;1;H;40
138;6;2;1;1;8;36
138;6;3;2;0;V;53
138;7;0;2;2;T;58
138;7;1;3;3;H;53
138;7;2;4;0;T;69
138;7;3;1;2;8;3
138;8;0;4;3;8;13
138;8;1;3;1;T;53
138;8;2;2;0;H;53
138;8;3;1;2;H;29
138;=;2;95;57;10;20
139;1;0;4;0;V;7
139;1;1;3;0;H;40
139;1;2;2;0;A;6
139;1;3;1;3;8;53
139;2;0;4;0;8;55
139;2;1;3;2;7;53
139;2;2;2;0;9;67
139;2;3;1;2;9;53
139;3;0;2;0;B;56
139;3;1;3;2;8;53
139;3;2;4;1;7;53
139;3;3;1;1;8;53
139;4;0;2;3;9;47
139;4;1;3;3;H;40
139;4;2;4;0;7;28
139;4;3;1;3;B;3
139;5;0;2;0;T;56
139;5;1;3;2;B;53
139;5;2;4;1;9;53
139;5;3;1;3;V;53
139;6;0;4;1;A;7
139;6;1;3;1;B;40
139;6;2;2;1;V;4
139;6;3;1;1;H;38
139;7;0;2;1;T;8
139;7;1;3;3;7;53
139;7;2;4;2;H;53
139;7;3;1;2;T;53
139;8;0;4;3;T;13
139;8;1;3;2;A;53
139;8;2;2;2;V;53
139;8;3;1;3;A;38
139;=;0;35;117;10;90
140;1;0;1;1;8;7
140;1;1;4;1;9;40
140;1;2;3;1;B;6
140;1;3;2;1;T;38
140;2;0;3;0;A;7
140;2;1;4;0;8;40
140;2;2;1;0;9;4
140;2;3;2;0;7;3
140;3;0;1;2;A;8
140;3;1;4;2;H;40
140;3;2;3;2;7;36
140;3;3;2;2;B;3
140;4;0;3;1;V;7
140;4;1;4;1;H;40
140;4;2;1;1;A;6
140;4;3;2;3;H;53
140;5;0;3;3;7;13
140;5;1;4;3;V;16
140;5;2;1;2;8;53
140;5;3;2;3;T;46
140;6;0;2;0;T;7
140;6;1;3;0;V;40
140;6;2;4;0;B;36
140;6;3;1;0;H;38
140;7;0;2;3;A;8
140;7;1;3;3;9;40
140;7;2;4;3;8;36
140;7;3;1;2;9;53
140;8;0;4;3;B;5
140;8;1;3;1;7;65
140;8;2;2;2;T;53
140;8;3;1;2;V;68
140;=;1;109;43;120;50
141;1;0;4;0;A;7
141;1;1;3;0;8;40
141;1;2;2;0;V;36
141;1;3;1;0;7;3
141;2;0;4;3;A;9
141;2;1;3;3;7;34
141;2;2;2;1;T;68
141;2;3;1;3;B;3
141;3;0;4;1;A;7
141;3;1;3;1;7;40
141;3;2;2;1;8;4
141;3;3;1;1;V;3
141;4;0;2;2;V;7
141;4;1;3;2;H;40
141;4;2;4;2;T;6
141;4;3;1;1;9;53
141;5;0;2;1;H;8
141;5;1;3;1;B;40
141;5;2;4;0;9;53
141;5;3;1;0;B;53
141;6;0;4;2;8;55
141;6;1;3;3;8;53
141;6;2;2;2;9;67
141;6;3;1;3;V;53
141;7;0;4;3;T;9
141;7;1;3;3;9;40
141;7;2;2;2;A;35
141;7;3;1;3;H;38
141;8;0;2;2;B;56
141;8;1;3;0;T;53
141;8;2;4;2;7;36
141;8;3;1;0;H;53
141;=;2;0;152;0;30
142;1;0;1;2;V;7
142;1;1;4;0;8;53
142;1;2;3;2;9;6
142;1;3;2;2;T;38
142;2;0;3;3;T;10
142;2;1;4;3;H;34
142;2;2;1;0;V;68
142;2;3;2;3;9;3
142;3;0;1;0;T;7
142;3;1;4;0;H;34
142;3;2;3;0;7;36
142;3;3;2;0;B;38
142;4;0;3;3;A;9
142;4;1;4;3;B;40
142;4;2;1;1;V;68
142;4;3;2;3;V;38
142;5;0;1;0;A;8
142;5;1;4;0;9;40
142;5;2;3;1;7;53
142;5;3;2;1;B;53
142;6;0;3;2;H;57
142;6;1;4;2;7;40
142;6;2;1;2;B;67
142;6;3;2;1;H;53
142;7;0;3;3;8;9
142;7;1;4;3;7;40
142;7;2;1;1;9;68
142;7;3;2;1;T;53
142;8;0;1;2;A;56
142;8;1;4;1;8;53
142;8;2;3;2;8;36
142;8;3;2;1;A;53
142;=;2;152;0;10;0
143;1;0;4;1;V;7
143;1;1;3;1;T;18
143;1;2;2;1;B;6
143;1;3;1;1;9;38
143;2;0;4;0;8;2
143;2;1;3;0;T;40
143;2;2;2;0;A;6
143;2;3;1;3;8;53
143;3;0;2;1;A;58
143;3;1;3;1;8;40
143;3;2;4;3;7;53
143;3;3;1;2;9;53
143;4;0;4;3;A;7
143;4;1;3;3;T;40
143;4;2;2;3;9;36
143;4;3;1;3;B;38
143;5;0;4;0;9;13
143;5;1;3;2;8;53
143;5;2;2;0;7;4
143;5;3;1;2;V;53
143;6;0;4;0;B;13
143;6;1;3;0;H;40
143;6;2;2;0;V;36
143;6;3;1;2;T;68
143;7;0;3;2;B;9
143;7;1;4;3;V;53
143;7;2;1;2;H;4
143;7;3;2;2;7;38
143;8;0;1;2;A;8
143;8;1;4;3;H;53
143;8;2;3;1;H;35
143;8;3;2;1;7;35
143;=;1;47;105;30;70
144;1;0;1;2;V;7
144;1;1;4;2;7;40
144;1;2;3;2;B;6
144;1;3;2;2;T;39
144;2;0;1;3;A;7
144;2;1;4;0;9;53
144;2;2;3;3;V;22
144;2;3;2;3;9;3
144;3;0;1;1;T;7
144;3;1;4;1;H;40
144;3;2;3;1;B;22
144;3;3;2;1;9;3
144;4;0;1;0;A;8
144;4;1;4;0;H;34
144;4;2;3;3;8;53
144;4;3;2;0;B;38
144;5;0;3;1;8;5
144;5;1;4;2;9;65
144;5;2;1;1;7;36
144;5;3;2;1;V;38
144;6;0;4;0;T;9
144;6;1;3;0;7;40
144;6;2;2;3;H;68
144;6;3;1;0;8;38
144;7;0;4;0;V;13
144;7;1;3;3;7;53
144;7;2;2;3;B;53
144;7;3;1;2;A;29
144;8;0;3;1;A;13
144;8;1;4;3;T;53
144;8;2;1;2;8;35
144;8;3;2;2;H;29
144;=;2;96;56;40;10
145;1;0;2;2;H;7
145;1;1;3;2;V;40
145;1;2;4;2;A;6
145;1;3;1;3;8;53
145;2;0;4;0;T;11
145;2;1;3;0;8;34
145;2;2;2;0;7;36
145;2;3;1;0;A;46
145;3;0;3;0;H;9
145;3;1;4;0;V;40
145;3;2;1;0;9;36
145;3;3;2;2;T;29
145;4;0;2;3;T;63
145;4;1;3;3;7;34
145;4;2;4;1;V;53
145;4;3;1;3;9;3
145;5;0;2;2;B;56
145;5;1;3;3;B;53
145;5;2;4;2;7;36
145;5;3;1;1;7;53
145;6;0;2;2;9;56
145;6;1;3;0;B;53
145;6;2;4;1;B;53
145;6;3;1;3;V;53
145;7;0;4;1;H;13
145;7;1;3;3;H;53
145;7;2;2;1;8;4
145;7;3;1;1;T;46
145;8;0;3;3;A;13
145;8;1;4;2;8;65
145;8;2;1;1;A;53
145;8;3;2;1;9;68
145;=;2;39;113;0;50
146;1;0;3;3;7;2
146;1;1;4;3;T;40
146;1;2;1;3;A;6
146;1;3;2;3;V;3
146;2;0;1;2;A;8
146;2;1;4;2;B;34
146;2;2;3;2;7;36
146;2;3;2;2;8;3
146;3;0;3;0;V;5
146;3;1;4;1;8;65
146;3;2;1;0;7;34
146;3;3;2;0;9;3
146;4;0;4;3;8;5
146;4;1;3;1;7;65
146;4;2;2;3;H;36
146;4;3;1;0;8;53
146;5;0;3;0;A;9
146;5;1;4;2;9;53
146;5;2;1;1;H;35
146;5;3;2;0;B;3
146;6;0;3;0;T;13
146;6;1;4;3;B;53
146;6;2;1;1;T;35
146;6;3;2;0;H;38
146;7;0;3;1;V;55
146;7;1;4;2;T;53
146;7;2;1;1;9;67
146;7;3;2;2;V;53
146;8;0;3;1;B;55
146;8;1;4;3;9;53
146;8;2;1;1;A;36
146;8;3;2;2;H;53
146;=;1;149;3;10;0
147;1;0;4;1;9;62
147;1;1;3;2;8;53
147;1;2;2;1;T;6
147;1;3;1;1;A;46
147;2;0;1;3;B;7
147;2;1;4;3;8;34
147;2;2;3;2;T;52
147;2;3;2;3;V;3
147;3;0;1;0;A;7
147;3;1;4;0;9;40
147;3;2;3;0;8;22
147;3;3;2;0;7;3
147;4;0;3;2;9;5
147;4;1;4;3;H;65
147;4;2;1;2;7;36
147;4;3;2;2;V;32
147;5;0;2;0;T;8
147;5;1;3;0;H;40
147;5;2;4;1;8;53
147;5;3;1;0;V;38
147;6;0;2;3;9;58
147;6;1;3;3;A;40
147;6;2;4;2;B;53
147;6;3;1;3;7;38
147;7;0;4;1;H;9
147;7;1;3;0;B;53
147;7;2;2;2;A;53
147;7;3;1;1;B;3
147;8;0;2;3;T;56
147;8;1;3;2;H;53
147;8;2;4;1;7;53
147;8;3;1;1;V;53
147;=;3;65;87;20;10
148;1;0;3;3;T;9
148;1;1;4;3;7;40
148;1;2;1;3;8;4
148;1;3;2;3;V;38
148;2;0;3;2;8;7
148;2;1;4;2;T;18
148;2;2;1;2;B;6
148;2;3;2;2;H;3
148;3;0;3;0;9;5
148;3;1;4;2;7;65
148;3;2;1;0;7;23
148;3;3;2;0;8;24
148;4;0;2;2;9;58
148;4;1;3;2;A;40
148;4;2;4;1;7;53
148;4;3;1;2;V;38
148;5;0;4;1;8;13
148;5;1;3;1;A;16
148;5;2;2;1;V;36
148;5;3;1;1;H;38
148;6;0;1;0;A;7
148;6;1;4;1;9;53
148;6;2;3;0;H;36
148;6;3;2;0;B;3
148;7;0;3;3;H;9
148;7;1;4;3;B;40
148;7;2;1;3;9;4
148;7;3;2;0;V;53
148;8;0;1;3;A;8
148;8;1;4;1;T;53
148;8;2;3;1;B;53
148;8;3;2;0;T;53
148;=;2;124;28;30;20
149;1;0;4;2;A;7
149;1;1;3;2;9;40
149;1;2;2;2;7;4
149;1;3;1;2;B;3
149;2;0;4;3;A;9
149;2;1;3;3;7;40
149;2;2;2;3;8;4
149;2;3;1;0;8;29
149;3;0;1;0;V;7
149;3;1;4;0;A;40
149;3;2;3;0;B;6
149;3;3;2;0;9;3
149;4;0;3;1;9;13
149;4;1;4;1;A;40
149;4;2;1;1;B;23
149;4;3;2;1;7;3
149;5;0;2;2;T;8
149;5;1;3;2;H;40
149;5;2;4;3;T;69
149;5;3;1;2;8;38
149;6;0;2;0;T;58
149;6;1;3;0;H;40
149;6;2;4;3;B;53
149;6;3;1;0;7;38
149;7;0;4;3;H;9
149;7;1;3;1;T;53
149;7;2;2;3;V;36
149;7;3;1;1;V;53
149;8;0;4;3;9;9
149;8;1;3;2;V;53
149;8;2;2;1;8;68
149;8;3;1;1;H;53
149;=;0;59;93;0;10
150;1;0;3;0;7;2
150;1;1;4;0;9;40
150;1;2;1;0;B;6
150;1;3;2;0;V;3
150;2;0;1;1;A;7
150;2;1;4;1;B;34
150;2;2;3;1;9;36
150;2;3;2;1;7;3
150;3;0;3;3;8;13
150;3;1;4;3;T;40
150;3;2;1;3;9;36
150;3;3;2;3;A;38
150;4;0;2;2;A;7
150;4;1;3;2;B;34
150;4;2;4;3;7;53
150;4;3;1;2;8;3
150;5;0;2;2;T;8
150;5;1;3;2;V;40
150;5;2;4;1;V;53
150;5;3;1;2;9;3
150;6;0;2;0;A;58
150;6;1;3;0;8;40
150;6;2;4;3;V;53
150;6;3;1;0;H;3
150;7;0;4;1;H;13
150;7;1;3;3;B;53
150;7;2;2;1;T;36
150;7;3;1;0;T;29
150;8;0;3;3;H;9
150;8;1;4;1;8;53
150;8;2;1;2;H;53
150;8;3;2;2;7;53
150;=;0;84;68;10;20
151;1;0;2;0;T;63
151;1;1;3;0;B;40
151;1;2;4;0;8;36
151;1;3;1;0;A;38
151;2;0;3;1;A;7
151;2;1;4;1;B;40
151;2;2;1;1;H;4
151;2;3;2;1;V;38
151;3;0;3;3;T;7
151;3;1;4;3;7;34
151;3;2;1;3;B;4
151;3;3;2;3;H;3
151;4;0;3;2;B;57
151;4;1;4;3;8;53
151;4;2;1;2;H;36
151;4;3;2;2;7;3
151;5;0;1;3;A;54
151;5;1;4;3;9;40
151;5;2;3;2;T;12
151;5;3;2;3;V;38
151;6;0;1;1;9;54
151;6;1;4;1;7;40
151;6;2;3;2;V;12
151;6;3;2;2;A;29
151;7;0;4;0;H;9
151;7;1;3;0;7;34
151;7;2;2;2;8;35
151;7;3;1;1;8;53
151;8;0;4;0;V;9
151;8;1;3;0;9;40
151;8;2;2;2;9;35
151;8;3;1;1;T;53
151;=;2;107;45;50;10
152;1;0;1;3;B;58
152;1;1;4;3;8;40
152;1;2;3;0;B;69
152;1;3;2;3;7;3
152;2;0;3;0;A;9
152;2;1;4;1;9;53
152;2;2;1;0;T;36
152;2;3;2;0;7;3
152;3;0;3;0;8;5
152;3;1;4;3;V;65
152;3;2;1;3;H;64
152;3;3;2;0;V;34
152;4;0;3;2;8;13
152;4;1;4;2;T;16
152;4;2;1;2;B;23
152;4;3;2;2;7;38
152;5;0;2;1;A;7
152;5;1;3;1;8;40
152;5;2;4;1;V;36
152;5;3;1;1;7;3
152;6;0;2;0;H;8
152;6;1;3;0;9;40
152;6;2;4;1;T;69
152;6;3;1;2;9;53
152;7;0;4;3;9;57
152;7;1;3;3;A;40
152;7;2;2;3;T;36
152;7;3;1;2;H;53
152;8;0;4;2;V;13
152;8;1;3;2;A;40
152;8;2;2;1;B;53
152;8;3;1;1;H;68
152;=;3;73;79;30;0
153;1;0;4;3;A;7
153;1;1;3;3;8;34
153;1;2;2;3;V;36
153;1;3;1;3;B;3
153;2;0;2;0;B;58
153;2;1;3;2;9;53
153;2;2;4;1;V;69
153;2;3;1;0;H;3
153;3;0;2;0;9;58
153;3;1;3;3;7;53
153;3;2;4;1;8;53
153;3;3;1;0;A;38
153;4;0;2;2;T;7
153;4;1;3;3;H;53
153;4;2;4;2;B;22
153;4;3;1;2;8;3
153;5;0;4;3;9;13
153;5;1;3;2;7;53
153;5;2;2;1;7;53
153;5;3;1;3;T;38
153;6;0;3;1;T;13
153;6;1;4;2;H;53
153;6;2;1;1;9;4
153;6;3;2;0;8;29
153;7;0;4;1;H;13
153;7;1;3;1;A;40
153;7;2;2;0;7;29
153;7;3;1;1;B;38
153;8;0;2;0;V;5
153;8;1;3;0;T;40
153;8;2;4;2;A;53
153;8;3;1;2;V;68
153;=;0;37;115;10;0
154;1;0;3;3;B;57
154;1;1;4;3;H;40
154;1;2;1;3;8;4
154;1;3;2;3;7;3
154;2;0;3;2;A;7
154;2;1;4;2;B;40
154;2;2;1;2;H;4
154;2;3;2;2;8;3
154;3;0;1;0;B;54
154;3;1;4;0;H;34
154;3;2;3;3;V;12
154;3;3;2;0;9;3
154;4;0;3;2;7;13
154;4;1;4;0;7;53
154;4;2;1;2;9;36
154;4;3;2;2;V;38
154;5;0;4;1;V;13
154;5;1;3;1;A;16
154;5;2;2;1;7;36
154;5;3;1;1;8;3
154;6;0;3;1;9;13
154;6;1;4;0;8;53
154;6;2;1;1;T;49
154;6;3;2;3;T;29
154;7;0;4;0;A;13
154;7;1;3;1;H;53
154;7;2;2;0;V;23
154;7;3;1;3;A;29
154;8;0;1;1;B;5
154;8;1;4;3;9;65
154;8;2;3;2;T;53
154;8;3;2;0;T;68
154;=;3;93;59;0;10
155;1;0;4;0;H;7
155;1;1;3;0;V;40
155;1;2;2;0;B;6
155;1;3;1;0;A;38
155;2;0;2;1;A;8
155;2;1;3;1;H;40
155;2;2;4;3;T;52
155;2;3;1;1;B;38
155;3;0;4;0;9;55
155;3;1;3;3;7;53
155;3;2;2;0;T;36
155;3;3;1;3;9;53
155;4;0;4;0;8;55
155;4;1;3;2;8;53
155;4;2;2;2;B;68
155;4;3;1;3;B;53
155;5;0;4;1;T;9
155;5;1;3;2;9;53
155;5;2;2;1;7;4
155;5;3;1;2;V;53
155;6;0;2;1;V;8
155;6;1;3;1;8;40
155;6;2;4;3;V;53
155;6;3;1;3;H;53
155;7;0;2;1;9;8
155;7;1;3;2;T;53
155;7;2;4;2;7;53
155;7;3;1;2;H;53
155;8;0;4;0;7;55
155;8;1;3;2;A;53
155;8;2;2;3;8;68
155;8;3;1;3;A;53
155;=;0;0;152;0;80
156;1;0;1;0;8;7
156;1;1;4;3;9;53
156;1;2;3;0;9;6
156;1;3;2;0;7;38
156;2;0;3;1;A;7
156;2;1;4;1;T;40
156;2;2;1;1;B;4
156;2;3;2;1;8;3
156;3;0;1;0;A;58
156;3;1;4;0;H;40
156;3;2;3;3;T;52
156;3;3;2;2;8;53
156;4;0;1;0;V;56
156;4;1;4;2;7;53
156;4;2;3;1;9;53
156;4;3;2;2;9;53
156;5;0;1;0;B;56
156;5;1;4;3;B;53
156;5;2;3;3;V;53
156;5;3;2;1;V;53
156;6;0;1;0;T;56
156;6;1;4;2;B;53
156;6;2;3;3;7;53
156;6;3;2;3;H;53
156;7;0;3;2;V;13
156;7;1;4;2;A;40
156;7;2;1;3;8;53
156;7;3;2;2;H;38
156;8;0;4;2;T;9
156;8;1;3;1;H;53
156;8;2;2;3;A;53
156;8;3;1;1;7;53
156;=;0;109;43;20;30
157;1;0;4;3;9;7
157;1;1;3;3;H;34
157;1;2;2;3;B;36
157;1;3;1;3;7;3
157;2;0;2;2;A;8
157;2;1;3;2;7;40
157;2;2;4;1;V;69
157;2;3;1;2;H;38
157;3;0;4;1;A;9
157;3;1;3;1;B;40
157;3;2;2;1;7;4
157;3;3;1;1;8;3
157;4;0;4;2;B;5
157;4;1;3;3;A;65
157;4;2;2;2;9;23
157;4;3;1;1;T;68
157;5;0;1;0;A;7
157;5;1;4;0;T;40
157;5;2;3;0;9;22
157;5;3;2;0;8;3
157;6;0;3;0;7;13
157;6;1;4;1;9;53
157;6;2;1;0;V;36
157;6;3;2;0;B;38
157;7;0;3;0;H;5
157;7;1;4;3;T;65
157;7;2;1;3;8;35
157;7;3;2;1;H;68
157;8;0;4;2;T;13
157;8;1;3;2;8;40
157;8;2;2;2;V;36
157;8;3;1;3;V;29
157;=;3;65;87;30;0
158;1;0;1;1;7;1
158;1;1;4;1;T;40
158;1;2;3;1;A;6
158;1;3;2;1;8;3
158;2;0;1;0;B;58
158;2;1;4;0;H;40
158;2;2;3;0;T;36
158;2;3;2;0;A;38
158;3;0;1;0;V;58
158;3;1;4;3;8;53
158;3;2;3;2;9;53
158;3;3;2;3;9;53
158;4;0;3;2;T;11
158;4;1;4;2;7;34
158;4;2;1;3;T;68
158;4;3;2;2;A;46
158;5;0;2;1;H;8
158;5;1;3;1;9;34
158;5;2;4;3;B;69
158;5;3;1;0;9;29
158;6;0;3;0;8;57
158;6;1;4;0;7;40
158;6;2;1;3;H;68
158;6;3;2;1;B;53
158;7;0;3;1;V;9
158;7;1;4;2;8;53
158;7;2;1;3;V;68
158;7;3;2;2;V;53
158;8;0;3;2;B;13
158;8;1;4;3;A;53
158;8;2;1;3;7;53
158;8;3;2;2;H;38
158;=;0;104;48;0;10
159;1;0;2;0;9;7
159;1;1;3;0;V;34
159;1;2;4;0;B;6
159;1;3;1;0;8;3
159;2;0;2;1;A;8
159;2;1;3;1;7;40
159;2;2;4;2;7;69
159;2;3;1;1;8;3
159;3;0;2;3;A;8
159;3;1;3;3;7;34
159;3;2;4;2;A;53
159;3;3;1;3;8;3
159;4;0;4;0;A;57
159;4;1;3;0;H;40
159;4;2;2;2;H;68
159;4;3;1;0;T;38
159;5;0;2;2;V;63
159;5;1;3;3;B;53
159;5;2;4;2;9;36
159;5;3;1;2;T;46
159;6;0;3;1;H;7
159;6;1;4;1;9;40
159;6;2;1;1;T;36
159;6;3;2;1;V;3
159;7;0;1;2;B;5
159;7;1;4;0;7;65
159;7;2;3;3;V;53
159;7;3;2;1;B;68
159;8;0;4;2;8;9
159;8;1;3;3;H;53
159;8;2;2;3;9;68
159;8;3;1;3;T;53
159;=;0;32;120;0;10
160;1;0;1;1;A;8
160;1;1;4;1;9;40
160;1;2;3;1;8;22
160;1;3;2;2;H;29
160;2;0;2;0;A;7
160;2;1;3;0;9;40
160;2;2;4;0;8;22
160;2;3;1;0;V;3
160;3;0;2;2;B;7
160;3;1;3;2;8;34
160;3;2;4;1;T;69
160;3;3;1;2;7;3
160;4;0;4;0;B;5
160;4;1;3;2;T;65
160;4;2;2;3;7;53
160;4;3;1;0;7;32
160;5;0;1;2;A;58
160;5;1;4;3;H;53
160;5;2;3;3;V;53
160;5;3;2;3;8;53
160;6;0;3;1;H;9
160;6;1;4;0;H;53
160;6;2;1;1;7;36
160;6;3;2;3;9;53
160;7;0;3;1;V;9
160;7;1;4;3;A;53
160;7;2;1;0;T;53
160;7;3;2;3;B;53
160;8;0;1;2;9;56
160;8;1;4;1;B;53
160;8;2;3;2;V;36
160;8;3;2;3;T;53
160;=;2;93;59;10;0
161;1;0;4;2;B;57
161;1;1;3;1;9;53
161;1;2;2;2;7;4
161;1;3;1;3;8;53
161;2;0;2;2;T;7
161;2;1;3;2;8;40
161;2;2;4;2;9;6
161;2;3;1;3;9;53
161;3;0;4;3;A;7
161;3;1;3;1;V;53
161;3;2;2;3;H;4
161;3;3;1;3;B;3
161;4;0;2;3;T;8
161;4;1;3;0;V;53
161;4;2;4;0;T;69
161;4;3;1;3;V;38
161;5;0;4;1;B;13
161;5;1;3;1;A;40
161;5;2;2;1;8;36
161;5;3;1;1;7;3
161;6;0;3;2;A;7
161;6;1;4;2;V;40
161;6;2;1;1;H;68
161;6;3;2;2;H;38
161;7;0;3;0;A;9
161;7;1;4;0;H;40
161;7;2;1;0;9;4
161;7;3;2;0;7;3
161;8;0;3;1;T;9
161;8;1;4;3;7;53
161;8;2;1;0;B;53
161;8;3;2;0;8;53
161;=;2;62;90;50;20
162;1;0;3;2;H;7
162;1;1;4;3;9;53
162;1;2;1;2;B;6
162;1;3;2;2;7;3
162;2;0;1;0;A;7
162;2;1;4;0;7;34
162;2;2;3;3;V;69
162;2;3;2;0;8;3
162;3;0;3;1;T;9
162;3;1;4;1;8;40
162;3;2;1;1;7;4
162;3;3;2;1;B;3
162;4;0;3;3;A;9
162;4;1;4;3;7;34
162;4;2;1;1;H;68
162;4;3;2;3;8;3
162;5;0;1;0;T;8
162;5;1;4;0;V;40
162;5;2;3;1;9;53
162;5;3;2;0;H;38
162;6;0;1;2;9;58
162;6;1;4;0;B;53
162;6;2;3;2;8;36
162;6;3;2;2;V;38
162;7;0;3;3;B;13
162;7;1;4;3;T;40
162;7;2;1;0;9;53
162;7;3;2;3;H;38
162;8;0;4;2;A;1
162;8;1;3;2;T;40
162;8;2;2;1;V;68
162;8;3;1;1;A;53
162;=;2;101;51;0;10
163;1;0;4;0;A;7
163;1;1;3;0;V;40
163;1;2;2;0;9;67
163;1;3;1;0;8;3
163;2;0;4;0;T;57
163;2;1;3;3;8;53
163;2;2;2;0;B;36
163;2;3;1;0;H;38
163;3;0;4;2;T;11
163;3;1;3;2;H;34
163;3;2;2;2;8;36
163;3;3;1;2;7;3
163;4;0;4;1;8;13
163;4;1;3;1;A;16
163;4;2;2;1;H;23
163;4;3;1;1;9;38
163;5;0;1;3;A;8
163;5;1;4;3;B;40
163;5;2;3;2;9;53
163;5;3;2;3;V;3
163;6;0;3;1;B;13
163;6;1;4;1;V;16
163;6;2;1;3;7;53
163;6;3;2;1;T;38
163;7;0;4;2;A;9
163;7;1;3;2;V;40
163;7;2;2;3;T;68
163;7;3;1;2;B;38
163;8;0;4;1;7;5
163;8;1;3;0;7;65
163;8;2;2;3;H;53
163;8;3;1;3;9;68
163;=;0;35;117;10;20
164;1;0;1;1;A;8
164;1;1;4;1;9;40
164;1;2;3;1;7;36
164;1;3;2;1;B;3
164;2;0;1;3;9;63
164;2;1;4;1;8;53
164;2;2;3;3;T;36
164;2;3;2;3;B;30
164;3;0;4;2;A;9
164;3;1;3;2;8;40
164;3;2;2;1;T;68
164;3;3;1;2;7;3
164;4;0;2;3;A;58
164;4;1;3;3;8;40
164;4;2;4;0;8;53
164;4;3;1;3;V;3
164;5;0;4;0;A;7
164;5;1;3;0;H;40
164;5;2;2;0;V;4
164;5;3;1;0;7;38
164;6;0;4;2;B;13
164;6;1;3;2;H;40
164;6;2;2;3;7;29
164;6;3;1;2;9;3
164;7;0;4;0;B;13
164;7;1;3;0;T;40
164;7;2;2;0;9;36
164;7;3;1;2;T;68
164;8;0;3;1;H;9
164;8;1;4;2;V;53
164;8;2;1;3;H;35
164;8;3;2;1;V;38
164;=;3;49;103;30;40
165;1;0;2;0;A;8
165;1;1;3;0;B;40
165;1;2;4;0;8;36
165;1;3;1;0;7;3
165;2;0;4;3;8;13
165;2;1;3;3;B;40
165;2;2;2;3;V;36
165;2;3;1;3;T;46
165;3;0;3;2;T;7
165;3;1;4;2;A;18
165;3;2;1;2;B;6
165;3;3;2;2;H;3
165;4;0;1;2;7;7
165;4;1;4;2;8;40
165;4;2;3;2;9;6
165;4;3;2;2;V;38
165;5;0;1;1;B;1
165;5;1;4;1;T;40
165;5;2;3;1;A;6
165;5;3;2;1;7;3
165;6;0;1;0;T;8
165;6;1;4;0;9;34
165;6;2;3;1;9;53
165;6;3;2;0;V;38
165;7;0;1;3;A;8
165;7;1;4;3;H;40
165;7;2;3;1;V;53
165;7;3;2;1;8;53
165;8;0;3;3;9;9
165;8;1;4;0;H;53
165;8;2;1;3;7;36
165;8;3;2;1;H;53
165;=;2;139;13;50;0
166;1;0;1;3;H;7
166;1;1;4;3;A;18
166;1;2;3;3;B;6
166;1;3;2;3;T;38
166;2;0;3;1;A;7
166;2;1;4;1;B;40
166;2;2;1;1;9;36
166;2;3;2;1;7;3
166;3;0;3;0;A;7
166;3;1;4;0;9;40
166;3;2;1;0;7;4
166;3;3;2;0;B;3
166;4;0;1;3;9;58
166;4;1;4;3;V;40
166;4;2;3;3;7;36
166;4;3;2;0;8;53
166;5;0;3;0;H;9
166;5;1;4;2;7;53
166;5;2;1;0;T;36
166;5;3;2;0;V;38
166;6;0;3;2;A;7
166;6;1;4;2;8;34
166;6;2;1;2;9;4
166;6;3;2;2;V;38
166;7;0;1;3;8;56
166;7;1;4;1;8;53
166;7;2;3;1;V;53
166;7;3;2;1;H;53
166;8;0;3;2;T;9
166;8;1;4;2;H;40
166;8;2;1;2;B;36
166;8;3;2;1;T;53
166;=;3;152;0;10;0
167;1;0;2;3;B;58
167;1;1;3;1;7;53
167;1;2;4;3;H;36
167;1;3;1;3;8;3
167;2;0;4;1;8;13
167;2;1;3;1;A;40
167;2;2;2;1;T;36
167;2;3;1;0;H;68
167;3;0;1;3;9;58
167;3;1;4;2;B;53
167;3;2;3;0;T;69
167;3;3;2;3;7;3
167;4;0;3;1;9;13
167;4;1;4;1;H;40
167;4;2;1;2;7;53
167;4;3;2;2;8;53
167;5;0;4;3;V;55
167;5;1;3;0;9;53
167;5;2;2;3;T;67
167;5;3;1;0;7;53
167;6;0;2;3;A;56
167;6;1;3;1;B;53
167;6;2;4;2;T;69
167;6;3;1;0;8;53
167;7;0;4;0;V;13
167;7;1;3;2;H;53
167;7;2;2;2;9;53
167;7;3;1;0;A;46
167;8;0;3;2;A;9
167;8;1;4;1;V;53
167;8;2;1;0;B;53
167;8;3;2;2;V;38
167;=;3;88;64;10;0
168;1;0;3;2;T;7
168;1;1;4;2;B;40
168;1;2;1;2;H;4
168;1;3;2;2;7;3
168;2;0;3;3;7;7
168;2;1;4;3;8;40
168;2;2;1;3;B;6
168;2;3;2;3;T;3
168;3;0;3;1;T;7
168;3;1;4;0;9;53
168;3;2;1;1;8;4
168;3;3;2;1;B;3
168;4;0;1;2;A;63
168;4;1;4;1;V;53
168;4;2;3;0;7;69
168;4;3;2;2;9;3
168;5;0;1;0;H;54
168;5;1;4;0;V;34
168;5;2;3;3;H;12
168;5;3;2;3;A;29
168;6;0;2;3;9;58
168;6;1;3;2;8;53
168;6;2;4;0;T;53
168;6;3;1;0;8;53
168;7;0;4;0;A;9
168;7;1;3;1;7;53
168;7;2;2;1;9;68
168;7;3;1;0;B;38
168;8;0;2;2;V;8
168;8;1;3;1;A;53
168;8;2;4;3;V;35
168;8;3;1;1;H;53
168;=;3;72;80;0;10
169;1;0;2;1;H;7
169;1;1;3;1;T;40
169;1;2;4;1;B;6
169;1;3;1;1;V;38
169;2;0;2;3;A;8
169;2;1;3;0;7;53
169;2;2;4;3;H;36
169;2;3;1;3;7;3
169;3;0;4;1;9;57
169;3;1;3;0;B;53
169;3;2;2;1;7;36
169;3;3;1;2;8;53
169;4;0;4;0;A;7
169;4;1;3;0;V;34
169;4;2;2;0;H;4
169;4;3;1;0;8;38
169;5;0;2;0;9;47
169;5;1;3;0;T;40
169;5;2;4;1;A;28
169;5;3;1;2;V;53
169;6;0;4;2;7;13
169;6;1;3;2;T;40
169;6;2;2;2;9;23
169;6;3;1;2;A;46
169;7;0;3;3;V;7
169;7;1;4;3;B;40
169;7;2;1;3;T;36
169;7;3;2;3;9;38
169;8;0;3;3;8;5
169;8;1;4;1;8;65
169;8;2;1;2;H;53
169;8;3;2;2;B;68
169;=;1;36;116;50;100
170;1;0;1;0;A;2
170;1;1;4;0;T;40
170;1;2;3;1;H;69
170;1;3;2;0;B;3
170;2;0;3;2;T;11
170;2;1;4;2;V;40
170;2;2;1;2;9;4
170;2;3;2;2;7;3
170;3;0;1;2;8;47
170;3;1;4;2;H;40
170;3;2;3;3;V;28
170;3;3;2;2;B;38
170;4;0;3;1;9;13
170;4;1;4;1;7;34
170;4;2;1;0;8;53
170;4;3;2;1;V;38
170;5;0;2;3;B;58
170;5;1;3;3;H;40
170;5;2;4;3;7;36
170;5;3;1;3;T;3
170;6;0;4;1;8;13
170;6;1;3;1;A;16
170;6;2;2;3;8;65
170;6;3;1;3;A;29
170;7;0;3;1;B;9
170;7;1;4;0;7;53
170;7;2;1;0;9;68
170;7;3;2;0;V;53
170;8;0;3;1;T;9
170;8;1;4;2;A;53
170;8;2;1;3;9;35
170;8;3;2;0;H;53
170;=;3;115;37;10;0
171;1;0;4;0;V;7
171;1;1;3;0;8;34
171;1;2;2;0;T;36
171;1;3;1;0;9;38
171;2;0;4;3;B;57
171;2;1;3;3;H;34
171;2;2;2;3;8;4
171;2;3;1;3;7;38
171;3;0;4;1;A;7
171;3;1;3;1;9;40
171;3;2;2;1;7;4
171;3;3;1;1;T;3
171;4;0;2;3;9;58
171;4;1;3;3;A;40
171;4;2;4;2;V;53
171;4;3;1;2;9;53
171;5;0;4;0;A;9
171;5;1;3;0;7;34
171;5;2;2;1;V;68
171;5;3;1;1;8;53
171;6;0;4;0;H;9
171;6;1;3;0;B;40
171;6;2;2;2;8;68
171;6;3;1;2;H;53
171;7;0;2;3;T;58
171;7;1;3;3;V;40
171;7;2;4;2;B;53
171;7;3;1;2;T;53
171;8;0;4;1;B;13
171;8;1;3;1;H;40
171;8;2;2;2;7;53
171;8;3;1;2;A;53
171;=;3;17;135;10;20
172;1;0;1;3;B;58
172;1;1;4;3;H;40
172;1;2;3;1;H;69
172;1;3;2;3;T;38
172;2;0;1;3;9;58
172;2;1;4;3;V;40
172;2;2;3;1;B;69
172;2;3;2;2;7;53
172;3;0;3;1;A;9
172;3;1;4;0;7;53
172;3;2;1;1;7;4
172;3;3;2;1;8;3
172;4;0;3;3;A;57
172;4;1;4;3;8;40
172;4;2;1;3;7;36
172;4;3;2;1;9;53
172;5;0;3;1;T;9
172;5;1;4;0;B;53
172;5;2;1;1;V;36
172;5;3;2;2;V;53
172;6;0;3;2;9;13
172;6;1;4;2;H;40
172;6;2;1;2;8;36
172;6;3;2;2;T;38
172;7;0;2;0;A;8
172;7;1;3;2;B;53
172;7;2;4;0;V;36
172;7;3;1;0;8;3
172;8;0;2;0;T;8
172;8;1;3;2;A;53
172;8;2;4;0;H;36
172;8;3;1;0;9;38
172;=;3;97;55;0;30
173;1;0;2;0;A;63
173;1;1;3;3;9;53
173;1;2;4;0;7;36
173;1;3;1;0;V;3
173;2;0;4;1;A;7
173;2;1;3;1;V;40
173;2;2;2;1;7;4
173;2;3;1;1;H;38
173;3;0;2;1;8;5
173;3;1;3;0;8;65
173;3;2;4;3;7;53
173;3;3;1;2;8;53
173;4;0;3;2;7;5
173;4;1;4;0;B;65
173;4;2;1;2;H;34
173;4;3;2;2;B;3
173;5;0;2;0;9;58
173;5;1;3;2;9;53
173;5;2;4;3;8;53
173;5;3;1;0;T;38
173;6;0;2;1;T;8
173;6;1;3;1;9;40
173;6;2;4;3;V;53
173;6;3;1;3;T;53
173;7;0;4;1;B;5
173;7;1;3;0;H;65
173;7;2;2;2;V;53
173;7;3;1;3;A;53
173;8;0;1;2;A;8
173;8;1;4;3;H;53
173;8;2;3;3;B;53
173;8;3;2;2;T;38
173;=;0;47;105;10;20
174;1;0;3;0;H;7
174;1;1;4;0;A;40
174;1;2;1;0;B;6
174;1;3;2;0;T;3
174;2;0;1;0;9;58
174;2;1;4;2;8;53
174;2;2;3;3;V;69
174;2;3;2;0;V;38
174;3;0;1;2;T;63
174;3;1;4;2;V;40
174;3;2;3;1;B;69
174;3;3;2;2;A;46
174;4;0;2;1;8;10
174;4;1;3;1;9;40
174;4;2;4;1;A;6
174;4;3;1;1;7;3
174;5;0;2;2;H;63
174;5;1;3;3;8;53
174;5;2;4;2;7;22
174;5;3;1;2;B;38
174;6;0;4;2;9;13
174;6;1;3;3;B;53
174;6;2;2;3;7;53
174;6;3;1;0;8;29
174;7;0;3;3;A;9
174;7;1;4;3;H;40
174;7;2;1;1;T;53
174;7;3;2;3;9;38
174;8;0;3;3;T;9
174;8;1;4;1;V;53
174;8;2;1;0;7;35
174;8;3;2;1;H;53
174;=;0;109;43;10;20
175;1;0;4;1;A;9
175;1;1;3;1;7;34
175;1;2;2;0;8;68
175;1;3;1;1;8;3
175;2;0;4;2;V;7
175;2;1;3;1;V;53
175;2;2;2;2;B;6
175;2;3;1;2;7;3
175;3;0;2;0;T;63
175;3;1;3;0;B;40
175;3;2;4;3;7;53
175;3;3;1;0;A;46
175;4;0;3;3;A;9
175;4;1;4;3;8;34
175;4;2;1;1;B;68
175;4;3;2;3;9;3
175;5;0;3;1;H;13
175;5;1;4;1;9;40
175;5;2;1;0;7;53
175;5;3;2;2;T;29
175;6;0;4;0;9;13
175;6;1;3;3;H;53
175;6;2;2;3;B;53
175;6;3;1;0;H;38
175;7;0;3;1;T;13
175;7;1;4;0;V;53
175;7;2;1;2;8;35
175;7;3;2;2;A;64
175;8;0;4;3;T;13
175;8;1;3;2;9;65
175;8;2;2;3;V;36
175;8;3;1;2;H;35
175;=;2;77;75;10;0
176;1;0;1;0;T;7
176;1;1;4;0;9;18
176;1;2;3;0;B;6
176;1;3;2;0;V;38
176;2;0;3;2;V;7
176;2;1;4;2;9;40
176;2;2;1;2;T;4
176;2;3;2;2;B;38
176;3;0;3;3;H;7
176;3;1;4;3;8;34
176;3;2;1;3;T;4
176;3;3;2;3;7;3
176;4;0;1;1;A;2
176;4;1;4;1;T;40
176;4;2;3;2;A;53
176;4;3;2;1;7;3
176;5;0;1;2;7;5
176;5;1;4;0;7;65
176;5;2;3;0;8;28
176;5;3;2;3;9;53
176;6;0;1;1;9;54
176;6;1;4;1;V;40
176;6;2;3;0;H;12
176;6;3;2;1;8;34
176;7;0;3;3;V;9
176;7;1;4;3;B;40
176;7;2;1;3;A;36
176;7;3;2;1;B;53
176;8;0;1;2;H;8
176;8;1;4;2;8;40
176;8;2;3;0;A;35
176;8;3;2;1;H;53
176;=;0;152;0;110;0
177;1;0;4;1;A;7
177;1;1;3;1;8;34
177;1;2;2;1;H;36
177;1;3;1;1;9;3
177;2;0;4;3;9;13
177;2;1;3;3;A;40
177;2;2;2;3;B;36
177;2;3;1;3;8;3
177;3;0;1;3;H;54
177;3;1;4;3;V;40
177;3;2;3;0;7;12
177;3;3;2;0;8;29
177;4;0;4;2;7;13
177;4;1;3;2;9;40
177;4;2;2;2;B;23
177;4;3;1;2;V;46
177;5;0;3;2;A;9
177;5;1;4;3;7;53
177;5;2;1;2;8;36
177;5;3;2;2;H;38
177;6;0;3;3;T;13
177;6;1;4;1;7;53
177;6;2;1;1;V;53
177;6;3;2;0;T;29
177;7;0;4;1;B;13
177;7;1;3;1;T;40
177;7;2;2;0;A;29
177;7;3;1;0;V;35
177;8;0;4;2;T;13
177;8;1;3;0;B;65
177;8;2;2;0;9;35
177;8;3;1;0;H;35
177;=;0;81;71;10;0
178;1;0;1;0;T;7
178;1;1;4;0;8;40
178;1;2;3;0;B;6
178;1;3;2;0;9;38
178;2;0;1;0;A;58
178;2;1;4;0;V;40
178;2;2;3;0;7;36
178;2;3;2;3;9;53
178;3;0;3;3;A;9
178;3;1;4;3;7;40
178;3;2;1;3;T;4
178;3;3;2;3;V;38
178;4;0;1;3;B;5
178;4;1;4;0;H;65
178;4;2;3;1;7;53
178;4;3;2;2;H;68
178;5;0;4;2;A;7
178;5;1;3;2;T;40
178;5;2;2;2;8;36
178;5;3;1;2;V;3
178;6;0;2;1;A;7
178;6;1;3;1;T;40
178;6;2;4;1;8;36
178;6;3;1;1;B;3
178;7;0;4;2;B;9
178;7;1;3;3;8;53
178;7;2;2;1;V;53
178;7;3;1;2;9;38
178;8;0;4;2;7;9
178;8;1;3;3;H;53
178;8;2;2;1;H;53
178;8;3;1;1;9;53
178;=;0;82;70;50;10
179;1;0;2;3;V;7
179;1;1;3;3;T;40
179;1;2;4;3;9;6
179;1;3;1;2;7;53
179;2;0;2;1;A;8
179;2;1;3;1;8;34
179;2;2;4;0;B;69
179;2;3;1;1;B;3
179;3;0;4;3;A;55
179;3;1;3;1;9;53
179;3;2;2;3;B;66
179;3;3;1;2;9;53
179;4;0;2;3;H;56
179;4;1;3;1;V;53
179;4;2;4;3;7;36
179;4;3;1;0;8;53
179;5;0;4;2;8;13
179;5;1;3;2;A;40
179;5;2;2;2;T;36
179;5;3;1;2;H;38
179;6;0;3;0;T;9
179;6;1;4;0;9;40
179;6;2;1;0;V;4
179;6;3;2;0;7;3
179;7;0;3;1;T;9
179;7;1;4;2;B;53
179;7;2;1;1;H;36
179;7;3;2;1;7;38
179;8;0;1;0;A;8
179;8;1;4;2;V;53
179;8;2;3;3;8;35
179;8;3;2;0;H;38
179;=;3;72;80;10;0
180;1;0;1;0;B;58
180;1;1;4;1;7;53
180;1;2;3;3;V;69
180;1;3;2;0;8;3
180;2;0;1;2;T;63
180;2;1;4;2;V;34
180;2;2;3;2;8;36
180;2;3;2;2;A;46
180;3;0;4;0;V;7
180;3;1;3;3;8;53
180;3;2;2;0;9;6
180;3;3;1;0;7;3
180;4;0;2;1;A;8
180;4;1;3;1;9;34
180;4;2;4;1;V;22
180;4;3;1;1;8;38
180;5;0;2;3;H;54
180;5;1;3;3;T;34
180;5;2;4;0;T;12
180;5;3;1;3;7;34
180;6;0;4;2;H;13
180;6;1;3;1;B;53
180;6;2;2;2;7;23
180;6;3;1;0;H;29
180;7;0;3;1;T;9
180;7;1;4;1;H;40
180;7;2;1;3;B;53
180;7;3;2;2;9;53
180;8;0;3;3;A;9
180;8;1;4;3;9;40
180;8;2;1;0;A;35
180;8;3;2;2;B;53
180;=;0;73;79;10;0
181;1;0;2;1;A;8
181;1;1;3;1;9;34
181;1;2;4;1;H;36
181;1;3;1;1;8;38
181;2;0;4;3;A;9
181;2;1;3;0;7;53
181;2;2;2;1;V;68
181;2;3;1;3;7;3
181;3;0;4;2;A;57
181;3;1;3;1;B;53
181;3;2;2;2;9;67
181;3;3;1;2;8;3
181;4;0;2;2;B;58
181;4;1;3;0;B;53
181;4;2;4;3;9;53
181;4;3;1;2;V;3
181;5;0;2;2;T;58
181;5;1;3;0;V;53
181;5;2;4;2;7;36
181;5;3;1;2;H;38
181;6;0;4;1;7;13
181;6;1;3;1;T;40
181;6;2;2;0;8;53
181;6;3;1;3;T;68
181;7;0;3;0;A;9
181;7;1;4;0;H;40
181;7;2;1;3;V;68
181;7;3;2;0;9;3
181;8;0;3;3;B;13
181;8;1;4;3;H;40
181;8;2;1;3;8;36
181;8;3;2;0;T;68
181;=;2;38;114;0;10
182;1;0;1;3;A;7
182;1;1;4;3;V;40
182;1;2;3;3;9;36
182;1;3;2;3;8;3
182;2;0;1;0;B;58
182;2;1;4;0;8;40
182;2;2;3;0;T;36
182;2;3;2;0;7;3
182;3;0;3;1;8;5
182;3;1;4;0;9;65
182;3;2;1;1;7;34
182;3;3;2;1;9;24
182;4;0;2;2;A;7
182;4;1;3;2;T;40
182;4;2;4;2;9;22
182;4;3;1;2;8;3
182;5;0;4;2;V;11
182;5;1;3;3;B;53
182;5;2;2;2;H;36
182;5;3;1;2;B;38
182;6;0;2;0;H;7
182;6;1;3;1;H;53
182;6;2;4;0;A;6
182;6;3;1;0;V;38
182;7;0;4;2;7;9
182;7;1;3;3;T;53
182;7;2;2;3;H;68
182;7;3;1;1;V;53
182;8;0;4;3;7;9
182;8;1;3;1;A;53
182;8;2;2;1;B;68
182;8;3;1;1;T;53
182;=;0;44;108;0;110
183;1;0;2;2;V;7
183;1;1;3;2;T;40
183;1;2;4;2;B;6
183;1;3;1;2;8;39
183;2;0;2;0;B;54
183;2;1;3;0;7;34
183;2;2;4;2;H;12
183;2;3;1;0;T;38
183;3;0;4;1;7;13
183;3;1;3;1;V;40
183;3;2;2;1;H;36
183;3;3;1;1;A;46
183;4;0;1;2;9;58
183;4;1;4;1;9;53
183;4;2;3;3;7;53
183;4;3;2;2;7;3
183;5;0;3;0;9;13
183;5;1;4;0;H;40
183;5;2;1;1;8;53
183;5;3;2;3;8;53
183;6;0;4;1;T;9
183;6;1;3;0;V;53
183;6;2;2;3;9;53
183;6;3;1;1;B;38
183;7;0;2;2;A;56
183;7;1;3;3;A;53
183;7;2;4;3;T;52
183;7;3;1;3;B;53
183;8;0;2;3;H;8
183;8;1;3;0;A;53
183;8;2;4;0;8;53
183;8;3;1;3;V;38
183;=;2;32;120;20;30
184;1;0;1;2;T;7
184;1;1;4;2;7;34
184;1;2;3;2;9;36
184;1;3;2;2;B;3
184;2;0;1;2;A;8
184;2;1;4;2;V;40
184;2;2;3;0;H;69
184;2;3;2;2;8;38
184;3;0;1;0;A;7
184;3;1;4;0;T;40
184;3;2;3;0;9;36
184;3;3;2;0;7;3
184;4;0;3;1;9;57
184;4;1;4;1;V;40
184;4;2;1;1;B;66
184;4;3;2;1;7;3
184;5;0;3;3;H;13
184;5;1;4;3;T;16
184;5;2;1;3;9;36
184;5;3;2;3;B;24
184;6;0;2;1;A;58
184;6;1;3;1;8;34
184;6;2;4;3;7;53
184;6;3;1;1;T;38
184;7;0;4;3;V;9
184;7;1;3;3;8;40
184;7;2;2;3;A;36
184;7;3;1;0;8;53
184;8;0;4;2;H;5
184;8;1;3;1;H;65
184;8;2;2;0;B;53
184;8;3;1;0;V;68
184;=;1;101;51;30;20
185;1;0;2;2;T;7
185;1;1;3;2;8;40
185;1;2;4;2;B;6
185;1;3;1;2;7;3
185;2;0;4;0;A;7
185;2;1;3;0;8;34
185;2;2;2;0;7;4
185;2;3;1;2;H;29
185;3;0;3;3;V;9
185;3;1;4;1;7;53
185;3;2;1;3;7;4
185;3;3;2;3;8;3
185;4;0;1;2;9;58
185;4;1;4;2;V;40
185;4;2;3;1;H;69
185;4;3;2;2;A;38
185;5;0;1;3;A;8
185;5;1;4;1;9;53
185;5;2;3;1;B;53
185;5;3;2;3;9;38
185;6;0;1;3;H;8
185;6;1;4;1;V;53
185;6;2;3;0;B;53
185;6;3;2;0;9;53
185;7;0;1;3;B;8
185;7;1;4;0;T;53
185;7;2;3;0;V;53
185;7;3;2;0;H;53
185;8;0;1;3;T;8
185;8;1;4;1;A;53
185;8;2;3;1;8;53
185;8;3;2;1;T;53
185;=;2;122;30;10;0
186;1;0;1;3;7;54
186;1;1;4;3;8;34
186;1;2;3;1;9;12
186;1;3;2;3;V;34
186;2;0;1;0;H;63
186;2;1;4;0;V;40
186;2;2;3;2;T;52
186;2;3;2;0;A;46
186;3;0;4;2;A;9
186;3;1;3;2;7;40
186;3;2;2;2;8;4
186;3;3;1;2;B;38
186;4;0;4;3;B;5
186;4;1;3;1;8;65
186;4;2;2;3;A;23
186;4;3;1;3;T;38
186;5;0;1;0;T;63
186;5;1;4;0;9;34
186;5;2;3;2;V;53
186;5;3;2;0;7;38
186;6;0;3;2;H;5
186;6;1;4;1;A;65
186;6;2;1;0;8;53
186;6;3;2;2;9;38
186;7;0;4;3;H;5
186;7;1;3;1;V;65
186;7;2;2;3;9;36
186;7;3;1;1;H;35
186;8;0;3;1;B;57
186;8;1;4;0;B;53
186;8;2;1;1;T;36
186;8;3;2;1;7;38
186;=;1;96;56;30;20
187;1;0;2;0;9;1
187;1;1;3;0;T;40
187;1;2;4;0;A;6
187;1;3;1;0;V;3
187;2;0;2;1;8;7
187;2;1;3;1;7;40
187;2;2;4;1;9;6
187;2;3;1;1;V;39
187;3;0;2;2;A;8
187;3;1;3;2;8;34
187;3;2;4;0;B;69
187;3;3;1;2;9;3
187;4;0;4;1;B;57
187;4;1;3;3;8;53
187;4;2;2;1;A;36
187;4;3;1;1;H;38
187;5;0;2;3;9;47
187;5;1;3;3;T;40
187;5;2;4;1;T;28
187;5;3;1;3;V;34
187;6;0;4;2;7;13
187;6;1;3;2;B;40
187;6;2;2;2;V;36
187;6;3;1;2;H;38
187;7;0;3;3;A;9
187;7;1;4;0;8;53
187;7;2;1;3;B;36
187;7;3;2;3;H;38
187;8;0;3;3;7;9
187;8;1;4;2;T;53
187;8;2;1;0;H;53
187;8;3;2;0;7;53
187;=;1;40;112;30;20
188;1;0;1;2;V;7
188;1;1;4;0;9;53
188;1;2;3;2;B;6
188;1;3;2;2;9;3
188;2;0;1;1;A;8
188;2;1;4;1;B;40
188;2;2;3;1;8;22
188;2;3;2;1;9;38
188;3;0;3;1;V;13
188;3;1;4;0;B;53
188;3;2;1;3;8;53
188;3;3;2;2;H;29
188;4;0;2;3;A;8
188;4;1;3;0;V;53
188;4;2;4;0;T;52
188;4;3;1;3;9;3
188;5;0;2;3;T;7
188;5;1;3;1;7;53
188;5;2;4;3;B;36
188;5;3;1;3;V;38
188;6;0;4;0;H;13
188;6;1;3;0;A;40
188;6;2;2;0;7;36
188;6;3;1;0;8;38
188;7;0;3;1;H;13
188;7;1;4;1;T;40
188;7;2;1;2;8;29
188;7;3;2;2;T;29
188;8;0;4;2;A;57
188;8;1;3;3;H;53
188;8;2;2;3;7;68
188;8;3;1;2;7;38
188;=;2;65;87;0;30
189;1;0;4;2;T;7
189;1;1;3;2;B;40
189;1;2;2;2;9;4
189;1;3;1;2;8;38
189;2;0;4;0;V;7
189;2;1;3;0;T;40
189;2;2;2;0;B;6
189;2;3;1;0;A;38
189;3;0;2;3;A;7
189;3;1;3;3;7;34
189;3;2;4;1;V;69
189;3;3;1;3;8;3
189;4;0;2;0;9;58
189;4;1;3;0;H;40
189;4;2;4;0;8;36
189;4;3;1;1;9;53
189;5;0;4;1;A;9
189;5;1;3;3;9;53
189;5;2;2;1;8;36
189;5;3;1;1;B;3
189;6;0;4;3;T;7
189;6;1;3;3;V;40
189;6;2;2;2;7;53
189;6;3;1;3;H;3
189;7;0;4;2;V;5
189;7;1;3;0;7;65
189;7;2;2;2;H;23
189;7;3;1;1;T;68
189;8;0;3;1;H;9
189;8;1;4;1;7;40
189;8;2;1;3;B;53
189;8;3;2;2;A;53
189;=;0;34;118;10;70
190;1;0;1;2;A;8
190;1;1;4;2;V;40
190;1;2;3;3;T;52
190;1;3;2;2;B;3
190;2;0;3;0;B;7
190;2;1;4;0;H;34
190;2;2;1;2;H;68
190;2;3;2;0;8;3
190;3;0;3;3;B;5
190;3;1;4;0;V;65
190;3;2;1;3;9;36
190;3;3;2;3;H;48
190;4;0;4;1;A;7
190;4;1;3;1;9;40
190;4;2;2;1;T;36
190;4;3;1;1;7;3
190;5;0;2;2;T;7
190;5;1;3;2;8;40
190;5;2;4;1;8;53
190;5;3;1;2;7;3
190;6;0;4;0;9;57
190;6;1;3;0;7;40
190;6;2;2;0;T;36
190;6;3;1;2;9;53
190;7;0;2;3;A;8
190;7;1;3;3;8;40
190;7;2;4;1;H;53
190;7;3;1;1;B;53
190;8;0;4;3;7;5
190;8;1;3;0;A;65
190;8;2;2;3;V;36
190;8;3;1;1;V;68
190;=;0;71;81;10;0
191;1;0;4;3;V;2
191;1;1;3;3;9;40
191;1;2;2;3;B;6
191;1;3;1;1;7;53
191;2;0;2;0;T;8
191;2;1;3;0;H;40
191;2;2;4;2;8;69
191;2;3;1;0;7;3
191;3;0;2;1;A;8
191;3;1;3;0;8;53
191;3;2;4;1;H;36
191;3;3;1;1;8;3
191;4;0;4;3;8;55
191;4;1;3;2;B;53
191;4;2;2;3;T;67
191;4;3;1;1;9;53
191;5;0;2;1;B;47
191;5;1;3;1;T;40
191;5;2;4;3;7;28
191;5;3;1;0;9;53
191;6;0;4;0;A;9
191;6;1;3;2;T;53
191;6;2;2;1;V;53
191;6;3;1;0;B;38
191;7;0;4;0;V;9
191;7;1;3;2;A;53
191;7;2;2;3;H;35
191;7;3;1;2;V;53
191;8;0;2;3;A;56
191;8;1;3;2;9;53
191;8;2;4;2;7;53
191;8;3;1;2;H;53
191;=;3;0;152;0;10
192;1;0;3;3;H;7
192;1;1;4;3;V;40
192;1;2;1;3;B;6
192;1;3;2;3;8;39
192;2;0;1;2;A;7
192;2;1;4;2;9;34
192;2;2;3;1;V;69
192;2;3;2;2;V;38
192;3;0;3;3;A;57
192;3;1;4;2;H;53
192;3;2;1;3;9;66
192;3;3;2;3;T;38
192;4;0;1;3;7;56
192;4;1;4;2;T;53
192;4;2;3;1;7;53
192;4;3;2;1;8;53
192;5;0;3;0;A;7
192;5;1;4;0;T;40
192;5;2;1;0;V;36
192;5;3;2;0;8;3
192;6;0;1;2;B;8
192;6;1;4;2;7;40
192;6;2;3;0;7;53
192;6;3;2;1;9;53
192;7;0;3;0;9;13
192;7;1;4;1;A;53
192;7;2;1;1;H;53
192;7;3;2;0;B;46
192;8;0;4;2;8;9
192;8;1;3;1;B;53
192;8;2;2;0;H;53
192;8;3;1;1;T;53
192;=;3;119;33;40;10
193;1;0;2;2;8;7
193;1;1;3;1;7;53
193;1;2;4;2;B;6
193;1;3;1;2;7;3
193;2;0;2;1;T;7
193;2;1;3;1;B;40
193;2;2;4;0;T;52
193;2;3;1;1;9;38
193;3;0;4;0;A;7
193;3;1;3;0;H;40
193;3;2;2;0;7;36
193;3;3;1;0;8;3
193;4;0;4;2;9;57
193;4;1;3;2;A;40
193;4;2;2;2;T;36
193;4;3;1;2;V;38
193;5;0;4;3;8;13
193;5;1;3;3;A;16
193;5;2;2;3;7;23
193;5;3;1;3;9;24
193;6;0;3;1;8;13
193;6;1;4;1;H;40
193;6;2;1;0;9;53
193;6;3;2;1;A;48
193;7;0;4;3;B;13
193;7;1;3;3;V;40
193;7;2;2;3;H;36
193;7;3;1;3;T;38
193;8;0;1;0;V;8
193;8;1;4;0;B;40
193;8;2;3;2;H;35
193;8;3;2;1;V;53
193;=;2;42;110;80;20
194;1;0;1;1;A;7
194;1;1;4;1;V;40
194;1;2;3;1;H;22
194;1;3;2;1;8;38
194;2;0;1;2;A;7
194;2;1;4;2;8;34
194;2;2;3;0;T;69
194;2;3;2;2;9;3
194;3;0;1;3;B;58
194;3;1;4;3;7;40
194;3;2;3;3;H;36
194;3;3;2;3;T;3
194;4;0;1;0;A;8
194;4;1;4;1;B;53
194;4;2;3;0;7;36
194;4;3;2;0;9;3
194;5;0;3;1;7;13
194;5;1;4;2;V;53
194;5;2;1;2;7;53
194;5;3;2;3;A;29
194;6;0;2;3;9;58
194;6;1;3;3;V;40
194;6;2;4;2;T;52
194;6;3;1;3;8;38
194;7;0;2;0;H;7
194;7;1;3;1;9;53
194;7;2;4;0;B;36
194;7;3;1;0;8;3
194;8;0;4;1;T;9
194;8;1;3;2;B;53
194;8;2;2;2;H;53
194;8;3;1;0;V;53
194;=;3;86;66;20;10
195;1;0;4;3;H;7
195;1;1;3;3;7;40
195;1;2;2;3;A;6
195;1;3;1;3;8;3
195;2;0;4;3;B;57
195;2;1;3;2;7;53
195;2;2;2;3;9;36
195;2;3;1;3;V;38
195;3;0;4;3;T;55
195;3;1;3;2;B;53
195;3;2;2;0;V;68
195;3;3;1;2;8;53
195;4;0;4;0;7;13
195;4;1;3;0;A;16
195;4;2;2;1;7;53
195;4;3;1;0;9;3
195;5;0;3;0;B;9
195;5;1;4;0;8;40
195;5;2;1;0;H;36
195;5;3;2;1;8;53
195;6;0;1;1;A;7
195;6;1;4;1;H;40
195;6;2;3;1;V;22
195;6;3;2;1;T;3
195;7;0;3;0;T;9
195;7;1;4;2;9;53
195;7;2;1;2;T;68
195;7;3;2;1;B;53
195;8;0;3;1;9;9
195;8;1;4;2;A;53
195;8;2;1;2;H;68
195;8;3;2;2;V;53
195;=;3;85;67;50;0
196;1;0;1;0;A;7
196;1;1;4;0;H;40
196;1;2;3;3;7;69
196;1;3;2;0;7;3
196;2;0;1;3;A;8
196;2;1;4;3;9;34
196;2;2;3;0;B;69
196;2;3;2;3;8;3
196;3;0;1;1;B;58
196;3;1;4;1;A;40
196;3;2;3;1;H;36
196;3;3;2;0;8;53
196;4;0;3;0;T;9
196;4;1;4;2;9;53
196;4;2;1;2;8;68
196;4;3;2;0;9;3
196;5;0;3;2;B;13
196;5;1;4;2;A;40
196;5;2;1;2;7;23
196;5;3;2;2;H;38
196;6;0;4;3;V;5
196;6;1;3;1;8;65
196;6;2;2;3;B;23
196;6;3;1;2;T;53
196;7;0;3;2;V;9
196;7;1;4;3;H;53
196;7;2;1;1;7;35
196;7;3;2;0;V;53
196;8;0;1;1;V;1
196;8;1;4;1;T;40
196;8;2;3;1;9;6
196;8;3;2;3;T;53
196;=;1;135;17;10;0
197;1;0;2;3;T;7
197;1;1;3;3;9;40
197;1;2;4;3;8;22
197;1;3;1;3;V;3
197;2;0;4;1;H;7
197;2;1;3;1;7;40
197;2;2;2;1;B;6
197;2;3;1;1;V;38
197;3;0;2;3;A;8
197;3;1;3;2;V;53
197;3;2;4;3;7;36
197;3;3;1;3;B;38
197;4;0;4;1;A;57
197;4;1;3;3;H;53
197;4;2;2;1;9;36
197;4;3;1;2;8;53
197;5;0;4;0;8;13
197;5;1;3;0;T;40
197;5;2;2;0;7;23
197;5;3;1;0;A;46
197;6;0;3;2;T;7
197;6;1;4;2;B;40
197;6;2;1;2;A;36
197;6;3;2;2;7;3
197;7;0;1;0;H;8
197;7;1;4;0;V;40
197;7;2;3;2;H;53
197;7;3;2;0;9;38
197;8;0;3;1;T;57
197;8;1;4;1;8;40
197;8;2;1;0;B;68
197;8;3;2;2;9;53
197;=;1;67;85;10;60
198;1;0;1;3;H;7
198;1;1;4;3;9;40
198;1;2;3;3;B;6
198;1;3;2;3;8;3
198;2;0;1;3;A;2
198;2;1;4;3;T;40
198;2;2;3;0;V;69
198;2;3;2;3;V;38
198;3;0;1;3;7;56
198;3;1;4;2;9;53
198;3;2;3;0;9;69
198;3;3;2;2;8;53
198;4;0;3;0;A;9
198;4;1;4;1;7;53
198;4;2;1;0;7;4
198;4;3;2;0;8;3
198;5;0;3;1;9;13
198;5;1;4;1;H;40
198;5;2;1;1;8;36
198;5;3;2;1;T;38
198;6;0;4;2;T;9
198;6;1;3;1;B;53
198;6;2;2;2;H;4
198;6;3;1;2;B;3
198;7;0;2;0;T;8
198;7;1;3;1;V;53
198;7;2;4;0;B;36
198;7;3;1;0;H;38
198;8;0;2;2;A;8
198;8;1;3;1;A;53
198;8;2;4;2;7;36
198;8;3;1;2;V;38
198;=;3;76;76;0;30
199;1;0;2;3;A;7
199;1;1;3;3;H;40
199;1;2;4;3;V;36
199;1;3;1;3;7;3
199;2;0;4;0;T;11
199;2;1;3;0;H;34
199;2;2;2;3;T;68
199;2;3;1;0;B;38
199;3;0;4;0;7;13
199;3;1;3;0;A;16
199;3;2;2;1;8;29
199;3;3;1;1;B;29
199;4;0;3;0;V;5
199;4;1;4;1;T;65
199;4;2;1;3;9;53
199;4;3;2;3;8;68
199;5;0;2;1;H;7
199;5;1;3;1;V;40
199;5;2;4;3;B;53
199;5;3;1;2;7;53
199;6;0;2;1;A;56
199;6;1;3;2;9;53
199;6;2;4;2;B;53
199;6;3;1;2;8;53
199;7;0;4;0;9;9
199;7;1;3;2;T;53
199;7;2;2;1;7;35
199;7;3;1;2;V;53
199;8;0;2;1;9;56
199;8;1;3;0;8;53
199;8;2;4;2;H;53
199;8;3;1;2;A;53
199;=;1;31;121;0;50
200;1;0;3;2;A;7
200;1;1;4;2;9;40
200;1;2;1;2;8;4
200;1;3;2;2;B;3
200;2;0;1;0;B;7
200;2;1;4;0;V;34
200;2;2;3;2;H;69
200;2;3;2;0;9;3
200;3;0;1;3;A;8
200;3;1;4;3;9;40
200;3;2;3;3;V;36
200;3;3;2;3;B;3
200;4;0;3;2;7;5
200;4;1;4;0;T;65
200;4;2;1;2;V;36
200;4;3;2;2;T;38
200;5;0;4;3;7;13
200;5;1;3;0;7;65
200;5;2;2;3;T;36
200;5;3;1;3;8;3
200;6;0;3;1;B;13
200;6;1;4;1;T;16
200;6;2;1;1;7;36
200;6;3;2;1;V;24
200;7;0;4;1;8;13
200;7;1;3;1;H;40
200;7;2;2;1;9;36
200;7;3;1;3;H;53
200;8;0;3;0;A;57
200;8;1;4;1;A;53
200;8;2;1;0;8;36
200;8;3;2;0;H;38
200;=;0;114;38;10;20
